schuljahr,abschlussart,geschlecht,schulart,anzahl
1994/95,ohne Hauptschulabschluss,männlich,Grundschulen,-
1994/95,ohne Hauptschulabschluss,männlich,Schularten mit mehreren Bildungsgängen,2317
1994/95,ohne Hauptschulabschluss,männlich,Gymnasien,274
1994/95,ohne Hauptschulabschluss,männlich,Förderschulen,1683
1994/95,ohne Hauptschulabschluss,männlich,Freie Waldorfschulen,-
1994/95,ohne Hauptschulabschluss,männlich,Gemeinschaftsschulen,-
1994/95,ohne Hauptschulabschluss,männlich,Integrierte Gesamtschulen,-
1994/95,ohne Hauptschulabschluss,männlich,Schulen des zweiten Bildungsweges,x
1994/95,ohne Hauptschulabschluss,männlich,außerdem Schulkindergärten entspr.Vorbereitungskl.,-
1995/96,ohne Hauptschulabschluss,männlich,Grundschulen,-
1995/96,ohne Hauptschulabschluss,männlich,Schularten mit mehreren Bildungsgängen,2317
1995/96,ohne Hauptschulabschluss,männlich,Gymnasien,73
1995/96,ohne Hauptschulabschluss,männlich,Förderschulen,1797
1995/96,ohne Hauptschulabschluss,männlich,Freie Waldorfschulen,2
1995/96,ohne Hauptschulabschluss,männlich,Gemeinschaftsschulen,-
1995/96,ohne Hauptschulabschluss,männlich,Integrierte Gesamtschulen,-
1995/96,ohne Hauptschulabschluss,männlich,Schulen des zweiten Bildungsweges,x
1995/96,ohne Hauptschulabschluss,männlich,außerdem Schulkindergärten entspr.Vorbereitungskl.,-
1996/97,ohne Hauptschulabschluss,männlich,Grundschulen,-
1996/97,ohne Hauptschulabschluss,männlich,Schularten mit mehreren Bildungsgängen,2188
1996/97,ohne Hauptschulabschluss,männlich,Gymnasien,81
1996/97,ohne Hauptschulabschluss,männlich,Förderschulen,1768
1996/97,ohne Hauptschulabschluss,männlich,Freie Waldorfschulen,2
1996/97,ohne Hauptschulabschluss,männlich,Gemeinschaftsschulen,-
1996/97,ohne Hauptschulabschluss,männlich,Integrierte Gesamtschulen,-
1996/97,ohne Hauptschulabschluss,männlich,Schulen des zweiten Bildungsweges,x
1996/97,ohne Hauptschulabschluss,männlich,außerdem Schulkindergärten entspr.Vorbereitungskl.,-
1997/98,ohne Hauptschulabschluss,männlich,Grundschulen,-
1997/98,ohne Hauptschulabschluss,männlich,Schularten mit mehreren Bildungsgängen,2204
1997/98,ohne Hauptschulabschluss,männlich,Gymnasien,28
1997/98,ohne Hauptschulabschluss,männlich,Förderschulen,1896
1997/98,ohne Hauptschulabschluss,männlich,Freie Waldorfschulen,9
1997/98,ohne Hauptschulabschluss,männlich,Gemeinschaftsschulen,-
1997/98,ohne Hauptschulabschluss,männlich,Integrierte Gesamtschulen,-
1997/98,ohne Hauptschulabschluss,männlich,Schulen des zweiten Bildungsweges,x
1997/98,ohne Hauptschulabschluss,männlich,außerdem Schulkindergärten entspr.Vorbereitungskl.,-
1998/99,ohne Hauptschulabschluss,männlich,Grundschulen,-
1998/99,ohne Hauptschulabschluss,männlich,Schularten mit mehreren Bildungsgängen,2607
1998/99,ohne Hauptschulabschluss,männlich,Gymnasien,35
1998/99,ohne Hauptschulabschluss,männlich,Förderschulen,2028
1998/99,ohne Hauptschulabschluss,männlich,Freie Waldorfschulen,4
1998/99,ohne Hauptschulabschluss,männlich,Gemeinschaftsschulen,-
1998/99,ohne Hauptschulabschluss,männlich,Integrierte Gesamtschulen,-
1998/99,ohne Hauptschulabschluss,männlich,Schulen des zweiten Bildungsweges,x
1998/99,ohne Hauptschulabschluss,männlich,außerdem Schulkindergärten entspr.Vorbereitungskl.,-
1999/00,ohne Hauptschulabschluss,männlich,Grundschulen,-
1999/00,ohne Hauptschulabschluss,männlich,Schularten mit mehreren Bildungsgängen,2568
1999/00,ohne Hauptschulabschluss,männlich,Gymnasien,61
1999/00,ohne Hauptschulabschluss,männlich,Förderschulen,2209
1999/00,ohne Hauptschulabschluss,männlich,Freie Waldorfschulen,15
1999/00,ohne Hauptschulabschluss,männlich,Gemeinschaftsschulen,-
1999/00,ohne Hauptschulabschluss,männlich,Integrierte Gesamtschulen,-
1999/00,ohne Hauptschulabschluss,männlich,Schulen des zweiten Bildungsweges,x
1999/00,ohne Hauptschulabschluss,männlich,außerdem Schulkindergärten entspr.Vorbereitungskl.,-
2000/01,ohne Hauptschulabschluss,männlich,Grundschulen,-
2000/01,ohne Hauptschulabschluss,männlich,Schularten mit mehreren Bildungsgängen,2431
2000/01,ohne Hauptschulabschluss,männlich,Gymnasien,43
2000/01,ohne Hauptschulabschluss,männlich,Förderschulen,1999
2000/01,ohne Hauptschulabschluss,männlich,Freie Waldorfschulen,9
2000/01,ohne Hauptschulabschluss,männlich,Gemeinschaftsschulen,-
2000/01,ohne Hauptschulabschluss,männlich,Integrierte Gesamtschulen,-
2000/01,ohne Hauptschulabschluss,männlich,Schulen des zweiten Bildungsweges,x
2000/01,ohne Hauptschulabschluss,männlich,außerdem Schulkindergärten entspr.Vorbereitungskl.,-
2001/02,ohne Hauptschulabschluss,männlich,Grundschulen,-
2001/02,ohne Hauptschulabschluss,männlich,Schularten mit mehreren Bildungsgängen,1973
2001/02,ohne Hauptschulabschluss,männlich,Gymnasien,79
2001/02,ohne Hauptschulabschluss,männlich,Förderschulen,1937
2001/02,ohne Hauptschulabschluss,männlich,Freie Waldorfschulen,-
2001/02,ohne Hauptschulabschluss,männlich,Gemeinschaftsschulen,-
2001/02,ohne Hauptschulabschluss,männlich,Integrierte Gesamtschulen,-
2001/02,ohne Hauptschulabschluss,männlich,Schulen des zweiten Bildungsweges,x
2001/02,ohne Hauptschulabschluss,männlich,außerdem Schulkindergärten entspr.Vorbereitungskl.,-
2002/03,ohne Hauptschulabschluss,männlich,Grundschulen,-
2002/03,ohne Hauptschulabschluss,männlich,Schularten mit mehreren Bildungsgängen,1827
2002/03,ohne Hauptschulabschluss,männlich,Gymnasien,18
2002/03,ohne Hauptschulabschluss,männlich,Förderschulen,1853
2002/03,ohne Hauptschulabschluss,männlich,Freie Waldorfschulen,-
2002/03,ohne Hauptschulabschluss,männlich,Gemeinschaftsschulen,-
2002/03,ohne Hauptschulabschluss,männlich,Integrierte Gesamtschulen,-
2002/03,ohne Hauptschulabschluss,männlich,Schulen des zweiten Bildungsweges,x
2002/03,ohne Hauptschulabschluss,männlich,außerdem Schulkindergärten entspr.Vorbereitungskl.,-
2003/04,ohne Hauptschulabschluss,männlich,Grundschulen,-
2003/04,ohne Hauptschulabschluss,männlich,Schularten mit mehreren Bildungsgängen,1529
2003/04,ohne Hauptschulabschluss,männlich,Gymnasien,7
2003/04,ohne Hauptschulabschluss,männlich,Förderschulen,1872
2003/04,ohne Hauptschulabschluss,männlich,Freie Waldorfschulen,2
2003/04,ohne Hauptschulabschluss,männlich,Gemeinschaftsschulen,-
2003/04,ohne Hauptschulabschluss,männlich,Integrierte Gesamtschulen,-
2003/04,ohne Hauptschulabschluss,männlich,Schulen des zweiten Bildungsweges,x
2003/04,ohne Hauptschulabschluss,männlich,außerdem Schulkindergärten entspr.Vorbereitungskl.,-
2004/05,ohne Hauptschulabschluss,männlich,Grundschulen,-
2004/05,ohne Hauptschulabschluss,männlich,Schularten mit mehreren Bildungsgängen,1343
2004/05,ohne Hauptschulabschluss,männlich,Gymnasien,25
2004/05,ohne Hauptschulabschluss,männlich,Förderschulen,1812
2004/05,ohne Hauptschulabschluss,männlich,Freie Waldorfschulen,-
2004/05,ohne Hauptschulabschluss,männlich,Gemeinschaftsschulen,-
2004/05,ohne Hauptschulabschluss,männlich,Integrierte Gesamtschulen,-
2004/05,ohne Hauptschulabschluss,männlich,Schulen des zweiten Bildungsweges,x
2004/05,ohne Hauptschulabschluss,männlich,außerdem Schulkindergärten entspr.Vorbereitungskl.,-
2005/06,ohne Hauptschulabschluss,männlich,Grundschulen,-
2005/06,ohne Hauptschulabschluss,männlich,Schularten mit mehreren Bildungsgängen,1156
2005/06,ohne Hauptschulabschluss,männlich,Gymnasien,27
2005/06,ohne Hauptschulabschluss,männlich,Förderschulen,1630
2005/06,ohne Hauptschulabschluss,männlich,Freie Waldorfschulen,-
2005/06,ohne Hauptschulabschluss,männlich,Gemeinschaftsschulen,-
2005/06,ohne Hauptschulabschluss,männlich,Integrierte Gesamtschulen,-
2005/06,ohne Hauptschulabschluss,männlich,Schulen des zweiten Bildungsweges,x
2005/06,ohne Hauptschulabschluss,männlich,außerdem Schulkindergärten entspr.Vorbereitungskl.,-
2006/07,ohne Hauptschulabschluss,männlich,Grundschulen,-
2006/07,ohne Hauptschulabschluss,männlich,Schularten mit mehreren Bildungsgängen,883
2006/07,ohne Hauptschulabschluss,männlich,Gymnasien,6
2006/07,ohne Hauptschulabschluss,männlich,Förderschulen,1485
2006/07,ohne Hauptschulabschluss,männlich,Freie Waldorfschulen,3
2006/07,ohne Hauptschulabschluss,männlich,Gemeinschaftsschulen,-
2006/07,ohne Hauptschulabschluss,männlich,Integrierte Gesamtschulen,-
2006/07,ohne Hauptschulabschluss,männlich,Schulen des zweiten Bildungsweges,x
2006/07,ohne Hauptschulabschluss,männlich,außerdem Schulkindergärten entspr.Vorbereitungskl.,-
2007/08,ohne Hauptschulabschluss,männlich,Grundschulen,-
2007/08,ohne Hauptschulabschluss,männlich,Schularten mit mehreren Bildungsgängen,715
2007/08,ohne Hauptschulabschluss,männlich,Gymnasien,10
2007/08,ohne Hauptschulabschluss,männlich,Förderschulen,1269
2007/08,ohne Hauptschulabschluss,männlich,Freie Waldorfschulen,-
2007/08,ohne Hauptschulabschluss,männlich,Gemeinschaftsschulen,-
2007/08,ohne Hauptschulabschluss,männlich,Integrierte Gesamtschulen,-
2007/08,ohne Hauptschulabschluss,männlich,Schulen des zweiten Bildungsweges,x
2007/08,ohne Hauptschulabschluss,männlich,außerdem Schulkindergärten entspr.Vorbereitungskl.,-
2008/09,ohne Hauptschulabschluss,männlich,Grundschulen,-
2008/09,ohne Hauptschulabschluss,männlich,Schularten mit mehreren Bildungsgängen,538
2008/09,ohne Hauptschulabschluss,männlich,Gymnasien,-
2008/09,ohne Hauptschulabschluss,männlich,Förderschulen,1107
2008/09,ohne Hauptschulabschluss,männlich,Freie Waldorfschulen,-
2008/09,ohne Hauptschulabschluss,männlich,Gemeinschaftsschulen,-
2008/09,ohne Hauptschulabschluss,männlich,Integrierte Gesamtschulen,-
2008/09,ohne Hauptschulabschluss,männlich,Schulen des zweiten Bildungsweges,x
2008/09,ohne Hauptschulabschluss,männlich,außerdem Schulkindergärten entspr.Vorbereitungskl.,-
2009/10,ohne Hauptschulabschluss,männlich,Grundschulen,-
2009/10,ohne Hauptschulabschluss,männlich,Schularten mit mehreren Bildungsgängen,446
2009/10,ohne Hauptschulabschluss,männlich,Gymnasien,2
2009/10,ohne Hauptschulabschluss,männlich,Förderschulen,964
2009/10,ohne Hauptschulabschluss,männlich,Freie Waldorfschulen,-
2009/10,ohne Hauptschulabschluss,männlich,Gemeinschaftsschulen,-
2009/10,ohne Hauptschulabschluss,männlich,Integrierte Gesamtschulen,-
2009/10,ohne Hauptschulabschluss,männlich,Schulen des zweiten Bildungsweges,x
2009/10,ohne Hauptschulabschluss,männlich,außerdem Schulkindergärten entspr.Vorbereitungskl.,-
2010/11,ohne Hauptschulabschluss,männlich,Grundschulen,-
2010/11,ohne Hauptschulabschluss,männlich,Schularten mit mehreren Bildungsgängen,438
2010/11,ohne Hauptschulabschluss,männlich,Gymnasien,1
2010/11,ohne Hauptschulabschluss,männlich,Förderschulen,955
2010/11,ohne Hauptschulabschluss,männlich,Freie Waldorfschulen,2
2010/11,ohne Hauptschulabschluss,männlich,Gemeinschaftsschulen,-
2010/11,ohne Hauptschulabschluss,männlich,Integrierte Gesamtschulen,-
2010/11,ohne Hauptschulabschluss,männlich,Schulen des zweiten Bildungsweges,x
2010/11,ohne Hauptschulabschluss,männlich,außerdem Schulkindergärten entspr.Vorbereitungskl.,-
2011/12,ohne Hauptschulabschluss,männlich,Grundschulen,-
2011/12,ohne Hauptschulabschluss,männlich,Schularten mit mehreren Bildungsgängen,443
2011/12,ohne Hauptschulabschluss,männlich,Gymnasien,1
2011/12,ohne Hauptschulabschluss,männlich,Förderschulen,918
2011/12,ohne Hauptschulabschluss,männlich,Freie Waldorfschulen,-
2011/12,ohne Hauptschulabschluss,männlich,Gemeinschaftsschulen,-
2011/12,ohne Hauptschulabschluss,männlich,Integrierte Gesamtschulen,-
2011/12,ohne Hauptschulabschluss,männlich,Schulen des zweiten Bildungsweges,x
2011/12,ohne Hauptschulabschluss,männlich,außerdem Schulkindergärten entspr.Vorbereitungskl.,-
2012/13,ohne Hauptschulabschluss,männlich,Grundschulen,-
2012/13,ohne Hauptschulabschluss,männlich,Schularten mit mehreren Bildungsgängen,457
2012/13,ohne Hauptschulabschluss,männlich,Gymnasien,-
2012/13,ohne Hauptschulabschluss,männlich,Förderschulen,1110
2012/13,ohne Hauptschulabschluss,männlich,Freie Waldorfschulen,-
2012/13,ohne Hauptschulabschluss,männlich,Gemeinschaftsschulen,-
2012/13,ohne Hauptschulabschluss,männlich,Integrierte Gesamtschulen,-
2012/13,ohne Hauptschulabschluss,männlich,Schulen des zweiten Bildungsweges,x
2012/13,ohne Hauptschulabschluss,männlich,außerdem Schulkindergärten entspr.Vorbereitungskl.,-
2013/14,ohne Hauptschulabschluss,männlich,Grundschulen,-
2013/14,ohne Hauptschulabschluss,männlich,Schularten mit mehreren Bildungsgängen,531
2013/14,ohne Hauptschulabschluss,männlich,Gymnasien,1
2013/14,ohne Hauptschulabschluss,männlich,Förderschulen,905
2013/14,ohne Hauptschulabschluss,männlich,Freie Waldorfschulen,-
2013/14,ohne Hauptschulabschluss,männlich,Gemeinschaftsschulen,-
2013/14,ohne Hauptschulabschluss,männlich,Integrierte Gesamtschulen,-
2013/14,ohne Hauptschulabschluss,männlich,Schulen des zweiten Bildungsweges,x
2013/14,ohne Hauptschulabschluss,männlich,außerdem Schulkindergärten entspr.Vorbereitungskl.,-
2014/15,ohne Hauptschulabschluss,männlich,Grundschulen,-
2014/15,ohne Hauptschulabschluss,männlich,Schularten mit mehreren Bildungsgängen,473
2014/15,ohne Hauptschulabschluss,männlich,Gymnasien,3
2014/15,ohne Hauptschulabschluss,männlich,Förderschulen,934
2014/15,ohne Hauptschulabschluss,männlich,Freie Waldorfschulen,2
2014/15,ohne Hauptschulabschluss,männlich,Gemeinschaftsschulen,-
2014/15,ohne Hauptschulabschluss,männlich,Integrierte Gesamtschulen,-
2014/15,ohne Hauptschulabschluss,männlich,Schulen des zweiten Bildungsweges,x
2014/15,ohne Hauptschulabschluss,männlich,außerdem Schulkindergärten entspr.Vorbereitungskl.,-
2015/16,ohne Hauptschulabschluss,männlich,Grundschulen,-
2015/16,ohne Hauptschulabschluss,männlich,Schularten mit mehreren Bildungsgängen,547
2015/16,ohne Hauptschulabschluss,männlich,Gymnasien,3
2015/16,ohne Hauptschulabschluss,männlich,Förderschulen,1019
2015/16,ohne Hauptschulabschluss,männlich,Freie Waldorfschulen,1
2015/16,ohne Hauptschulabschluss,männlich,Gemeinschaftsschulen,-
2015/16,ohne Hauptschulabschluss,männlich,Integrierte Gesamtschulen,-
2015/16,ohne Hauptschulabschluss,männlich,Schulen des zweiten Bildungsweges,x
2015/16,ohne Hauptschulabschluss,männlich,außerdem Schulkindergärten entspr.Vorbereitungskl.,-
2016/17,ohne Hauptschulabschluss,männlich,Grundschulen,-
2016/17,ohne Hauptschulabschluss,männlich,Schularten mit mehreren Bildungsgängen,647
2016/17,ohne Hauptschulabschluss,männlich,Gymnasien,1
2016/17,ohne Hauptschulabschluss,männlich,Förderschulen,929
2016/17,ohne Hauptschulabschluss,männlich,Freie Waldorfschulen,2
2016/17,ohne Hauptschulabschluss,männlich,Gemeinschaftsschulen,-
2016/17,ohne Hauptschulabschluss,männlich,Integrierte Gesamtschulen,-
2016/17,ohne Hauptschulabschluss,männlich,Schulen des zweiten Bildungsweges,x
2016/17,ohne Hauptschulabschluss,männlich,außerdem Schulkindergärten entspr.Vorbereitungskl.,-
2017/18,ohne Hauptschulabschluss,männlich,Grundschulen,-
2017/18,ohne Hauptschulabschluss,männlich,Schularten mit mehreren Bildungsgängen,704
2017/18,ohne Hauptschulabschluss,männlich,Gymnasien,-
2017/18,ohne Hauptschulabschluss,männlich,Förderschulen,955
2017/18,ohne Hauptschulabschluss,männlich,Freie Waldorfschulen,1
2017/18,ohne Hauptschulabschluss,männlich,Gemeinschaftsschulen,-
2017/18,ohne Hauptschulabschluss,männlich,Integrierte Gesamtschulen,-
2017/18,ohne Hauptschulabschluss,männlich,Schulen des zweiten Bildungsweges,x
2017/18,ohne Hauptschulabschluss,männlich,außerdem Schulkindergärten entspr.Vorbereitungskl.,-
2018/19,ohne Hauptschulabschluss,männlich,Grundschulen,-
2018/19,ohne Hauptschulabschluss,männlich,Schularten mit mehreren Bildungsgängen,736
2018/19,ohne Hauptschulabschluss,männlich,Gymnasien,9
2018/19,ohne Hauptschulabschluss,männlich,Förderschulen,929
2018/19,ohne Hauptschulabschluss,männlich,Freie Waldorfschulen,-
2018/19,ohne Hauptschulabschluss,männlich,Gemeinschaftsschulen,-
2018/19,ohne Hauptschulabschluss,männlich,Integrierte Gesamtschulen,-
2018/19,ohne Hauptschulabschluss,männlich,Schulen des zweiten Bildungsweges,x
2018/19,ohne Hauptschulabschluss,männlich,außerdem Schulkindergärten entspr.Vorbereitungskl.,-
2019/20,ohne Hauptschulabschluss,männlich,Grundschulen,-
2019/20,ohne Hauptschulabschluss,männlich,Schularten mit mehreren Bildungsgängen,563
2019/20,ohne Hauptschulabschluss,männlich,Gymnasien,14
2019/20,ohne Hauptschulabschluss,männlich,Förderschulen,939
2019/20,ohne Hauptschulabschluss,männlich,Freie Waldorfschulen,2
2019/20,ohne Hauptschulabschluss,männlich,Gemeinschaftsschulen,-
2019/20,ohne Hauptschulabschluss,männlich,Integrierte Gesamtschulen,-
2019/20,ohne Hauptschulabschluss,männlich,Schulen des zweiten Bildungsweges,x
2019/20,ohne Hauptschulabschluss,männlich,außerdem Schulkindergärten entspr.Vorbereitungskl.,-
2020/21,ohne Hauptschulabschluss,männlich,Grundschulen,-
2020/21,ohne Hauptschulabschluss,männlich,Schularten mit mehreren Bildungsgängen,571
2020/21,ohne Hauptschulabschluss,männlich,Gymnasien,127
2020/21,ohne Hauptschulabschluss,männlich,Förderschulen,943
2020/21,ohne Hauptschulabschluss,männlich,Freie Waldorfschulen,6
2020/21,ohne Hauptschulabschluss,männlich,Gemeinschaftsschulen,-
2020/21,ohne Hauptschulabschluss,männlich,Integrierte Gesamtschulen,-
2020/21,ohne Hauptschulabschluss,männlich,Schulen des zweiten Bildungsweges,x
2020/21,ohne Hauptschulabschluss,männlich,außerdem Schulkindergärten entspr.Vorbereitungskl.,-
2021/22,ohne Hauptschulabschluss,männlich,Grundschulen,-
2021/22,ohne Hauptschulabschluss,männlich,Schularten mit mehreren Bildungsgängen,684
2021/22,ohne Hauptschulabschluss,männlich,Gymnasien,24
2021/22,ohne Hauptschulabschluss,männlich,Förderschulen,989
2021/22,ohne Hauptschulabschluss,männlich,Freie Waldorfschulen,-
2021/22,ohne Hauptschulabschluss,männlich,Gemeinschaftsschulen,-
2021/22,ohne Hauptschulabschluss,männlich,Integrierte Gesamtschulen,-
2021/22,ohne Hauptschulabschluss,männlich,Schulen des zweiten Bildungsweges,x
2021/22,ohne Hauptschulabschluss,männlich,außerdem Schulkindergärten entspr.Vorbereitungskl.,-
2022/23,ohne Hauptschulabschluss,männlich,Grundschulen,-
2022/23,ohne Hauptschulabschluss,männlich,Schularten mit mehreren Bildungsgängen,652
2022/23,ohne Hauptschulabschluss,männlich,Gymnasien,22
2022/23,ohne Hauptschulabschluss,männlich,Förderschulen,997
2022/23,ohne Hauptschulabschluss,männlich,Freie Waldorfschulen,3
2022/23,ohne Hauptschulabschluss,männlich,Gemeinschaftsschulen,-
2022/23,ohne Hauptschulabschluss,männlich,Integrierte Gesamtschulen,-
2022/23,ohne Hauptschulabschluss,männlich,Schulen des zweiten Bildungsweges,x
2022/23,ohne Hauptschulabschluss,männlich,außerdem Schulkindergärten entspr.Vorbereitungskl.,-
2023/24,ohne Hauptschulabschluss,männlich,Grundschulen,-
2023/24,ohne Hauptschulabschluss,männlich,Schularten mit mehreren Bildungsgängen,847
2023/24,ohne Hauptschulabschluss,männlich,Gymnasien,13
2023/24,ohne Hauptschulabschluss,männlich,Förderschulen,957
2023/24,ohne Hauptschulabschluss,männlich,Freie Waldorfschulen,1
2023/24,ohne Hauptschulabschluss,männlich,Gemeinschaftsschulen,-
2023/24,ohne Hauptschulabschluss,männlich,Integrierte Gesamtschulen,1
2023/24,ohne Hauptschulabschluss,männlich,Schulen des zweiten Bildungsweges,x
2023/24,ohne Hauptschulabschluss,männlich,außerdem Schulkindergärten entspr.Vorbereitungskl.,-
2024/25,ohne Hauptschulabschluss,männlich,Grundschulen,-
2024/25,ohne Hauptschulabschluss,männlich,Schularten mit mehreren Bildungsgängen,909
2024/25,ohne Hauptschulabschluss,männlich,Gymnasien,13
2024/25,ohne Hauptschulabschluss,männlich,Förderschulen,998
2024/25,ohne Hauptschulabschluss,männlich,Freie Waldorfschulen,2
2024/25,ohne Hauptschulabschluss,männlich,Gemeinschaftsschulen,-
2024/25,ohne Hauptschulabschluss,männlich,Integrierte Gesamtschulen,-
2024/25,ohne Hauptschulabschluss,männlich,Schulen des zweiten Bildungsweges,x
2024/25,ohne Hauptschulabschluss,männlich,außerdem Schulkindergärten entspr.Vorbereitungskl.,-
1994/95,ohne Hauptschulabschluss,weiblich,Grundschulen,-
1994/95,ohne Hauptschulabschluss,weiblich,Schularten mit mehreren Bildungsgängen,826
1994/95,ohne Hauptschulabschluss,weiblich,Gymnasien,368
1994/95,ohne Hauptschulabschluss,weiblich,Förderschulen,816
1994/95,ohne Hauptschulabschluss,weiblich,Freie Waldorfschulen,2
1994/95,ohne Hauptschulabschluss,weiblich,Gemeinschaftsschulen,-
1994/95,ohne Hauptschulabschluss,weiblich,Integrierte Gesamtschulen,-
1994/95,ohne Hauptschulabschluss,weiblich,Schulen des zweiten Bildungsweges,x
1994/95,ohne Hauptschulabschluss,weiblich,außerdem Schulkindergärten entspr.Vorbereitungskl.,-
1995/96,ohne Hauptschulabschluss,weiblich,Grundschulen,-
1995/96,ohne Hauptschulabschluss,weiblich,Schularten mit mehreren Bildungsgängen,815
1995/96,ohne Hauptschulabschluss,weiblich,Gymnasien,131
1995/96,ohne Hauptschulabschluss,weiblich,Förderschulen,839
1995/96,ohne Hauptschulabschluss,weiblich,Freie Waldorfschulen,1
1995/96,ohne Hauptschulabschluss,weiblich,Gemeinschaftsschulen,-
1995/96,ohne Hauptschulabschluss,weiblich,Integrierte Gesamtschulen,-
1995/96,ohne Hauptschulabschluss,weiblich,Schulen des zweiten Bildungsweges,x
1995/96,ohne Hauptschulabschluss,weiblich,außerdem Schulkindergärten entspr.Vorbereitungskl.,-
1996/97,ohne Hauptschulabschluss,weiblich,Grundschulen,-
1996/97,ohne Hauptschulabschluss,weiblich,Schularten mit mehreren Bildungsgängen,830
1996/97,ohne Hauptschulabschluss,weiblich,Gymnasien,94
1996/97,ohne Hauptschulabschluss,weiblich,Förderschulen,888
1996/97,ohne Hauptschulabschluss,weiblich,Freie Waldorfschulen,5
1996/97,ohne Hauptschulabschluss,weiblich,Gemeinschaftsschulen,-
1996/97,ohne Hauptschulabschluss,weiblich,Integrierte Gesamtschulen,-
1996/97,ohne Hauptschulabschluss,weiblich,Schulen des zweiten Bildungsweges,x
1996/97,ohne Hauptschulabschluss,weiblich,außerdem Schulkindergärten entspr.Vorbereitungskl.,-
1997/98,ohne Hauptschulabschluss,weiblich,Grundschulen,-
1997/98,ohne Hauptschulabschluss,weiblich,Schularten mit mehreren Bildungsgängen,852
1997/98,ohne Hauptschulabschluss,weiblich,Gymnasien,30
1997/98,ohne Hauptschulabschluss,weiblich,Förderschulen,1071
1997/98,ohne Hauptschulabschluss,weiblich,Freie Waldorfschulen,3
1997/98,ohne Hauptschulabschluss,weiblich,Gemeinschaftsschulen,-
1997/98,ohne Hauptschulabschluss,weiblich,Integrierte Gesamtschulen,-
1997/98,ohne Hauptschulabschluss,weiblich,Schulen des zweiten Bildungsweges,x
1997/98,ohne Hauptschulabschluss,weiblich,außerdem Schulkindergärten entspr.Vorbereitungskl.,-
1998/99,ohne Hauptschulabschluss,weiblich,Grundschulen,-
1998/99,ohne Hauptschulabschluss,weiblich,Schularten mit mehreren Bildungsgängen,1297
1998/99,ohne Hauptschulabschluss,weiblich,Gymnasien,19
1998/99,ohne Hauptschulabschluss,weiblich,Förderschulen,1058
1998/99,ohne Hauptschulabschluss,weiblich,Freie Waldorfschulen,4
1998/99,ohne Hauptschulabschluss,weiblich,Gemeinschaftsschulen,-
1998/99,ohne Hauptschulabschluss,weiblich,Integrierte Gesamtschulen,-
1998/99,ohne Hauptschulabschluss,weiblich,Schulen des zweiten Bildungsweges,x
1998/99,ohne Hauptschulabschluss,weiblich,außerdem Schulkindergärten entspr.Vorbereitungskl.,-
1999/00,ohne Hauptschulabschluss,weiblich,Grundschulen,-
1999/00,ohne Hauptschulabschluss,weiblich,Schularten mit mehreren Bildungsgängen,1279
1999/00,ohne Hauptschulabschluss,weiblich,Gymnasien,65
1999/00,ohne Hauptschulabschluss,weiblich,Förderschulen,1130
1999/00,ohne Hauptschulabschluss,weiblich,Freie Waldorfschulen,2
1999/00,ohne Hauptschulabschluss,weiblich,Gemeinschaftsschulen,-
1999/00,ohne Hauptschulabschluss,weiblich,Integrierte Gesamtschulen,-
1999/00,ohne Hauptschulabschluss,weiblich,Schulen des zweiten Bildungsweges,x
1999/00,ohne Hauptschulabschluss,weiblich,außerdem Schulkindergärten entspr.Vorbereitungskl.,-
2000/01,ohne Hauptschulabschluss,weiblich,Grundschulen,-
2000/01,ohne Hauptschulabschluss,weiblich,Schularten mit mehreren Bildungsgängen,1151
2000/01,ohne Hauptschulabschluss,weiblich,Gymnasien,34
2000/01,ohne Hauptschulabschluss,weiblich,Förderschulen,1132
2000/01,ohne Hauptschulabschluss,weiblich,Freie Waldorfschulen,2
2000/01,ohne Hauptschulabschluss,weiblich,Gemeinschaftsschulen,-
2000/01,ohne Hauptschulabschluss,weiblich,Integrierte Gesamtschulen,-
2000/01,ohne Hauptschulabschluss,weiblich,Schulen des zweiten Bildungsweges,x
2000/01,ohne Hauptschulabschluss,weiblich,außerdem Schulkindergärten entspr.Vorbereitungskl.,-
2001/02,ohne Hauptschulabschluss,weiblich,Grundschulen,-
2001/02,ohne Hauptschulabschluss,weiblich,Schularten mit mehreren Bildungsgängen,841
2001/02,ohne Hauptschulabschluss,weiblich,Gymnasien,78
2001/02,ohne Hauptschulabschluss,weiblich,Förderschulen,1042
2001/02,ohne Hauptschulabschluss,weiblich,Freie Waldorfschulen,1
2001/02,ohne Hauptschulabschluss,weiblich,Gemeinschaftsschulen,-
2001/02,ohne Hauptschulabschluss,weiblich,Integrierte Gesamtschulen,-
2001/02,ohne Hauptschulabschluss,weiblich,Schulen des zweiten Bildungsweges,x
2001/02,ohne Hauptschulabschluss,weiblich,außerdem Schulkindergärten entspr.Vorbereitungskl.,-
2002/03,ohne Hauptschulabschluss,weiblich,Grundschulen,-
2002/03,ohne Hauptschulabschluss,weiblich,Schularten mit mehreren Bildungsgängen,860
2002/03,ohne Hauptschulabschluss,weiblich,Gymnasien,15
2002/03,ohne Hauptschulabschluss,weiblich,Förderschulen,1024
2002/03,ohne Hauptschulabschluss,weiblich,Freie Waldorfschulen,2
2002/03,ohne Hauptschulabschluss,weiblich,Gemeinschaftsschulen,-
2002/03,ohne Hauptschulabschluss,weiblich,Integrierte Gesamtschulen,-
2002/03,ohne Hauptschulabschluss,weiblich,Schulen des zweiten Bildungsweges,x
2002/03,ohne Hauptschulabschluss,weiblich,außerdem Schulkindergärten entspr.Vorbereitungskl.,-
2003/04,ohne Hauptschulabschluss,weiblich,Grundschulen,-
2003/04,ohne Hauptschulabschluss,weiblich,Schularten mit mehreren Bildungsgängen,698
2003/04,ohne Hauptschulabschluss,weiblich,Gymnasien,18
2003/04,ohne Hauptschulabschluss,weiblich,Förderschulen,1024
2003/04,ohne Hauptschulabschluss,weiblich,Freie Waldorfschulen,2
2003/04,ohne Hauptschulabschluss,weiblich,Gemeinschaftsschulen,-
2003/04,ohne Hauptschulabschluss,weiblich,Integrierte Gesamtschulen,-
2003/04,ohne Hauptschulabschluss,weiblich,Schulen des zweiten Bildungsweges,x
2003/04,ohne Hauptschulabschluss,weiblich,außerdem Schulkindergärten entspr.Vorbereitungskl.,-
2004/05,ohne Hauptschulabschluss,weiblich,Grundschulen,-
2004/05,ohne Hauptschulabschluss,weiblich,Schularten mit mehreren Bildungsgängen,603
2004/05,ohne Hauptschulabschluss,weiblich,Gymnasien,26
2004/05,ohne Hauptschulabschluss,weiblich,Förderschulen,1020
2004/05,ohne Hauptschulabschluss,weiblich,Freie Waldorfschulen,1
2004/05,ohne Hauptschulabschluss,weiblich,Gemeinschaftsschulen,-
2004/05,ohne Hauptschulabschluss,weiblich,Integrierte Gesamtschulen,-
2004/05,ohne Hauptschulabschluss,weiblich,Schulen des zweiten Bildungsweges,x
2004/05,ohne Hauptschulabschluss,weiblich,außerdem Schulkindergärten entspr.Vorbereitungskl.,-
2005/06,ohne Hauptschulabschluss,weiblich,Grundschulen,-
2005/06,ohne Hauptschulabschluss,weiblich,Schularten mit mehreren Bildungsgängen,574
2005/06,ohne Hauptschulabschluss,weiblich,Gymnasien,25
2005/06,ohne Hauptschulabschluss,weiblich,Förderschulen,903
2005/06,ohne Hauptschulabschluss,weiblich,Freie Waldorfschulen,1
2005/06,ohne Hauptschulabschluss,weiblich,Gemeinschaftsschulen,-
2005/06,ohne Hauptschulabschluss,weiblich,Integrierte Gesamtschulen,-
2005/06,ohne Hauptschulabschluss,weiblich,Schulen des zweiten Bildungsweges,x
2005/06,ohne Hauptschulabschluss,weiblich,außerdem Schulkindergärten entspr.Vorbereitungskl.,-
2006/07,ohne Hauptschulabschluss,weiblich,Grundschulen,-
2006/07,ohne Hauptschulabschluss,weiblich,Schularten mit mehreren Bildungsgängen,455
2006/07,ohne Hauptschulabschluss,weiblich,Gymnasien,1
2006/07,ohne Hauptschulabschluss,weiblich,Förderschulen,909
2006/07,ohne Hauptschulabschluss,weiblich,Freie Waldorfschulen,2
2006/07,ohne Hauptschulabschluss,weiblich,Gemeinschaftsschulen,-
2006/07,ohne Hauptschulabschluss,weiblich,Integrierte Gesamtschulen,-
2006/07,ohne Hauptschulabschluss,weiblich,Schulen des zweiten Bildungsweges,x
2006/07,ohne Hauptschulabschluss,weiblich,außerdem Schulkindergärten entspr.Vorbereitungskl.,-
2007/08,ohne Hauptschulabschluss,weiblich,Grundschulen,-
2007/08,ohne Hauptschulabschluss,weiblich,Schularten mit mehreren Bildungsgängen,355
2007/08,ohne Hauptschulabschluss,weiblich,Gymnasien,7
2007/08,ohne Hauptschulabschluss,weiblich,Förderschulen,778
2007/08,ohne Hauptschulabschluss,weiblich,Freie Waldorfschulen,-
2007/08,ohne Hauptschulabschluss,weiblich,Gemeinschaftsschulen,-
2007/08,ohne Hauptschulabschluss,weiblich,Integrierte Gesamtschulen,-
2007/08,ohne Hauptschulabschluss,weiblich,Schulen des zweiten Bildungsweges,x
2007/08,ohne Hauptschulabschluss,weiblich,außerdem Schulkindergärten entspr.Vorbereitungskl.,-
2008/09,ohne Hauptschulabschluss,weiblich,Grundschulen,-
2008/09,ohne Hauptschulabschluss,weiblich,Schularten mit mehreren Bildungsgängen,314
2008/09,ohne Hauptschulabschluss,weiblich,Gymnasien,4
2008/09,ohne Hauptschulabschluss,weiblich,Förderschulen,727
2008/09,ohne Hauptschulabschluss,weiblich,Freie Waldorfschulen,-
2008/09,ohne Hauptschulabschluss,weiblich,Gemeinschaftsschulen,-
2008/09,ohne Hauptschulabschluss,weiblich,Integrierte Gesamtschulen,-
2008/09,ohne Hauptschulabschluss,weiblich,Schulen des zweiten Bildungsweges,x
2008/09,ohne Hauptschulabschluss,weiblich,außerdem Schulkindergärten entspr.Vorbereitungskl.,-
2009/10,ohne Hauptschulabschluss,weiblich,Grundschulen,-
2009/10,ohne Hauptschulabschluss,weiblich,Schularten mit mehreren Bildungsgängen,296
2009/10,ohne Hauptschulabschluss,weiblich,Gymnasien,-
2009/10,ohne Hauptschulabschluss,weiblich,Förderschulen,633
2009/10,ohne Hauptschulabschluss,weiblich,Freie Waldorfschulen,-
2009/10,ohne Hauptschulabschluss,weiblich,Gemeinschaftsschulen,-
2009/10,ohne Hauptschulabschluss,weiblich,Integrierte Gesamtschulen,-
2009/10,ohne Hauptschulabschluss,weiblich,Schulen des zweiten Bildungsweges,x
2009/10,ohne Hauptschulabschluss,weiblich,außerdem Schulkindergärten entspr.Vorbereitungskl.,-
2010/11,ohne Hauptschulabschluss,weiblich,Grundschulen,-
2010/11,ohne Hauptschulabschluss,weiblich,Schularten mit mehreren Bildungsgängen,274
2010/11,ohne Hauptschulabschluss,weiblich,Gymnasien,-
2010/11,ohne Hauptschulabschluss,weiblich,Förderschulen,589
2010/11,ohne Hauptschulabschluss,weiblich,Freie Waldorfschulen,-
2010/11,ohne Hauptschulabschluss,weiblich,Gemeinschaftsschulen,-
2010/11,ohne Hauptschulabschluss,weiblich,Integrierte Gesamtschulen,-
2010/11,ohne Hauptschulabschluss,weiblich,Schulen des zweiten Bildungsweges,x
2010/11,ohne Hauptschulabschluss,weiblich,außerdem Schulkindergärten entspr.Vorbereitungskl.,-
2011/12,ohne Hauptschulabschluss,weiblich,Grundschulen,-
2011/12,ohne Hauptschulabschluss,weiblich,Schularten mit mehreren Bildungsgängen,271
2011/12,ohne Hauptschulabschluss,weiblich,Gymnasien,1
2011/12,ohne Hauptschulabschluss,weiblich,Förderschulen,654
2011/12,ohne Hauptschulabschluss,weiblich,Freie Waldorfschulen,-
2011/12,ohne Hauptschulabschluss,weiblich,Gemeinschaftsschulen,-
2011/12,ohne Hauptschulabschluss,weiblich,Integrierte Gesamtschulen,-
2011/12,ohne Hauptschulabschluss,weiblich,Schulen des zweiten Bildungsweges,x
2011/12,ohne Hauptschulabschluss,weiblich,außerdem Schulkindergärten entspr.Vorbereitungskl.,-
2012/13,ohne Hauptschulabschluss,weiblich,Grundschulen,-
2012/13,ohne Hauptschulabschluss,weiblich,Schularten mit mehreren Bildungsgängen,291
2012/13,ohne Hauptschulabschluss,weiblich,Gymnasien,-
2012/13,ohne Hauptschulabschluss,weiblich,Förderschulen,741
2012/13,ohne Hauptschulabschluss,weiblich,Freie Waldorfschulen,-
2012/13,ohne Hauptschulabschluss,weiblich,Gemeinschaftsschulen,-
2012/13,ohne Hauptschulabschluss,weiblich,Integrierte Gesamtschulen,-
2012/13,ohne Hauptschulabschluss,weiblich,Schulen des zweiten Bildungsweges,x
2012/13,ohne Hauptschulabschluss,weiblich,außerdem Schulkindergärten entspr.Vorbereitungskl.,-
2013/14,ohne Hauptschulabschluss,weiblich,Grundschulen,-
2013/14,ohne Hauptschulabschluss,weiblich,Schularten mit mehreren Bildungsgängen,306
2013/14,ohne Hauptschulabschluss,weiblich,Gymnasien,1
2013/14,ohne Hauptschulabschluss,weiblich,Förderschulen,604
2013/14,ohne Hauptschulabschluss,weiblich,Freie Waldorfschulen,-
2013/14,ohne Hauptschulabschluss,weiblich,Gemeinschaftsschulen,-
2013/14,ohne Hauptschulabschluss,weiblich,Integrierte Gesamtschulen,-
2013/14,ohne Hauptschulabschluss,weiblich,Schulen des zweiten Bildungsweges,x
2013/14,ohne Hauptschulabschluss,weiblich,außerdem Schulkindergärten entspr.Vorbereitungskl.,-
2014/15,ohne Hauptschulabschluss,weiblich,Grundschulen,-
2014/15,ohne Hauptschulabschluss,weiblich,Schularten mit mehreren Bildungsgängen,349
2014/15,ohne Hauptschulabschluss,weiblich,Gymnasien,1
2014/15,ohne Hauptschulabschluss,weiblich,Förderschulen,591
2014/15,ohne Hauptschulabschluss,weiblich,Freie Waldorfschulen,1
2014/15,ohne Hauptschulabschluss,weiblich,Gemeinschaftsschulen,-
2014/15,ohne Hauptschulabschluss,weiblich,Integrierte Gesamtschulen,-
2014/15,ohne Hauptschulabschluss,weiblich,Schulen des zweiten Bildungsweges,x
2014/15,ohne Hauptschulabschluss,weiblich,außerdem Schulkindergärten entspr.Vorbereitungskl.,-
2015/16,ohne Hauptschulabschluss,weiblich,Grundschulen,-
2015/16,ohne Hauptschulabschluss,weiblich,Schularten mit mehreren Bildungsgängen,321
2015/16,ohne Hauptschulabschluss,weiblich,Gymnasien,1
2015/16,ohne Hauptschulabschluss,weiblich,Förderschulen,640
2015/16,ohne Hauptschulabschluss,weiblich,Freie Waldorfschulen,1
2015/16,ohne Hauptschulabschluss,weiblich,Gemeinschaftsschulen,-
2015/16,ohne Hauptschulabschluss,weiblich,Integrierte Gesamtschulen,-
2015/16,ohne Hauptschulabschluss,weiblich,Schulen des zweiten Bildungsweges,x
2015/16,ohne Hauptschulabschluss,weiblich,außerdem Schulkindergärten entspr.Vorbereitungskl.,-
2016/17,ohne Hauptschulabschluss,weiblich,Grundschulen,-
2016/17,ohne Hauptschulabschluss,weiblich,Schularten mit mehreren Bildungsgängen,362
2016/17,ohne Hauptschulabschluss,weiblich,Gymnasien,-
2016/17,ohne Hauptschulabschluss,weiblich,Förderschulen,623
2016/17,ohne Hauptschulabschluss,weiblich,Freie Waldorfschulen,2
2016/17,ohne Hauptschulabschluss,weiblich,Gemeinschaftsschulen,-
2016/17,ohne Hauptschulabschluss,weiblich,Integrierte Gesamtschulen,-
2016/17,ohne Hauptschulabschluss,weiblich,Schulen des zweiten Bildungsweges,x
2016/17,ohne Hauptschulabschluss,weiblich,außerdem Schulkindergärten entspr.Vorbereitungskl.,-
2017/18,ohne Hauptschulabschluss,weiblich,Grundschulen,-
2017/18,ohne Hauptschulabschluss,weiblich,Schularten mit mehreren Bildungsgängen,365
2017/18,ohne Hauptschulabschluss,weiblich,Gymnasien,-
2017/18,ohne Hauptschulabschluss,weiblich,Förderschulen,612
2017/18,ohne Hauptschulabschluss,weiblich,Freie Waldorfschulen,-
2017/18,ohne Hauptschulabschluss,weiblich,Gemeinschaftsschulen,-
2017/18,ohne Hauptschulabschluss,weiblich,Integrierte Gesamtschulen,-
2017/18,ohne Hauptschulabschluss,weiblich,Schulen des zweiten Bildungsweges,x
2017/18,ohne Hauptschulabschluss,weiblich,außerdem Schulkindergärten entspr.Vorbereitungskl.,-
2018/19,ohne Hauptschulabschluss,weiblich,Grundschulen,-
2018/19,ohne Hauptschulabschluss,weiblich,Schularten mit mehreren Bildungsgängen,384
2018/19,ohne Hauptschulabschluss,weiblich,Gymnasien,14
2018/19,ohne Hauptschulabschluss,weiblich,Förderschulen,635
2018/19,ohne Hauptschulabschluss,weiblich,Freie Waldorfschulen,1
2018/19,ohne Hauptschulabschluss,weiblich,Gemeinschaftsschulen,-
2018/19,ohne Hauptschulabschluss,weiblich,Integrierte Gesamtschulen,-
2018/19,ohne Hauptschulabschluss,weiblich,Schulen des zweiten Bildungsweges,x
2018/19,ohne Hauptschulabschluss,weiblich,außerdem Schulkindergärten entspr.Vorbereitungskl.,-
2019/20,ohne Hauptschulabschluss,weiblich,Grundschulen,-
2019/20,ohne Hauptschulabschluss,weiblich,Schularten mit mehreren Bildungsgängen,313
2019/20,ohne Hauptschulabschluss,weiblich,Gymnasien,25
2019/20,ohne Hauptschulabschluss,weiblich,Förderschulen,599
2019/20,ohne Hauptschulabschluss,weiblich,Freie Waldorfschulen,-
2019/20,ohne Hauptschulabschluss,weiblich,Gemeinschaftsschulen,-
2019/20,ohne Hauptschulabschluss,weiblich,Integrierte Gesamtschulen,-
2019/20,ohne Hauptschulabschluss,weiblich,Schulen des zweiten Bildungsweges,x
2019/20,ohne Hauptschulabschluss,weiblich,außerdem Schulkindergärten entspr.Vorbereitungskl.,-
2020/21,ohne Hauptschulabschluss,weiblich,Grundschulen,-
2020/21,ohne Hauptschulabschluss,weiblich,Schularten mit mehreren Bildungsgängen,351
2020/21,ohne Hauptschulabschluss,weiblich,Gymnasien,135
2020/21,ohne Hauptschulabschluss,weiblich,Förderschulen,656
2020/21,ohne Hauptschulabschluss,weiblich,Freie Waldorfschulen,4
2020/21,ohne Hauptschulabschluss,weiblich,Gemeinschaftsschulen,-
2020/21,ohne Hauptschulabschluss,weiblich,Integrierte Gesamtschulen,-
2020/21,ohne Hauptschulabschluss,weiblich,Schulen des zweiten Bildungsweges,x
2020/21,ohne Hauptschulabschluss,weiblich,außerdem Schulkindergärten entspr.Vorbereitungskl.,-
2021/22,ohne Hauptschulabschluss,weiblich,Grundschulen,-
2021/22,ohne Hauptschulabschluss,weiblich,Schularten mit mehreren Bildungsgängen,402
2021/22,ohne Hauptschulabschluss,weiblich,Gymnasien,20
2021/22,ohne Hauptschulabschluss,weiblich,Förderschulen,656
2021/22,ohne Hauptschulabschluss,weiblich,Freie Waldorfschulen,-
2021/22,ohne Hauptschulabschluss,weiblich,Gemeinschaftsschulen,-
2021/22,ohne Hauptschulabschluss,weiblich,Integrierte Gesamtschulen,-
2021/22,ohne Hauptschulabschluss,weiblich,Schulen des zweiten Bildungsweges,x
2021/22,ohne Hauptschulabschluss,weiblich,außerdem Schulkindergärten entspr.Vorbereitungskl.,-
2022/23,ohne Hauptschulabschluss,weiblich,Grundschulen,-
2022/23,ohne Hauptschulabschluss,weiblich,Schularten mit mehreren Bildungsgängen,469
2022/23,ohne Hauptschulabschluss,weiblich,Gymnasien,17
2022/23,ohne Hauptschulabschluss,weiblich,Förderschulen,602
2022/23,ohne Hauptschulabschluss,weiblich,Freie Waldorfschulen,7
2022/23,ohne Hauptschulabschluss,weiblich,Gemeinschaftsschulen,-
2022/23,ohne Hauptschulabschluss,weiblich,Integrierte Gesamtschulen,-
2022/23,ohne Hauptschulabschluss,weiblich,Schulen des zweiten Bildungsweges,x
2022/23,ohne Hauptschulabschluss,weiblich,außerdem Schulkindergärten entspr.Vorbereitungskl.,-
2023/24,ohne Hauptschulabschluss,weiblich,Grundschulen,-
2023/24,ohne Hauptschulabschluss,weiblich,Schularten mit mehreren Bildungsgängen,592
2023/24,ohne Hauptschulabschluss,weiblich,Gymnasien,11
2023/24,ohne Hauptschulabschluss,weiblich,Förderschulen,647
2023/24,ohne Hauptschulabschluss,weiblich,Freie Waldorfschulen,6
2023/24,ohne Hauptschulabschluss,weiblich,Gemeinschaftsschulen,-
2023/24,ohne Hauptschulabschluss,weiblich,Integrierte Gesamtschulen,-
2023/24,ohne Hauptschulabschluss,weiblich,Schulen des zweiten Bildungsweges,x
2023/24,ohne Hauptschulabschluss,weiblich,außerdem Schulkindergärten entspr.Vorbereitungskl.,-
2024/25,ohne Hauptschulabschluss,weiblich,Grundschulen,-
2024/25,ohne Hauptschulabschluss,weiblich,Schularten mit mehreren Bildungsgängen,610
2024/25,ohne Hauptschulabschluss,weiblich,Gymnasien,6
2024/25,ohne Hauptschulabschluss,weiblich,Förderschulen,665
2024/25,ohne Hauptschulabschluss,weiblich,Freie Waldorfschulen,3
2024/25,ohne Hauptschulabschluss,weiblich,Gemeinschaftsschulen,-
2024/25,ohne Hauptschulabschluss,weiblich,Integrierte Gesamtschulen,-
2024/25,ohne Hauptschulabschluss,weiblich,Schulen des zweiten Bildungsweges,x
2024/25,ohne Hauptschulabschluss,weiblich,außerdem Schulkindergärten entspr.Vorbereitungskl.,-
1994/95,ohne Hauptschulabschluss,Insgesamt,Grundschulen,-
1994/95,ohne Hauptschulabschluss,Insgesamt,Schularten mit mehreren Bildungsgängen,3143
1994/95,ohne Hauptschulabschluss,Insgesamt,Gymnasien,642
1994/95,ohne Hauptschulabschluss,Insgesamt,Förderschulen,2499
1994/95,ohne Hauptschulabschluss,Insgesamt,Freie Waldorfschulen,2
1994/95,ohne Hauptschulabschluss,Insgesamt,Gemeinschaftsschulen,-
1994/95,ohne Hauptschulabschluss,Insgesamt,Integrierte Gesamtschulen,-
1994/95,ohne Hauptschulabschluss,Insgesamt,Schulen des zweiten Bildungsweges,-
1994/95,ohne Hauptschulabschluss,Insgesamt,außerdem Schulkindergärten entspr.Vorbereitungskl.,-
1995/96,ohne Hauptschulabschluss,Insgesamt,Grundschulen,-
1995/96,ohne Hauptschulabschluss,Insgesamt,Schularten mit mehreren Bildungsgängen,3132
1995/96,ohne Hauptschulabschluss,Insgesamt,Gymnasien,204
1995/96,ohne Hauptschulabschluss,Insgesamt,Förderschulen,2636
1995/96,ohne Hauptschulabschluss,Insgesamt,Freie Waldorfschulen,3
1995/96,ohne Hauptschulabschluss,Insgesamt,Gemeinschaftsschulen,-
1995/96,ohne Hauptschulabschluss,Insgesamt,Integrierte Gesamtschulen,-
1995/96,ohne Hauptschulabschluss,Insgesamt,Schulen des zweiten Bildungsweges,-
1995/96,ohne Hauptschulabschluss,Insgesamt,außerdem Schulkindergärten entspr.Vorbereitungskl.,-
1996/97,ohne Hauptschulabschluss,Insgesamt,Grundschulen,-
1996/97,ohne Hauptschulabschluss,Insgesamt,Schularten mit mehreren Bildungsgängen,3018
1996/97,ohne Hauptschulabschluss,Insgesamt,Gymnasien,175
1996/97,ohne Hauptschulabschluss,Insgesamt,Förderschulen,2656
1996/97,ohne Hauptschulabschluss,Insgesamt,Freie Waldorfschulen,7
1996/97,ohne Hauptschulabschluss,Insgesamt,Gemeinschaftsschulen,-
1996/97,ohne Hauptschulabschluss,Insgesamt,Integrierte Gesamtschulen,-
1996/97,ohne Hauptschulabschluss,Insgesamt,Schulen des zweiten Bildungsweges,-
1996/97,ohne Hauptschulabschluss,Insgesamt,außerdem Schulkindergärten entspr.Vorbereitungskl.,-
1997/98,ohne Hauptschulabschluss,Insgesamt,Grundschulen,-
1997/98,ohne Hauptschulabschluss,Insgesamt,Schularten mit mehreren Bildungsgängen,3056
1997/98,ohne Hauptschulabschluss,Insgesamt,Gymnasien,58
1997/98,ohne Hauptschulabschluss,Insgesamt,Förderschulen,2967
1997/98,ohne Hauptschulabschluss,Insgesamt,Freie Waldorfschulen,12
1997/98,ohne Hauptschulabschluss,Insgesamt,Gemeinschaftsschulen,-
1997/98,ohne Hauptschulabschluss,Insgesamt,Integrierte Gesamtschulen,-
1997/98,ohne Hauptschulabschluss,Insgesamt,Schulen des zweiten Bildungsweges,-
1997/98,ohne Hauptschulabschluss,Insgesamt,außerdem Schulkindergärten entspr.Vorbereitungskl.,-
1998/99,ohne Hauptschulabschluss,Insgesamt,Grundschulen,-
1998/99,ohne Hauptschulabschluss,Insgesamt,Schularten mit mehreren Bildungsgängen,3904
1998/99,ohne Hauptschulabschluss,Insgesamt,Gymnasien,54
1998/99,ohne Hauptschulabschluss,Insgesamt,Förderschulen,3086
1998/99,ohne Hauptschulabschluss,Insgesamt,Freie Waldorfschulen,8
1998/99,ohne Hauptschulabschluss,Insgesamt,Gemeinschaftsschulen,-
1998/99,ohne Hauptschulabschluss,Insgesamt,Integrierte Gesamtschulen,-
1998/99,ohne Hauptschulabschluss,Insgesamt,Schulen des zweiten Bildungsweges,-
1998/99,ohne Hauptschulabschluss,Insgesamt,außerdem Schulkindergärten entspr.Vorbereitungskl.,-
1999/00,ohne Hauptschulabschluss,Insgesamt,Grundschulen,-
1999/00,ohne Hauptschulabschluss,Insgesamt,Schularten mit mehreren Bildungsgängen,3847
1999/00,ohne Hauptschulabschluss,Insgesamt,Gymnasien,126
1999/00,ohne Hauptschulabschluss,Insgesamt,Förderschulen,3339
1999/00,ohne Hauptschulabschluss,Insgesamt,Freie Waldorfschulen,17
1999/00,ohne Hauptschulabschluss,Insgesamt,Gemeinschaftsschulen,-
1999/00,ohne Hauptschulabschluss,Insgesamt,Integrierte Gesamtschulen,-
1999/00,ohne Hauptschulabschluss,Insgesamt,Schulen des zweiten Bildungsweges,-
1999/00,ohne Hauptschulabschluss,Insgesamt,außerdem Schulkindergärten entspr.Vorbereitungskl.,-
2000/01,ohne Hauptschulabschluss,Insgesamt,Grundschulen,-
2000/01,ohne Hauptschulabschluss,Insgesamt,Schularten mit mehreren Bildungsgängen,3582
2000/01,ohne Hauptschulabschluss,Insgesamt,Gymnasien,77
2000/01,ohne Hauptschulabschluss,Insgesamt,Förderschulen,3131
2000/01,ohne Hauptschulabschluss,Insgesamt,Freie Waldorfschulen,11
2000/01,ohne Hauptschulabschluss,Insgesamt,Gemeinschaftsschulen,-
2000/01,ohne Hauptschulabschluss,Insgesamt,Integrierte Gesamtschulen,-
2000/01,ohne Hauptschulabschluss,Insgesamt,Schulen des zweiten Bildungsweges,-
2000/01,ohne Hauptschulabschluss,Insgesamt,außerdem Schulkindergärten entspr.Vorbereitungskl.,-
2001/02,ohne Hauptschulabschluss,Insgesamt,Grundschulen,-
2001/02,ohne Hauptschulabschluss,Insgesamt,Schularten mit mehreren Bildungsgängen,2814
2001/02,ohne Hauptschulabschluss,Insgesamt,Gymnasien,157
2001/02,ohne Hauptschulabschluss,Insgesamt,Förderschulen,2979
2001/02,ohne Hauptschulabschluss,Insgesamt,Freie Waldorfschulen,1
2001/02,ohne Hauptschulabschluss,Insgesamt,Gemeinschaftsschulen,-
2001/02,ohne Hauptschulabschluss,Insgesamt,Integrierte Gesamtschulen,-
2001/02,ohne Hauptschulabschluss,Insgesamt,Schulen des zweiten Bildungsweges,-
2001/02,ohne Hauptschulabschluss,Insgesamt,außerdem Schulkindergärten entspr.Vorbereitungskl.,-
2002/03,ohne Hauptschulabschluss,Insgesamt,Grundschulen,-
2002/03,ohne Hauptschulabschluss,Insgesamt,Schularten mit mehreren Bildungsgängen,2687
2002/03,ohne Hauptschulabschluss,Insgesamt,Gymnasien,33
2002/03,ohne Hauptschulabschluss,Insgesamt,Förderschulen,2877
2002/03,ohne Hauptschulabschluss,Insgesamt,Freie Waldorfschulen,2
2002/03,ohne Hauptschulabschluss,Insgesamt,Gemeinschaftsschulen,-
2002/03,ohne Hauptschulabschluss,Insgesamt,Integrierte Gesamtschulen,-
2002/03,ohne Hauptschulabschluss,Insgesamt,Schulen des zweiten Bildungsweges,-
2002/03,ohne Hauptschulabschluss,Insgesamt,außerdem Schulkindergärten entspr.Vorbereitungskl.,-
2003/04,ohne Hauptschulabschluss,Insgesamt,Grundschulen,-
2003/04,ohne Hauptschulabschluss,Insgesamt,Schularten mit mehreren Bildungsgängen,2227
2003/04,ohne Hauptschulabschluss,Insgesamt,Gymnasien,25
2003/04,ohne Hauptschulabschluss,Insgesamt,Förderschulen,2896
2003/04,ohne Hauptschulabschluss,Insgesamt,Freie Waldorfschulen,4
2003/04,ohne Hauptschulabschluss,Insgesamt,Gemeinschaftsschulen,-
2003/04,ohne Hauptschulabschluss,Insgesamt,Integrierte Gesamtschulen,-
2003/04,ohne Hauptschulabschluss,Insgesamt,Schulen des zweiten Bildungsweges,-
2003/04,ohne Hauptschulabschluss,Insgesamt,außerdem Schulkindergärten entspr.Vorbereitungskl.,-
2004/05,ohne Hauptschulabschluss,Insgesamt,Grundschulen,-
2004/05,ohne Hauptschulabschluss,Insgesamt,Schularten mit mehreren Bildungsgängen,1946
2004/05,ohne Hauptschulabschluss,Insgesamt,Gymnasien,51
2004/05,ohne Hauptschulabschluss,Insgesamt,Förderschulen,2832
2004/05,ohne Hauptschulabschluss,Insgesamt,Freie Waldorfschulen,1
2004/05,ohne Hauptschulabschluss,Insgesamt,Gemeinschaftsschulen,-
2004/05,ohne Hauptschulabschluss,Insgesamt,Integrierte Gesamtschulen,-
2004/05,ohne Hauptschulabschluss,Insgesamt,Schulen des zweiten Bildungsweges,-
2004/05,ohne Hauptschulabschluss,Insgesamt,außerdem Schulkindergärten entspr.Vorbereitungskl.,-
2005/06,ohne Hauptschulabschluss,Insgesamt,Grundschulen,-
2005/06,ohne Hauptschulabschluss,Insgesamt,Schularten mit mehreren Bildungsgängen,1730
2005/06,ohne Hauptschulabschluss,Insgesamt,Gymnasien,52
2005/06,ohne Hauptschulabschluss,Insgesamt,Förderschulen,2533
2005/06,ohne Hauptschulabschluss,Insgesamt,Freie Waldorfschulen,1
2005/06,ohne Hauptschulabschluss,Insgesamt,Gemeinschaftsschulen,-
2005/06,ohne Hauptschulabschluss,Insgesamt,Integrierte Gesamtschulen,-
2005/06,ohne Hauptschulabschluss,Insgesamt,Schulen des zweiten Bildungsweges,-
2005/06,ohne Hauptschulabschluss,Insgesamt,außerdem Schulkindergärten entspr.Vorbereitungskl.,-
2006/07,ohne Hauptschulabschluss,Insgesamt,Grundschulen,-
2006/07,ohne Hauptschulabschluss,Insgesamt,Schularten mit mehreren Bildungsgängen,1338
2006/07,ohne Hauptschulabschluss,Insgesamt,Gymnasien,7
2006/07,ohne Hauptschulabschluss,Insgesamt,Förderschulen,2394
2006/07,ohne Hauptschulabschluss,Insgesamt,Freie Waldorfschulen,5
2006/07,ohne Hauptschulabschluss,Insgesamt,Gemeinschaftsschulen,-
2006/07,ohne Hauptschulabschluss,Insgesamt,Integrierte Gesamtschulen,-
2006/07,ohne Hauptschulabschluss,Insgesamt,Schulen des zweiten Bildungsweges,-
2006/07,ohne Hauptschulabschluss,Insgesamt,außerdem Schulkindergärten entspr.Vorbereitungskl.,-
2007/08,ohne Hauptschulabschluss,Insgesamt,Grundschulen,-
2007/08,ohne Hauptschulabschluss,Insgesamt,Schularten mit mehreren Bildungsgängen,1070
2007/08,ohne Hauptschulabschluss,Insgesamt,Gymnasien,17
2007/08,ohne Hauptschulabschluss,Insgesamt,Förderschulen,2047
2007/08,ohne Hauptschulabschluss,Insgesamt,Freie Waldorfschulen,-
2007/08,ohne Hauptschulabschluss,Insgesamt,Gemeinschaftsschulen,-
2007/08,ohne Hauptschulabschluss,Insgesamt,Integrierte Gesamtschulen,-
2007/08,ohne Hauptschulabschluss,Insgesamt,Schulen des zweiten Bildungsweges,-
2007/08,ohne Hauptschulabschluss,Insgesamt,außerdem Schulkindergärten entspr.Vorbereitungskl.,-
2008/09,ohne Hauptschulabschluss,Insgesamt,Grundschulen,-
2008/09,ohne Hauptschulabschluss,Insgesamt,Schularten mit mehreren Bildungsgängen,852
2008/09,ohne Hauptschulabschluss,Insgesamt,Gymnasien,4
2008/09,ohne Hauptschulabschluss,Insgesamt,Förderschulen,1834
2008/09,ohne Hauptschulabschluss,Insgesamt,Freie Waldorfschulen,-
2008/09,ohne Hauptschulabschluss,Insgesamt,Gemeinschaftsschulen,-
2008/09,ohne Hauptschulabschluss,Insgesamt,Integrierte Gesamtschulen,-
2008/09,ohne Hauptschulabschluss,Insgesamt,Schulen des zweiten Bildungsweges,-
2008/09,ohne Hauptschulabschluss,Insgesamt,außerdem Schulkindergärten entspr.Vorbereitungskl.,-
2009/10,ohne Hauptschulabschluss,Insgesamt,Grundschulen,-
2009/10,ohne Hauptschulabschluss,Insgesamt,Schularten mit mehreren Bildungsgängen,742
2009/10,ohne Hauptschulabschluss,Insgesamt,Gymnasien,2
2009/10,ohne Hauptschulabschluss,Insgesamt,Förderschulen,1597
2009/10,ohne Hauptschulabschluss,Insgesamt,Freie Waldorfschulen,-
2009/10,ohne Hauptschulabschluss,Insgesamt,Gemeinschaftsschulen,-
2009/10,ohne Hauptschulabschluss,Insgesamt,Integrierte Gesamtschulen,-
2009/10,ohne Hauptschulabschluss,Insgesamt,Schulen des zweiten Bildungsweges,-
2009/10,ohne Hauptschulabschluss,Insgesamt,außerdem Schulkindergärten entspr.Vorbereitungskl.,-
2010/11,ohne Hauptschulabschluss,Insgesamt,Grundschulen,-
2010/11,ohne Hauptschulabschluss,Insgesamt,Schularten mit mehreren Bildungsgängen,712
2010/11,ohne Hauptschulabschluss,Insgesamt,Gymnasien,1
2010/11,ohne Hauptschulabschluss,Insgesamt,Förderschulen,1544
2010/11,ohne Hauptschulabschluss,Insgesamt,Freie Waldorfschulen,2
2010/11,ohne Hauptschulabschluss,Insgesamt,Gemeinschaftsschulen,-
2010/11,ohne Hauptschulabschluss,Insgesamt,Integrierte Gesamtschulen,-
2010/11,ohne Hauptschulabschluss,Insgesamt,Schulen des zweiten Bildungsweges,-
2010/11,ohne Hauptschulabschluss,Insgesamt,außerdem Schulkindergärten entspr.Vorbereitungskl.,-
2011/12,ohne Hauptschulabschluss,Insgesamt,Grundschulen,-
2011/12,ohne Hauptschulabschluss,Insgesamt,Schularten mit mehreren Bildungsgängen,714
2011/12,ohne Hauptschulabschluss,Insgesamt,Gymnasien,2
2011/12,ohne Hauptschulabschluss,Insgesamt,Förderschulen,1572
2011/12,ohne Hauptschulabschluss,Insgesamt,Freie Waldorfschulen,-
2011/12,ohne Hauptschulabschluss,Insgesamt,Gemeinschaftsschulen,-
2011/12,ohne Hauptschulabschluss,Insgesamt,Integrierte Gesamtschulen,-
2011/12,ohne Hauptschulabschluss,Insgesamt,Schulen des zweiten Bildungsweges,-
2011/12,ohne Hauptschulabschluss,Insgesamt,außerdem Schulkindergärten entspr.Vorbereitungskl.,-
2012/13,ohne Hauptschulabschluss,Insgesamt,Grundschulen,-
2012/13,ohne Hauptschulabschluss,Insgesamt,Schularten mit mehreren Bildungsgängen,748
2012/13,ohne Hauptschulabschluss,Insgesamt,Gymnasien,-
2012/13,ohne Hauptschulabschluss,Insgesamt,Förderschulen,1851
2012/13,ohne Hauptschulabschluss,Insgesamt,Freie Waldorfschulen,-
2012/13,ohne Hauptschulabschluss,Insgesamt,Gemeinschaftsschulen,-
2012/13,ohne Hauptschulabschluss,Insgesamt,Integrierte Gesamtschulen,-
2012/13,ohne Hauptschulabschluss,Insgesamt,Schulen des zweiten Bildungsweges,-
2012/13,ohne Hauptschulabschluss,Insgesamt,außerdem Schulkindergärten entspr.Vorbereitungskl.,-
2013/14,ohne Hauptschulabschluss,Insgesamt,Grundschulen,-
2013/14,ohne Hauptschulabschluss,Insgesamt,Schularten mit mehreren Bildungsgängen,837
2013/14,ohne Hauptschulabschluss,Insgesamt,Gymnasien,2
2013/14,ohne Hauptschulabschluss,Insgesamt,Förderschulen,1509
2013/14,ohne Hauptschulabschluss,Insgesamt,Freie Waldorfschulen,-
2013/14,ohne Hauptschulabschluss,Insgesamt,Gemeinschaftsschulen,-
2013/14,ohne Hauptschulabschluss,Insgesamt,Integrierte Gesamtschulen,-
2013/14,ohne Hauptschulabschluss,Insgesamt,Schulen des zweiten Bildungsweges,-
2013/14,ohne Hauptschulabschluss,Insgesamt,außerdem Schulkindergärten entspr.Vorbereitungskl.,-
2014/15,ohne Hauptschulabschluss,Insgesamt,Grundschulen,-
2014/15,ohne Hauptschulabschluss,Insgesamt,Schularten mit mehreren Bildungsgängen,822
2014/15,ohne Hauptschulabschluss,Insgesamt,Gymnasien,4
2014/15,ohne Hauptschulabschluss,Insgesamt,Förderschulen,1525
2014/15,ohne Hauptschulabschluss,Insgesamt,Freie Waldorfschulen,3
2014/15,ohne Hauptschulabschluss,Insgesamt,Gemeinschaftsschulen,-
2014/15,ohne Hauptschulabschluss,Insgesamt,Integrierte Gesamtschulen,-
2014/15,ohne Hauptschulabschluss,Insgesamt,Schulen des zweiten Bildungsweges,-
2014/15,ohne Hauptschulabschluss,Insgesamt,außerdem Schulkindergärten entspr.Vorbereitungskl.,-
2015/16,ohne Hauptschulabschluss,Insgesamt,Grundschulen,-
2015/16,ohne Hauptschulabschluss,Insgesamt,Schularten mit mehreren Bildungsgängen,868
2015/16,ohne Hauptschulabschluss,Insgesamt,Gymnasien,4
2015/16,ohne Hauptschulabschluss,Insgesamt,Förderschulen,1659
2015/16,ohne Hauptschulabschluss,Insgesamt,Freie Waldorfschulen,2
2015/16,ohne Hauptschulabschluss,Insgesamt,Gemeinschaftsschulen,-
2015/16,ohne Hauptschulabschluss,Insgesamt,Integrierte Gesamtschulen,-
2015/16,ohne Hauptschulabschluss,Insgesamt,Schulen des zweiten Bildungsweges,-
2015/16,ohne Hauptschulabschluss,Insgesamt,außerdem Schulkindergärten entspr.Vorbereitungskl.,-
2016/17,ohne Hauptschulabschluss,Insgesamt,Grundschulen,-
2016/17,ohne Hauptschulabschluss,Insgesamt,Schularten mit mehreren Bildungsgängen,1009
2016/17,ohne Hauptschulabschluss,Insgesamt,Gymnasien,1
2016/17,ohne Hauptschulabschluss,Insgesamt,Förderschulen,1552
2016/17,ohne Hauptschulabschluss,Insgesamt,Freie Waldorfschulen,4
2016/17,ohne Hauptschulabschluss,Insgesamt,Gemeinschaftsschulen,-
2016/17,ohne Hauptschulabschluss,Insgesamt,Integrierte Gesamtschulen,-
2016/17,ohne Hauptschulabschluss,Insgesamt,Schulen des zweiten Bildungsweges,-
2016/17,ohne Hauptschulabschluss,Insgesamt,außerdem Schulkindergärten entspr.Vorbereitungskl.,-
2017/18,ohne Hauptschulabschluss,Insgesamt,Grundschulen,-
2017/18,ohne Hauptschulabschluss,Insgesamt,Schularten mit mehreren Bildungsgängen,1069
2017/18,ohne Hauptschulabschluss,Insgesamt,Gymnasien,-
2017/18,ohne Hauptschulabschluss,Insgesamt,Förderschulen,1567
2017/18,ohne Hauptschulabschluss,Insgesamt,Freie Waldorfschulen,1
2017/18,ohne Hauptschulabschluss,Insgesamt,Gemeinschaftsschulen,-
2017/18,ohne Hauptschulabschluss,Insgesamt,Integrierte Gesamtschulen,-
2017/18,ohne Hauptschulabschluss,Insgesamt,Schulen des zweiten Bildungsweges,-
2017/18,ohne Hauptschulabschluss,Insgesamt,außerdem Schulkindergärten entspr.Vorbereitungskl.,-
2018/19,ohne Hauptschulabschluss,Insgesamt,Grundschulen,-
2018/19,ohne Hauptschulabschluss,Insgesamt,Schularten mit mehreren Bildungsgängen,1120
2018/19,ohne Hauptschulabschluss,Insgesamt,Gymnasien,23
2018/19,ohne Hauptschulabschluss,Insgesamt,Förderschulen,1564
2018/19,ohne Hauptschulabschluss,Insgesamt,Freie Waldorfschulen,1
2018/19,ohne Hauptschulabschluss,Insgesamt,Gemeinschaftsschulen,-
2018/19,ohne Hauptschulabschluss,Insgesamt,Integrierte Gesamtschulen,-
2018/19,ohne Hauptschulabschluss,Insgesamt,Schulen des zweiten Bildungsweges,-
2018/19,ohne Hauptschulabschluss,Insgesamt,außerdem Schulkindergärten entspr.Vorbereitungskl.,-
2019/20,ohne Hauptschulabschluss,Insgesamt,Grundschulen,-
2019/20,ohne Hauptschulabschluss,Insgesamt,Schularten mit mehreren Bildungsgängen,876
2019/20,ohne Hauptschulabschluss,Insgesamt,Gymnasien,39
2019/20,ohne Hauptschulabschluss,Insgesamt,Förderschulen,1538
2019/20,ohne Hauptschulabschluss,Insgesamt,Freie Waldorfschulen,2
2019/20,ohne Hauptschulabschluss,Insgesamt,Gemeinschaftsschulen,-
2019/20,ohne Hauptschulabschluss,Insgesamt,Integrierte Gesamtschulen,-
2019/20,ohne Hauptschulabschluss,Insgesamt,Schulen des zweiten Bildungsweges,-
2019/20,ohne Hauptschulabschluss,Insgesamt,außerdem Schulkindergärten entspr.Vorbereitungskl.,-
2020/21,ohne Hauptschulabschluss,Insgesamt,Grundschulen,-
2020/21,ohne Hauptschulabschluss,Insgesamt,Schularten mit mehreren Bildungsgängen,922
2020/21,ohne Hauptschulabschluss,Insgesamt,Gymnasien,262
2020/21,ohne Hauptschulabschluss,Insgesamt,Förderschulen,1599
2020/21,ohne Hauptschulabschluss,Insgesamt,Freie Waldorfschulen,10
2020/21,ohne Hauptschulabschluss,Insgesamt,Gemeinschaftsschulen,-
2020/21,ohne Hauptschulabschluss,Insgesamt,Integrierte Gesamtschulen,-
2020/21,ohne Hauptschulabschluss,Insgesamt,Schulen des zweiten Bildungsweges,-
2020/21,ohne Hauptschulabschluss,Insgesamt,außerdem Schulkindergärten entspr.Vorbereitungskl.,-
2021/22,ohne Hauptschulabschluss,Insgesamt,Grundschulen,-
2021/22,ohne Hauptschulabschluss,Insgesamt,Schularten mit mehreren Bildungsgängen,1086
2021/22,ohne Hauptschulabschluss,Insgesamt,Gymnasien,44
2021/22,ohne Hauptschulabschluss,Insgesamt,Förderschulen,1645
2021/22,ohne Hauptschulabschluss,Insgesamt,Freie Waldorfschulen,-
2021/22,ohne Hauptschulabschluss,Insgesamt,Gemeinschaftsschulen,-
2021/22,ohne Hauptschulabschluss,Insgesamt,Integrierte Gesamtschulen,-
2021/22,ohne Hauptschulabschluss,Insgesamt,Schulen des zweiten Bildungsweges,-
2021/22,ohne Hauptschulabschluss,Insgesamt,außerdem Schulkindergärten entspr.Vorbereitungskl.,-
2022/23,ohne Hauptschulabschluss,Insgesamt,Grundschulen,-
2022/23,ohne Hauptschulabschluss,Insgesamt,Schularten mit mehreren Bildungsgängen,1121
2022/23,ohne Hauptschulabschluss,Insgesamt,Gymnasien,39
2022/23,ohne Hauptschulabschluss,Insgesamt,Förderschulen,1599
2022/23,ohne Hauptschulabschluss,Insgesamt,Freie Waldorfschulen,10
2022/23,ohne Hauptschulabschluss,Insgesamt,Gemeinschaftsschulen,-
2022/23,ohne Hauptschulabschluss,Insgesamt,Integrierte Gesamtschulen,-
2022/23,ohne Hauptschulabschluss,Insgesamt,Schulen des zweiten Bildungsweges,-
2022/23,ohne Hauptschulabschluss,Insgesamt,außerdem Schulkindergärten entspr.Vorbereitungskl.,-
2023/24,ohne Hauptschulabschluss,Insgesamt,Grundschulen,-
2023/24,ohne Hauptschulabschluss,Insgesamt,Schularten mit mehreren Bildungsgängen,1439
2023/24,ohne Hauptschulabschluss,Insgesamt,Gymnasien,24
2023/24,ohne Hauptschulabschluss,Insgesamt,Förderschulen,1604
2023/24,ohne Hauptschulabschluss,Insgesamt,Freie Waldorfschulen,7
2023/24,ohne Hauptschulabschluss,Insgesamt,Gemeinschaftsschulen,-
2023/24,ohne Hauptschulabschluss,Insgesamt,Integrierte Gesamtschulen,1
2023/24,ohne Hauptschulabschluss,Insgesamt,Schulen des zweiten Bildungsweges,-
2023/24,ohne Hauptschulabschluss,Insgesamt,außerdem Schulkindergärten entspr.Vorbereitungskl.,-
2024/25,ohne Hauptschulabschluss,Insgesamt,Grundschulen,-
2024/25,ohne Hauptschulabschluss,Insgesamt,Schularten mit mehreren Bildungsgängen,1519
2024/25,ohne Hauptschulabschluss,Insgesamt,Gymnasien,19
2024/25,ohne Hauptschulabschluss,Insgesamt,Förderschulen,1663
2024/25,ohne Hauptschulabschluss,Insgesamt,Freie Waldorfschulen,5
2024/25,ohne Hauptschulabschluss,Insgesamt,Gemeinschaftsschulen,-
2024/25,ohne Hauptschulabschluss,Insgesamt,Integrierte Gesamtschulen,-
2024/25,ohne Hauptschulabschluss,Insgesamt,Schulen des zweiten Bildungsweges,-
2024/25,ohne Hauptschulabschluss,Insgesamt,außerdem Schulkindergärten entspr.Vorbereitungskl.,-
1994/95,mit Hauptschulabschluss,männlich,Grundschulen,-
1994/95,mit Hauptschulabschluss,männlich,Schularten mit mehreren Bildungsgängen,4419
1994/95,mit Hauptschulabschluss,männlich,Gymnasien,1
1994/95,mit Hauptschulabschluss,männlich,Förderschulen,82
1994/95,mit Hauptschulabschluss,männlich,Freie Waldorfschulen,-
1994/95,mit Hauptschulabschluss,männlich,Gemeinschaftsschulen,-
1994/95,mit Hauptschulabschluss,männlich,Integrierte Gesamtschulen,-
1994/95,mit Hauptschulabschluss,männlich,Schulen des zweiten Bildungsweges,6
1994/95,mit Hauptschulabschluss,männlich,außerdem Schulkindergärten entspr.Vorbereitungskl.,-
1995/96,mit Hauptschulabschluss,männlich,Grundschulen,-
1995/96,mit Hauptschulabschluss,männlich,Schularten mit mehreren Bildungsgängen,4299
1995/96,mit Hauptschulabschluss,männlich,Gymnasien,1
1995/96,mit Hauptschulabschluss,männlich,Förderschulen,124
1995/96,mit Hauptschulabschluss,männlich,Freie Waldorfschulen,-
1995/96,mit Hauptschulabschluss,männlich,Gemeinschaftsschulen,-
1995/96,mit Hauptschulabschluss,männlich,Integrierte Gesamtschulen,-
1995/96,mit Hauptschulabschluss,männlich,Schulen des zweiten Bildungsweges,18
1995/96,mit Hauptschulabschluss,männlich,außerdem Schulkindergärten entspr.Vorbereitungskl.,-
1996/97,mit Hauptschulabschluss,männlich,Grundschulen,-
1996/97,mit Hauptschulabschluss,männlich,Schularten mit mehreren Bildungsgängen,4904
1996/97,mit Hauptschulabschluss,männlich,Gymnasien,x
1996/97,mit Hauptschulabschluss,männlich,Förderschulen,269
1996/97,mit Hauptschulabschluss,männlich,Freie Waldorfschulen,1
1996/97,mit Hauptschulabschluss,männlich,Gemeinschaftsschulen,-
1996/97,mit Hauptschulabschluss,männlich,Integrierte Gesamtschulen,-
1996/97,mit Hauptschulabschluss,männlich,Schulen des zweiten Bildungsweges,11
1996/97,mit Hauptschulabschluss,männlich,außerdem Schulkindergärten entspr.Vorbereitungskl.,-
1997/98,mit Hauptschulabschluss,männlich,Grundschulen,-
1997/98,mit Hauptschulabschluss,männlich,Schularten mit mehreren Bildungsgängen,4416
1997/98,mit Hauptschulabschluss,männlich,Gymnasien,x
1997/98,mit Hauptschulabschluss,männlich,Förderschulen,288
1997/98,mit Hauptschulabschluss,männlich,Freie Waldorfschulen,-
1997/98,mit Hauptschulabschluss,männlich,Gemeinschaftsschulen,-
1997/98,mit Hauptschulabschluss,männlich,Integrierte Gesamtschulen,-
1997/98,mit Hauptschulabschluss,männlich,Schulen des zweiten Bildungsweges,9
1997/98,mit Hauptschulabschluss,männlich,außerdem Schulkindergärten entspr.Vorbereitungskl.,-
1998/99,mit Hauptschulabschluss,männlich,Grundschulen,-
1998/99,mit Hauptschulabschluss,männlich,Schularten mit mehreren Bildungsgängen,4253
1998/99,mit Hauptschulabschluss,männlich,Gymnasien,x
1998/99,mit Hauptschulabschluss,männlich,Förderschulen,227
1998/99,mit Hauptschulabschluss,männlich,Freie Waldorfschulen,4
1998/99,mit Hauptschulabschluss,männlich,Gemeinschaftsschulen,-
1998/99,mit Hauptschulabschluss,männlich,Integrierte Gesamtschulen,-
1998/99,mit Hauptschulabschluss,männlich,Schulen des zweiten Bildungsweges,20
1998/99,mit Hauptschulabschluss,männlich,außerdem Schulkindergärten entspr.Vorbereitungskl.,-
1999/00,mit Hauptschulabschluss,männlich,Grundschulen,-
1999/00,mit Hauptschulabschluss,männlich,Schularten mit mehreren Bildungsgängen,3998
1999/00,mit Hauptschulabschluss,männlich,Gymnasien,x
1999/00,mit Hauptschulabschluss,männlich,Förderschulen,272
1999/00,mit Hauptschulabschluss,männlich,Freie Waldorfschulen,5
1999/00,mit Hauptschulabschluss,männlich,Gemeinschaftsschulen,-
1999/00,mit Hauptschulabschluss,männlich,Integrierte Gesamtschulen,-
1999/00,mit Hauptschulabschluss,männlich,Schulen des zweiten Bildungsweges,22
1999/00,mit Hauptschulabschluss,männlich,außerdem Schulkindergärten entspr.Vorbereitungskl.,-
2000/01,mit Hauptschulabschluss,männlich,Grundschulen,-
2000/01,mit Hauptschulabschluss,männlich,Schularten mit mehreren Bildungsgängen,3866
2000/01,mit Hauptschulabschluss,männlich,Gymnasien,x
2000/01,mit Hauptschulabschluss,männlich,Förderschulen,301
2000/01,mit Hauptschulabschluss,männlich,Freie Waldorfschulen,1
2000/01,mit Hauptschulabschluss,männlich,Gemeinschaftsschulen,-
2000/01,mit Hauptschulabschluss,männlich,Integrierte Gesamtschulen,-
2000/01,mit Hauptschulabschluss,männlich,Schulen des zweiten Bildungsweges,35
2000/01,mit Hauptschulabschluss,männlich,außerdem Schulkindergärten entspr.Vorbereitungskl.,-
2001/02,mit Hauptschulabschluss,männlich,Grundschulen,-
2001/02,mit Hauptschulabschluss,männlich,Schularten mit mehreren Bildungsgängen,4224
2001/02,mit Hauptschulabschluss,männlich,Gymnasien,x
2001/02,mit Hauptschulabschluss,männlich,Förderschulen,290
2001/02,mit Hauptschulabschluss,männlich,Freie Waldorfschulen,3
2001/02,mit Hauptschulabschluss,männlich,Gemeinschaftsschulen,-
2001/02,mit Hauptschulabschluss,männlich,Integrierte Gesamtschulen,-
2001/02,mit Hauptschulabschluss,männlich,Schulen des zweiten Bildungsweges,26
2001/02,mit Hauptschulabschluss,männlich,außerdem Schulkindergärten entspr.Vorbereitungskl.,-
2002/03,mit Hauptschulabschluss,männlich,Grundschulen,-
2002/03,mit Hauptschulabschluss,männlich,Schularten mit mehreren Bildungsgängen,3976
2002/03,mit Hauptschulabschluss,männlich,Gymnasien,x
2002/03,mit Hauptschulabschluss,männlich,Förderschulen,279
2002/03,mit Hauptschulabschluss,männlich,Freie Waldorfschulen,-
2002/03,mit Hauptschulabschluss,männlich,Gemeinschaftsschulen,-
2002/03,mit Hauptschulabschluss,männlich,Integrierte Gesamtschulen,-
2002/03,mit Hauptschulabschluss,männlich,Schulen des zweiten Bildungsweges,45
2002/03,mit Hauptschulabschluss,männlich,außerdem Schulkindergärten entspr.Vorbereitungskl.,-
2003/04,mit Hauptschulabschluss,männlich,Grundschulen,-
2003/04,mit Hauptschulabschluss,männlich,Schularten mit mehreren Bildungsgängen,4023
2003/04,mit Hauptschulabschluss,männlich,Gymnasien,x
2003/04,mit Hauptschulabschluss,männlich,Förderschulen,291
2003/04,mit Hauptschulabschluss,männlich,Freie Waldorfschulen,2
2003/04,mit Hauptschulabschluss,männlich,Gemeinschaftsschulen,-
2003/04,mit Hauptschulabschluss,männlich,Integrierte Gesamtschulen,-
2003/04,mit Hauptschulabschluss,männlich,Schulen des zweiten Bildungsweges,39
2003/04,mit Hauptschulabschluss,männlich,außerdem Schulkindergärten entspr.Vorbereitungskl.,-
2004/05,mit Hauptschulabschluss,männlich,Grundschulen,-
2004/05,mit Hauptschulabschluss,männlich,Schularten mit mehreren Bildungsgängen,3888
2004/05,mit Hauptschulabschluss,männlich,Gymnasien,x
2004/05,mit Hauptschulabschluss,männlich,Förderschulen,355
2004/05,mit Hauptschulabschluss,männlich,Freie Waldorfschulen,5
2004/05,mit Hauptschulabschluss,männlich,Gemeinschaftsschulen,-
2004/05,mit Hauptschulabschluss,männlich,Integrierte Gesamtschulen,-
2004/05,mit Hauptschulabschluss,männlich,Schulen des zweiten Bildungsweges,30
2004/05,mit Hauptschulabschluss,männlich,außerdem Schulkindergärten entspr.Vorbereitungskl.,-
2005/06,mit Hauptschulabschluss,männlich,Grundschulen,-
2005/06,mit Hauptschulabschluss,männlich,Schularten mit mehreren Bildungsgängen,3076
2005/06,mit Hauptschulabschluss,männlich,Gymnasien,x
2005/06,mit Hauptschulabschluss,männlich,Förderschulen,320
2005/06,mit Hauptschulabschluss,männlich,Freie Waldorfschulen,3
2005/06,mit Hauptschulabschluss,männlich,Gemeinschaftsschulen,-
2005/06,mit Hauptschulabschluss,männlich,Integrierte Gesamtschulen,-
2005/06,mit Hauptschulabschluss,männlich,Schulen des zweiten Bildungsweges,55
2005/06,mit Hauptschulabschluss,männlich,außerdem Schulkindergärten entspr.Vorbereitungskl.,-
2006/07,mit Hauptschulabschluss,männlich,Grundschulen,-
2006/07,mit Hauptschulabschluss,männlich,Schularten mit mehreren Bildungsgängen,2243
2006/07,mit Hauptschulabschluss,männlich,Gymnasien,8
2006/07,mit Hauptschulabschluss,männlich,Förderschulen,323
2006/07,mit Hauptschulabschluss,männlich,Freie Waldorfschulen,1
2006/07,mit Hauptschulabschluss,männlich,Gemeinschaftsschulen,-
2006/07,mit Hauptschulabschluss,männlich,Integrierte Gesamtschulen,-
2006/07,mit Hauptschulabschluss,männlich,Schulen des zweiten Bildungsweges,49
2006/07,mit Hauptschulabschluss,männlich,außerdem Schulkindergärten entspr.Vorbereitungskl.,-
2007/08,mit Hauptschulabschluss,männlich,Grundschulen,-
2007/08,mit Hauptschulabschluss,männlich,Schularten mit mehreren Bildungsgängen,1562
2007/08,mit Hauptschulabschluss,männlich,Gymnasien,13
2007/08,mit Hauptschulabschluss,männlich,Förderschulen,230
2007/08,mit Hauptschulabschluss,männlich,Freie Waldorfschulen,-
2007/08,mit Hauptschulabschluss,männlich,Gemeinschaftsschulen,-
2007/08,mit Hauptschulabschluss,männlich,Integrierte Gesamtschulen,-
2007/08,mit Hauptschulabschluss,männlich,Schulen des zweiten Bildungsweges,55
2007/08,mit Hauptschulabschluss,männlich,außerdem Schulkindergärten entspr.Vorbereitungskl.,-
2008/09,mit Hauptschulabschluss,männlich,Grundschulen,-
2008/09,mit Hauptschulabschluss,männlich,Schularten mit mehreren Bildungsgängen,1303
2008/09,mit Hauptschulabschluss,männlich,Gymnasien,22
2008/09,mit Hauptschulabschluss,männlich,Förderschulen,193
2008/09,mit Hauptschulabschluss,männlich,Freie Waldorfschulen,1
2008/09,mit Hauptschulabschluss,männlich,Gemeinschaftsschulen,-
2008/09,mit Hauptschulabschluss,männlich,Integrierte Gesamtschulen,-
2008/09,mit Hauptschulabschluss,männlich,Schulen des zweiten Bildungsweges,58
2008/09,mit Hauptschulabschluss,männlich,außerdem Schulkindergärten entspr.Vorbereitungskl.,-
2009/10,mit Hauptschulabschluss,männlich,Grundschulen,-
2009/10,mit Hauptschulabschluss,männlich,Schularten mit mehreren Bildungsgängen,1193
2009/10,mit Hauptschulabschluss,männlich,Gymnasien,2
2009/10,mit Hauptschulabschluss,männlich,Förderschulen,160
2009/10,mit Hauptschulabschluss,männlich,Freie Waldorfschulen,2
2009/10,mit Hauptschulabschluss,männlich,Gemeinschaftsschulen,-
2009/10,mit Hauptschulabschluss,männlich,Integrierte Gesamtschulen,-
2009/10,mit Hauptschulabschluss,männlich,Schulen des zweiten Bildungsweges,53
2009/10,mit Hauptschulabschluss,männlich,außerdem Schulkindergärten entspr.Vorbereitungskl.,-
2010/11,mit Hauptschulabschluss,männlich,Grundschulen,-
2010/11,mit Hauptschulabschluss,männlich,Schularten mit mehreren Bildungsgängen,1225
2010/11,mit Hauptschulabschluss,männlich,Gymnasien,9
2010/11,mit Hauptschulabschluss,männlich,Förderschulen,176
2010/11,mit Hauptschulabschluss,männlich,Freie Waldorfschulen,10
2010/11,mit Hauptschulabschluss,männlich,Gemeinschaftsschulen,-
2010/11,mit Hauptschulabschluss,männlich,Integrierte Gesamtschulen,-
2010/11,mit Hauptschulabschluss,männlich,Schulen des zweiten Bildungsweges,41
2010/11,mit Hauptschulabschluss,männlich,außerdem Schulkindergärten entspr.Vorbereitungskl.,-
2011/12,mit Hauptschulabschluss,männlich,Grundschulen,-
2011/12,mit Hauptschulabschluss,männlich,Schularten mit mehreren Bildungsgängen,1212
2011/12,mit Hauptschulabschluss,männlich,Gymnasien,16
2011/12,mit Hauptschulabschluss,männlich,Förderschulen,153
2011/12,mit Hauptschulabschluss,männlich,Freie Waldorfschulen,1
2011/12,mit Hauptschulabschluss,männlich,Gemeinschaftsschulen,-
2011/12,mit Hauptschulabschluss,männlich,Integrierte Gesamtschulen,-
2011/12,mit Hauptschulabschluss,männlich,Schulen des zweiten Bildungsweges,48
2011/12,mit Hauptschulabschluss,männlich,außerdem Schulkindergärten entspr.Vorbereitungskl.,-
2012/13,mit Hauptschulabschluss,männlich,Grundschulen,-
2012/13,mit Hauptschulabschluss,männlich,Schularten mit mehreren Bildungsgängen,1330
2012/13,mit Hauptschulabschluss,männlich,Gymnasien,9
2012/13,mit Hauptschulabschluss,männlich,Förderschulen,183
2012/13,mit Hauptschulabschluss,männlich,Freie Waldorfschulen,-
2012/13,mit Hauptschulabschluss,männlich,Gemeinschaftsschulen,-
2012/13,mit Hauptschulabschluss,männlich,Integrierte Gesamtschulen,-
2012/13,mit Hauptschulabschluss,männlich,Schulen des zweiten Bildungsweges,49
2012/13,mit Hauptschulabschluss,männlich,außerdem Schulkindergärten entspr.Vorbereitungskl.,-
2013/14,mit Hauptschulabschluss,männlich,Grundschulen,-
2013/14,mit Hauptschulabschluss,männlich,Schularten mit mehreren Bildungsgängen,1397
2013/14,mit Hauptschulabschluss,männlich,Gymnasien,8
2013/14,mit Hauptschulabschluss,männlich,Förderschulen,198
2013/14,mit Hauptschulabschluss,männlich,Freie Waldorfschulen,2
2013/14,mit Hauptschulabschluss,männlich,Gemeinschaftsschulen,-
2013/14,mit Hauptschulabschluss,männlich,Integrierte Gesamtschulen,-
2013/14,mit Hauptschulabschluss,männlich,Schulen des zweiten Bildungsweges,53
2013/14,mit Hauptschulabschluss,männlich,außerdem Schulkindergärten entspr.Vorbereitungskl.,-
2014/15,mit Hauptschulabschluss,männlich,Grundschulen,-
2014/15,mit Hauptschulabschluss,männlich,Schularten mit mehreren Bildungsgängen,1248
2014/15,mit Hauptschulabschluss,männlich,Gymnasien,9
2014/15,mit Hauptschulabschluss,männlich,Förderschulen,170
2014/15,mit Hauptschulabschluss,männlich,Freie Waldorfschulen,3
2014/15,mit Hauptschulabschluss,männlich,Gemeinschaftsschulen,-
2014/15,mit Hauptschulabschluss,männlich,Integrierte Gesamtschulen,-
2014/15,mit Hauptschulabschluss,männlich,Schulen des zweiten Bildungsweges,46
2014/15,mit Hauptschulabschluss,männlich,außerdem Schulkindergärten entspr.Vorbereitungskl.,-
2015/16,mit Hauptschulabschluss,männlich,Grundschulen,-
2015/16,mit Hauptschulabschluss,männlich,Schularten mit mehreren Bildungsgängen,1236
2015/16,mit Hauptschulabschluss,männlich,Gymnasien,6
2015/16,mit Hauptschulabschluss,männlich,Förderschulen,201
2015/16,mit Hauptschulabschluss,männlich,Freie Waldorfschulen,8
2015/16,mit Hauptschulabschluss,männlich,Gemeinschaftsschulen,-
2015/16,mit Hauptschulabschluss,männlich,Integrierte Gesamtschulen,-
2015/16,mit Hauptschulabschluss,männlich,Schulen des zweiten Bildungsweges,51
2015/16,mit Hauptschulabschluss,männlich,außerdem Schulkindergärten entspr.Vorbereitungskl.,-
2016/17,mit Hauptschulabschluss,männlich,Grundschulen,-
2016/17,mit Hauptschulabschluss,männlich,Schularten mit mehreren Bildungsgängen,1391
2016/17,mit Hauptschulabschluss,männlich,Gymnasien,13
2016/17,mit Hauptschulabschluss,männlich,Förderschulen,184
2016/17,mit Hauptschulabschluss,männlich,Freie Waldorfschulen,5
2016/17,mit Hauptschulabschluss,männlich,Gemeinschaftsschulen,-
2016/17,mit Hauptschulabschluss,männlich,Integrierte Gesamtschulen,-
2016/17,mit Hauptschulabschluss,männlich,Schulen des zweiten Bildungsweges,56
2016/17,mit Hauptschulabschluss,männlich,außerdem Schulkindergärten entspr.Vorbereitungskl.,-
2017/18,mit Hauptschulabschluss,männlich,Grundschulen,-
2017/18,mit Hauptschulabschluss,männlich,Schularten mit mehreren Bildungsgängen,1413
2017/18,mit Hauptschulabschluss,männlich,Gymnasien,14
2017/18,mit Hauptschulabschluss,männlich,Förderschulen,188
2017/18,mit Hauptschulabschluss,männlich,Freie Waldorfschulen,3
2017/18,mit Hauptschulabschluss,männlich,Gemeinschaftsschulen,-
2017/18,mit Hauptschulabschluss,männlich,Integrierte Gesamtschulen,-
2017/18,mit Hauptschulabschluss,männlich,Schulen des zweiten Bildungsweges,46
2017/18,mit Hauptschulabschluss,männlich,außerdem Schulkindergärten entspr.Vorbereitungskl.,-
2018/19,mit Hauptschulabschluss,männlich,Grundschulen,-
2018/19,mit Hauptschulabschluss,männlich,Schularten mit mehreren Bildungsgängen,1484
2018/19,mit Hauptschulabschluss,männlich,Gymnasien,19
2018/19,mit Hauptschulabschluss,männlich,Förderschulen,183
2018/19,mit Hauptschulabschluss,männlich,Freie Waldorfschulen,9
2018/19,mit Hauptschulabschluss,männlich,Gemeinschaftsschulen,-
2018/19,mit Hauptschulabschluss,männlich,Integrierte Gesamtschulen,-
2018/19,mit Hauptschulabschluss,männlich,Schulen des zweiten Bildungsweges,79
2018/19,mit Hauptschulabschluss,männlich,außerdem Schulkindergärten entspr.Vorbereitungskl.,-
2019/20,mit Hauptschulabschluss,männlich,Grundschulen,-
2019/20,mit Hauptschulabschluss,männlich,Schularten mit mehreren Bildungsgängen,1402
2019/20,mit Hauptschulabschluss,männlich,Gymnasien,12
2019/20,mit Hauptschulabschluss,männlich,Förderschulen,179
2019/20,mit Hauptschulabschluss,männlich,Freie Waldorfschulen,5
2019/20,mit Hauptschulabschluss,männlich,Gemeinschaftsschulen,-
2019/20,mit Hauptschulabschluss,männlich,Integrierte Gesamtschulen,-
2019/20,mit Hauptschulabschluss,männlich,Schulen des zweiten Bildungsweges,56
2019/20,mit Hauptschulabschluss,männlich,außerdem Schulkindergärten entspr.Vorbereitungskl.,-
2020/21,mit Hauptschulabschluss,männlich,Grundschulen,-
2020/21,mit Hauptschulabschluss,männlich,Schularten mit mehreren Bildungsgängen,1385
2020/21,mit Hauptschulabschluss,männlich,Gymnasien,11
2020/21,mit Hauptschulabschluss,männlich,Förderschulen,178
2020/21,mit Hauptschulabschluss,männlich,Freie Waldorfschulen,3
2020/21,mit Hauptschulabschluss,männlich,Gemeinschaftsschulen,-
2020/21,mit Hauptschulabschluss,männlich,Integrierte Gesamtschulen,-
2020/21,mit Hauptschulabschluss,männlich,Schulen des zweiten Bildungsweges,65
2020/21,mit Hauptschulabschluss,männlich,außerdem Schulkindergärten entspr.Vorbereitungskl.,-
2021/22,mit Hauptschulabschluss,männlich,Grundschulen,-
2021/22,mit Hauptschulabschluss,männlich,Schularten mit mehreren Bildungsgängen,1431
2021/22,mit Hauptschulabschluss,männlich,Gymnasien,18
2021/22,mit Hauptschulabschluss,männlich,Förderschulen,185
2021/22,mit Hauptschulabschluss,männlich,Freie Waldorfschulen,13
2021/22,mit Hauptschulabschluss,männlich,Gemeinschaftsschulen,-
2021/22,mit Hauptschulabschluss,männlich,Integrierte Gesamtschulen,-
2021/22,mit Hauptschulabschluss,männlich,Schulen des zweiten Bildungsweges,32
2021/22,mit Hauptschulabschluss,männlich,außerdem Schulkindergärten entspr.Vorbereitungskl.,-
2022/23,mit Hauptschulabschluss,männlich,Grundschulen,-
2022/23,mit Hauptschulabschluss,männlich,Schularten mit mehreren Bildungsgängen,1572
2022/23,mit Hauptschulabschluss,männlich,Gymnasien,11
2022/23,mit Hauptschulabschluss,männlich,Förderschulen,209
2022/23,mit Hauptschulabschluss,männlich,Freie Waldorfschulen,12
2022/23,mit Hauptschulabschluss,männlich,Gemeinschaftsschulen,-
2022/23,mit Hauptschulabschluss,männlich,Integrierte Gesamtschulen,4
2022/23,mit Hauptschulabschluss,männlich,Schulen des zweiten Bildungsweges,49
2022/23,mit Hauptschulabschluss,männlich,außerdem Schulkindergärten entspr.Vorbereitungskl.,-
2023/24,mit Hauptschulabschluss,männlich,Grundschulen,-
2023/24,mit Hauptschulabschluss,männlich,Schularten mit mehreren Bildungsgängen,1592
2023/24,mit Hauptschulabschluss,männlich,Gymnasien,25
2023/24,mit Hauptschulabschluss,männlich,Förderschulen,202
2023/24,mit Hauptschulabschluss,männlich,Freie Waldorfschulen,14
2023/24,mit Hauptschulabschluss,männlich,Gemeinschaftsschulen,-
2023/24,mit Hauptschulabschluss,männlich,Integrierte Gesamtschulen,4
2023/24,mit Hauptschulabschluss,männlich,Schulen des zweiten Bildungsweges,27
2023/24,mit Hauptschulabschluss,männlich,außerdem Schulkindergärten entspr.Vorbereitungskl.,-
2024/25,mit Hauptschulabschluss,männlich,Grundschulen,-
2024/25,mit Hauptschulabschluss,männlich,Schularten mit mehreren Bildungsgängen,1793
2024/25,mit Hauptschulabschluss,männlich,Gymnasien,25
2024/25,mit Hauptschulabschluss,männlich,Förderschulen,196
2024/25,mit Hauptschulabschluss,männlich,Freie Waldorfschulen,18
2024/25,mit Hauptschulabschluss,männlich,Gemeinschaftsschulen,-
2024/25,mit Hauptschulabschluss,männlich,Integrierte Gesamtschulen,-
2024/25,mit Hauptschulabschluss,männlich,Schulen des zweiten Bildungsweges,37
2024/25,mit Hauptschulabschluss,männlich,außerdem Schulkindergärten entspr.Vorbereitungskl.,-
1994/95,mit Hauptschulabschluss,weiblich,Grundschulen,-
1994/95,mit Hauptschulabschluss,weiblich,Schularten mit mehreren Bildungsgängen,2350
1994/95,mit Hauptschulabschluss,weiblich,Gymnasien,4
1994/95,mit Hauptschulabschluss,weiblich,Förderschulen,41
1994/95,mit Hauptschulabschluss,weiblich,Freie Waldorfschulen,-
1994/95,mit Hauptschulabschluss,weiblich,Gemeinschaftsschulen,-
1994/95,mit Hauptschulabschluss,weiblich,Integrierte Gesamtschulen,-
1994/95,mit Hauptschulabschluss,weiblich,Schulen des zweiten Bildungsweges,6
1994/95,mit Hauptschulabschluss,weiblich,außerdem Schulkindergärten entspr.Vorbereitungskl.,-
1995/96,mit Hauptschulabschluss,weiblich,Grundschulen,-
1995/96,mit Hauptschulabschluss,weiblich,Schularten mit mehreren Bildungsgängen,2305
1995/96,mit Hauptschulabschluss,weiblich,Gymnasien,-
1995/96,mit Hauptschulabschluss,weiblich,Förderschulen,56
1995/96,mit Hauptschulabschluss,weiblich,Freie Waldorfschulen,-
1995/96,mit Hauptschulabschluss,weiblich,Gemeinschaftsschulen,-
1995/96,mit Hauptschulabschluss,weiblich,Integrierte Gesamtschulen,-
1995/96,mit Hauptschulabschluss,weiblich,Schulen des zweiten Bildungsweges,18
1995/96,mit Hauptschulabschluss,weiblich,außerdem Schulkindergärten entspr.Vorbereitungskl.,-
1996/97,mit Hauptschulabschluss,weiblich,Grundschulen,-
1996/97,mit Hauptschulabschluss,weiblich,Schularten mit mehreren Bildungsgängen,2805
1996/97,mit Hauptschulabschluss,weiblich,Gymnasien,x
1996/97,mit Hauptschulabschluss,weiblich,Förderschulen,115
1996/97,mit Hauptschulabschluss,weiblich,Freie Waldorfschulen,1
1996/97,mit Hauptschulabschluss,weiblich,Gemeinschaftsschulen,-
1996/97,mit Hauptschulabschluss,weiblich,Integrierte Gesamtschulen,-
1996/97,mit Hauptschulabschluss,weiblich,Schulen des zweiten Bildungsweges,10
1996/97,mit Hauptschulabschluss,weiblich,außerdem Schulkindergärten entspr.Vorbereitungskl.,-
1997/98,mit Hauptschulabschluss,weiblich,Grundschulen,-
1997/98,mit Hauptschulabschluss,weiblich,Schularten mit mehreren Bildungsgängen,2620
1997/98,mit Hauptschulabschluss,weiblich,Gymnasien,x
1997/98,mit Hauptschulabschluss,weiblich,Förderschulen,111
1997/98,mit Hauptschulabschluss,weiblich,Freie Waldorfschulen,-
1997/98,mit Hauptschulabschluss,weiblich,Gemeinschaftsschulen,-
1997/98,mit Hauptschulabschluss,weiblich,Integrierte Gesamtschulen,-
1997/98,mit Hauptschulabschluss,weiblich,Schulen des zweiten Bildungsweges,7
1997/98,mit Hauptschulabschluss,weiblich,außerdem Schulkindergärten entspr.Vorbereitungskl.,-
1998/99,mit Hauptschulabschluss,weiblich,Grundschulen,-
1998/99,mit Hauptschulabschluss,weiblich,Schularten mit mehreren Bildungsgängen,2404
1998/99,mit Hauptschulabschluss,weiblich,Gymnasien,x
1998/99,mit Hauptschulabschluss,weiblich,Förderschulen,125
1998/99,mit Hauptschulabschluss,weiblich,Freie Waldorfschulen,2
1998/99,mit Hauptschulabschluss,weiblich,Gemeinschaftsschulen,-
1998/99,mit Hauptschulabschluss,weiblich,Integrierte Gesamtschulen,-
1998/99,mit Hauptschulabschluss,weiblich,Schulen des zweiten Bildungsweges,11
1998/99,mit Hauptschulabschluss,weiblich,außerdem Schulkindergärten entspr.Vorbereitungskl.,-
1999/00,mit Hauptschulabschluss,weiblich,Grundschulen,-
1999/00,mit Hauptschulabschluss,weiblich,Schularten mit mehreren Bildungsgängen,2339
1999/00,mit Hauptschulabschluss,weiblich,Gymnasien,x
1999/00,mit Hauptschulabschluss,weiblich,Förderschulen,126
1999/00,mit Hauptschulabschluss,weiblich,Freie Waldorfschulen,2
1999/00,mit Hauptschulabschluss,weiblich,Gemeinschaftsschulen,-
1999/00,mit Hauptschulabschluss,weiblich,Integrierte Gesamtschulen,-
1999/00,mit Hauptschulabschluss,weiblich,Schulen des zweiten Bildungsweges,10
1999/00,mit Hauptschulabschluss,weiblich,außerdem Schulkindergärten entspr.Vorbereitungskl.,-
2000/01,mit Hauptschulabschluss,weiblich,Grundschulen,-
2000/01,mit Hauptschulabschluss,weiblich,Schularten mit mehreren Bildungsgängen,2244
2000/01,mit Hauptschulabschluss,weiblich,Gymnasien,x
2000/01,mit Hauptschulabschluss,weiblich,Förderschulen,171
2000/01,mit Hauptschulabschluss,weiblich,Freie Waldorfschulen,3
2000/01,mit Hauptschulabschluss,weiblich,Gemeinschaftsschulen,-
2000/01,mit Hauptschulabschluss,weiblich,Integrierte Gesamtschulen,-
2000/01,mit Hauptschulabschluss,weiblich,Schulen des zweiten Bildungsweges,16
2000/01,mit Hauptschulabschluss,weiblich,außerdem Schulkindergärten entspr.Vorbereitungskl.,-
2001/02,mit Hauptschulabschluss,weiblich,Grundschulen,-
2001/02,mit Hauptschulabschluss,weiblich,Schularten mit mehreren Bildungsgängen,2697
2001/02,mit Hauptschulabschluss,weiblich,Gymnasien,x
2001/02,mit Hauptschulabschluss,weiblich,Förderschulen,174
2001/02,mit Hauptschulabschluss,weiblich,Freie Waldorfschulen,4
2001/02,mit Hauptschulabschluss,weiblich,Gemeinschaftsschulen,-
2001/02,mit Hauptschulabschluss,weiblich,Integrierte Gesamtschulen,-
2001/02,mit Hauptschulabschluss,weiblich,Schulen des zweiten Bildungsweges,16
2001/02,mit Hauptschulabschluss,weiblich,außerdem Schulkindergärten entspr.Vorbereitungskl.,-
2002/03,mit Hauptschulabschluss,weiblich,Grundschulen,-
2002/03,mit Hauptschulabschluss,weiblich,Schularten mit mehreren Bildungsgängen,2591
2002/03,mit Hauptschulabschluss,weiblich,Gymnasien,x
2002/03,mit Hauptschulabschluss,weiblich,Förderschulen,174
2002/03,mit Hauptschulabschluss,weiblich,Freie Waldorfschulen,4
2002/03,mit Hauptschulabschluss,weiblich,Gemeinschaftsschulen,-
2002/03,mit Hauptschulabschluss,weiblich,Integrierte Gesamtschulen,-
2002/03,mit Hauptschulabschluss,weiblich,Schulen des zweiten Bildungsweges,28
2002/03,mit Hauptschulabschluss,weiblich,außerdem Schulkindergärten entspr.Vorbereitungskl.,-
2003/04,mit Hauptschulabschluss,weiblich,Grundschulen,-
2003/04,mit Hauptschulabschluss,weiblich,Schularten mit mehreren Bildungsgängen,2440
2003/04,mit Hauptschulabschluss,weiblich,Gymnasien,x
2003/04,mit Hauptschulabschluss,weiblich,Förderschulen,159
2003/04,mit Hauptschulabschluss,weiblich,Freie Waldorfschulen,1
2003/04,mit Hauptschulabschluss,weiblich,Gemeinschaftsschulen,-
2003/04,mit Hauptschulabschluss,weiblich,Integrierte Gesamtschulen,-
2003/04,mit Hauptschulabschluss,weiblich,Schulen des zweiten Bildungsweges,41
2003/04,mit Hauptschulabschluss,weiblich,außerdem Schulkindergärten entspr.Vorbereitungskl.,-
2004/05,mit Hauptschulabschluss,weiblich,Grundschulen,-
2004/05,mit Hauptschulabschluss,weiblich,Schularten mit mehreren Bildungsgängen,2447
2004/05,mit Hauptschulabschluss,weiblich,Gymnasien,x
2004/05,mit Hauptschulabschluss,weiblich,Förderschulen,165
2004/05,mit Hauptschulabschluss,weiblich,Freie Waldorfschulen,1
2004/05,mit Hauptschulabschluss,weiblich,Gemeinschaftsschulen,-
2004/05,mit Hauptschulabschluss,weiblich,Integrierte Gesamtschulen,-
2004/05,mit Hauptschulabschluss,weiblich,Schulen des zweiten Bildungsweges,32
2004/05,mit Hauptschulabschluss,weiblich,außerdem Schulkindergärten entspr.Vorbereitungskl.,-
2005/06,mit Hauptschulabschluss,weiblich,Grundschulen,-
2005/06,mit Hauptschulabschluss,weiblich,Schularten mit mehreren Bildungsgängen,1909
2005/06,mit Hauptschulabschluss,weiblich,Gymnasien,x
2005/06,mit Hauptschulabschluss,weiblich,Förderschulen,198
2005/06,mit Hauptschulabschluss,weiblich,Freie Waldorfschulen,-
2005/06,mit Hauptschulabschluss,weiblich,Gemeinschaftsschulen,-
2005/06,mit Hauptschulabschluss,weiblich,Integrierte Gesamtschulen,-
2005/06,mit Hauptschulabschluss,weiblich,Schulen des zweiten Bildungsweges,49
2005/06,mit Hauptschulabschluss,weiblich,außerdem Schulkindergärten entspr.Vorbereitungskl.,-
2006/07,mit Hauptschulabschluss,weiblich,Grundschulen,-
2006/07,mit Hauptschulabschluss,weiblich,Schularten mit mehreren Bildungsgängen,1497
2006/07,mit Hauptschulabschluss,weiblich,Gymnasien,5
2006/07,mit Hauptschulabschluss,weiblich,Förderschulen,174
2006/07,mit Hauptschulabschluss,weiblich,Freie Waldorfschulen,1
2006/07,mit Hauptschulabschluss,weiblich,Gemeinschaftsschulen,-
2006/07,mit Hauptschulabschluss,weiblich,Integrierte Gesamtschulen,-
2006/07,mit Hauptschulabschluss,weiblich,Schulen des zweiten Bildungsweges,51
2006/07,mit Hauptschulabschluss,weiblich,außerdem Schulkindergärten entspr.Vorbereitungskl.,-
2007/08,mit Hauptschulabschluss,weiblich,Grundschulen,-
2007/08,mit Hauptschulabschluss,weiblich,Schularten mit mehreren Bildungsgängen,1091
2007/08,mit Hauptschulabschluss,weiblich,Gymnasien,8
2007/08,mit Hauptschulabschluss,weiblich,Förderschulen,172
2007/08,mit Hauptschulabschluss,weiblich,Freie Waldorfschulen,2
2007/08,mit Hauptschulabschluss,weiblich,Gemeinschaftsschulen,-
2007/08,mit Hauptschulabschluss,weiblich,Integrierte Gesamtschulen,-
2007/08,mit Hauptschulabschluss,weiblich,Schulen des zweiten Bildungsweges,36
2007/08,mit Hauptschulabschluss,weiblich,außerdem Schulkindergärten entspr.Vorbereitungskl.,-
2008/09,mit Hauptschulabschluss,weiblich,Grundschulen,-
2008/09,mit Hauptschulabschluss,weiblich,Schularten mit mehreren Bildungsgängen,914
2008/09,mit Hauptschulabschluss,weiblich,Gymnasien,9
2008/09,mit Hauptschulabschluss,weiblich,Förderschulen,105
2008/09,mit Hauptschulabschluss,weiblich,Freie Waldorfschulen,-
2008/09,mit Hauptschulabschluss,weiblich,Gemeinschaftsschulen,-
2008/09,mit Hauptschulabschluss,weiblich,Integrierte Gesamtschulen,-
2008/09,mit Hauptschulabschluss,weiblich,Schulen des zweiten Bildungsweges,38
2008/09,mit Hauptschulabschluss,weiblich,außerdem Schulkindergärten entspr.Vorbereitungskl.,-
2009/10,mit Hauptschulabschluss,weiblich,Grundschulen,-
2009/10,mit Hauptschulabschluss,weiblich,Schularten mit mehreren Bildungsgängen,764
2009/10,mit Hauptschulabschluss,weiblich,Gymnasien,1
2009/10,mit Hauptschulabschluss,weiblich,Förderschulen,126
2009/10,mit Hauptschulabschluss,weiblich,Freie Waldorfschulen,-
2009/10,mit Hauptschulabschluss,weiblich,Gemeinschaftsschulen,-
2009/10,mit Hauptschulabschluss,weiblich,Integrierte Gesamtschulen,-
2009/10,mit Hauptschulabschluss,weiblich,Schulen des zweiten Bildungsweges,40
2009/10,mit Hauptschulabschluss,weiblich,außerdem Schulkindergärten entspr.Vorbereitungskl.,-
2010/11,mit Hauptschulabschluss,weiblich,Grundschulen,-
2010/11,mit Hauptschulabschluss,weiblich,Schularten mit mehreren Bildungsgängen,806
2010/11,mit Hauptschulabschluss,weiblich,Gymnasien,7
2010/11,mit Hauptschulabschluss,weiblich,Förderschulen,105
2010/11,mit Hauptschulabschluss,weiblich,Freie Waldorfschulen,2
2010/11,mit Hauptschulabschluss,weiblich,Gemeinschaftsschulen,-
2010/11,mit Hauptschulabschluss,weiblich,Integrierte Gesamtschulen,-
2010/11,mit Hauptschulabschluss,weiblich,Schulen des zweiten Bildungsweges,29
2010/11,mit Hauptschulabschluss,weiblich,außerdem Schulkindergärten entspr.Vorbereitungskl.,-
2011/12,mit Hauptschulabschluss,weiblich,Grundschulen,-
2011/12,mit Hauptschulabschluss,weiblich,Schularten mit mehreren Bildungsgängen,822
2011/12,mit Hauptschulabschluss,weiblich,Gymnasien,4
2011/12,mit Hauptschulabschluss,weiblich,Förderschulen,138
2011/12,mit Hauptschulabschluss,weiblich,Freie Waldorfschulen,1
2011/12,mit Hauptschulabschluss,weiblich,Gemeinschaftsschulen,-
2011/12,mit Hauptschulabschluss,weiblich,Integrierte Gesamtschulen,-
2011/12,mit Hauptschulabschluss,weiblich,Schulen des zweiten Bildungsweges,30
2011/12,mit Hauptschulabschluss,weiblich,außerdem Schulkindergärten entspr.Vorbereitungskl.,-
2012/13,mit Hauptschulabschluss,weiblich,Grundschulen,-
2012/13,mit Hauptschulabschluss,weiblich,Schularten mit mehreren Bildungsgängen,888
2012/13,mit Hauptschulabschluss,weiblich,Gymnasien,3
2012/13,mit Hauptschulabschluss,weiblich,Förderschulen,127
2012/13,mit Hauptschulabschluss,weiblich,Freie Waldorfschulen,3
2012/13,mit Hauptschulabschluss,weiblich,Gemeinschaftsschulen,-
2012/13,mit Hauptschulabschluss,weiblich,Integrierte Gesamtschulen,-
2012/13,mit Hauptschulabschluss,weiblich,Schulen des zweiten Bildungsweges,38
2012/13,mit Hauptschulabschluss,weiblich,außerdem Schulkindergärten entspr.Vorbereitungskl.,-
2013/14,mit Hauptschulabschluss,weiblich,Grundschulen,-
2013/14,mit Hauptschulabschluss,weiblich,Schularten mit mehreren Bildungsgängen,911
2013/14,mit Hauptschulabschluss,weiblich,Gymnasien,5
2013/14,mit Hauptschulabschluss,weiblich,Förderschulen,154
2013/14,mit Hauptschulabschluss,weiblich,Freie Waldorfschulen,1
2013/14,mit Hauptschulabschluss,weiblich,Gemeinschaftsschulen,-
2013/14,mit Hauptschulabschluss,weiblich,Integrierte Gesamtschulen,-
2013/14,mit Hauptschulabschluss,weiblich,Schulen des zweiten Bildungsweges,39
2013/14,mit Hauptschulabschluss,weiblich,außerdem Schulkindergärten entspr.Vorbereitungskl.,-
2014/15,mit Hauptschulabschluss,weiblich,Grundschulen,-
2014/15,mit Hauptschulabschluss,weiblich,Schularten mit mehreren Bildungsgängen,865
2014/15,mit Hauptschulabschluss,weiblich,Gymnasien,12
2014/15,mit Hauptschulabschluss,weiblich,Förderschulen,116
2014/15,mit Hauptschulabschluss,weiblich,Freie Waldorfschulen,1
2014/15,mit Hauptschulabschluss,weiblich,Gemeinschaftsschulen,-
2014/15,mit Hauptschulabschluss,weiblich,Integrierte Gesamtschulen,-
2014/15,mit Hauptschulabschluss,weiblich,Schulen des zweiten Bildungsweges,27
2014/15,mit Hauptschulabschluss,weiblich,außerdem Schulkindergärten entspr.Vorbereitungskl.,-
2015/16,mit Hauptschulabschluss,weiblich,Grundschulen,-
2015/16,mit Hauptschulabschluss,weiblich,Schularten mit mehreren Bildungsgängen,780
2015/16,mit Hauptschulabschluss,weiblich,Gymnasien,2
2015/16,mit Hauptschulabschluss,weiblich,Förderschulen,142
2015/16,mit Hauptschulabschluss,weiblich,Freie Waldorfschulen,3
2015/16,mit Hauptschulabschluss,weiblich,Gemeinschaftsschulen,-
2015/16,mit Hauptschulabschluss,weiblich,Integrierte Gesamtschulen,-
2015/16,mit Hauptschulabschluss,weiblich,Schulen des zweiten Bildungsweges,31
2015/16,mit Hauptschulabschluss,weiblich,außerdem Schulkindergärten entspr.Vorbereitungskl.,-
2016/17,mit Hauptschulabschluss,weiblich,Grundschulen,-
2016/17,mit Hauptschulabschluss,weiblich,Schularten mit mehreren Bildungsgängen,872
2016/17,mit Hauptschulabschluss,weiblich,Gymnasien,5
2016/17,mit Hauptschulabschluss,weiblich,Förderschulen,125
2016/17,mit Hauptschulabschluss,weiblich,Freie Waldorfschulen,1
2016/17,mit Hauptschulabschluss,weiblich,Gemeinschaftsschulen,-
2016/17,mit Hauptschulabschluss,weiblich,Integrierte Gesamtschulen,-
2016/17,mit Hauptschulabschluss,weiblich,Schulen des zweiten Bildungsweges,31
2016/17,mit Hauptschulabschluss,weiblich,außerdem Schulkindergärten entspr.Vorbereitungskl.,-
2017/18,mit Hauptschulabschluss,weiblich,Grundschulen,-
2017/18,mit Hauptschulabschluss,weiblich,Schularten mit mehreren Bildungsgängen,801
2017/18,mit Hauptschulabschluss,weiblich,Gymnasien,3
2017/18,mit Hauptschulabschluss,weiblich,Förderschulen,111
2017/18,mit Hauptschulabschluss,weiblich,Freie Waldorfschulen,2
2017/18,mit Hauptschulabschluss,weiblich,Gemeinschaftsschulen,-
2017/18,mit Hauptschulabschluss,weiblich,Integrierte Gesamtschulen,-
2017/18,mit Hauptschulabschluss,weiblich,Schulen des zweiten Bildungsweges,26
2017/18,mit Hauptschulabschluss,weiblich,außerdem Schulkindergärten entspr.Vorbereitungskl.,-
2018/19,mit Hauptschulabschluss,weiblich,Grundschulen,-
2018/19,mit Hauptschulabschluss,weiblich,Schularten mit mehreren Bildungsgängen,873
2018/19,mit Hauptschulabschluss,weiblich,Gymnasien,9
2018/19,mit Hauptschulabschluss,weiblich,Förderschulen,134
2018/19,mit Hauptschulabschluss,weiblich,Freie Waldorfschulen,2
2018/19,mit Hauptschulabschluss,weiblich,Gemeinschaftsschulen,-
2018/19,mit Hauptschulabschluss,weiblich,Integrierte Gesamtschulen,-
2018/19,mit Hauptschulabschluss,weiblich,Schulen des zweiten Bildungsweges,20
2018/19,mit Hauptschulabschluss,weiblich,außerdem Schulkindergärten entspr.Vorbereitungskl.,-
2019/20,mit Hauptschulabschluss,weiblich,Grundschulen,-
2019/20,mit Hauptschulabschluss,weiblich,Schularten mit mehreren Bildungsgängen,820
2019/20,mit Hauptschulabschluss,weiblich,Gymnasien,7
2019/20,mit Hauptschulabschluss,weiblich,Förderschulen,99
2019/20,mit Hauptschulabschluss,weiblich,Freie Waldorfschulen,1
2019/20,mit Hauptschulabschluss,weiblich,Gemeinschaftsschulen,-
2019/20,mit Hauptschulabschluss,weiblich,Integrierte Gesamtschulen,-
2019/20,mit Hauptschulabschluss,weiblich,Schulen des zweiten Bildungsweges,19
2019/20,mit Hauptschulabschluss,weiblich,außerdem Schulkindergärten entspr.Vorbereitungskl.,-
2020/21,mit Hauptschulabschluss,weiblich,Grundschulen,-
2020/21,mit Hauptschulabschluss,weiblich,Schularten mit mehreren Bildungsgängen,828
2020/21,mit Hauptschulabschluss,weiblich,Gymnasien,7
2020/21,mit Hauptschulabschluss,weiblich,Förderschulen,97
2020/21,mit Hauptschulabschluss,weiblich,Freie Waldorfschulen,6
2020/21,mit Hauptschulabschluss,weiblich,Gemeinschaftsschulen,-
2020/21,mit Hauptschulabschluss,weiblich,Integrierte Gesamtschulen,-
2020/21,mit Hauptschulabschluss,weiblich,Schulen des zweiten Bildungsweges,46
2020/21,mit Hauptschulabschluss,weiblich,außerdem Schulkindergärten entspr.Vorbereitungskl.,-
2021/22,mit Hauptschulabschluss,weiblich,Grundschulen,-
2021/22,mit Hauptschulabschluss,weiblich,Schularten mit mehreren Bildungsgängen,899
2021/22,mit Hauptschulabschluss,weiblich,Gymnasien,11
2021/22,mit Hauptschulabschluss,weiblich,Förderschulen,109
2021/22,mit Hauptschulabschluss,weiblich,Freie Waldorfschulen,6
2021/22,mit Hauptschulabschluss,weiblich,Gemeinschaftsschulen,-
2021/22,mit Hauptschulabschluss,weiblich,Integrierte Gesamtschulen,-
2021/22,mit Hauptschulabschluss,weiblich,Schulen des zweiten Bildungsweges,21
2021/22,mit Hauptschulabschluss,weiblich,außerdem Schulkindergärten entspr.Vorbereitungskl.,-
2022/23,mit Hauptschulabschluss,weiblich,Grundschulen,-
2022/23,mit Hauptschulabschluss,weiblich,Schularten mit mehreren Bildungsgängen,994
2022/23,mit Hauptschulabschluss,weiblich,Gymnasien,9
2022/23,mit Hauptschulabschluss,weiblich,Förderschulen,126
2022/23,mit Hauptschulabschluss,weiblich,Freie Waldorfschulen,7
2022/23,mit Hauptschulabschluss,weiblich,Gemeinschaftsschulen,-
2022/23,mit Hauptschulabschluss,weiblich,Integrierte Gesamtschulen,2
2022/23,mit Hauptschulabschluss,weiblich,Schulen des zweiten Bildungsweges,36
2022/23,mit Hauptschulabschluss,weiblich,außerdem Schulkindergärten entspr.Vorbereitungskl.,-
2023/24,mit Hauptschulabschluss,weiblich,Grundschulen,-
2023/24,mit Hauptschulabschluss,weiblich,Schularten mit mehreren Bildungsgängen,1104
2023/24,mit Hauptschulabschluss,weiblich,Gymnasien,17
2023/24,mit Hauptschulabschluss,weiblich,Förderschulen,133
2023/24,mit Hauptschulabschluss,weiblich,Freie Waldorfschulen,6
2023/24,mit Hauptschulabschluss,weiblich,Gemeinschaftsschulen,-
2023/24,mit Hauptschulabschluss,weiblich,Integrierte Gesamtschulen,-
2023/24,mit Hauptschulabschluss,weiblich,Schulen des zweiten Bildungsweges,22
2023/24,mit Hauptschulabschluss,weiblich,außerdem Schulkindergärten entspr.Vorbereitungskl.,-
2024/25,mit Hauptschulabschluss,weiblich,Grundschulen,-
2024/25,mit Hauptschulabschluss,weiblich,Schularten mit mehreren Bildungsgängen,1261
2024/25,mit Hauptschulabschluss,weiblich,Gymnasien,16
2024/25,mit Hauptschulabschluss,weiblich,Förderschulen,122
2024/25,mit Hauptschulabschluss,weiblich,Freie Waldorfschulen,14
2024/25,mit Hauptschulabschluss,weiblich,Gemeinschaftsschulen,-
2024/25,mit Hauptschulabschluss,weiblich,Integrierte Gesamtschulen,-
2024/25,mit Hauptschulabschluss,weiblich,Schulen des zweiten Bildungsweges,32
2024/25,mit Hauptschulabschluss,weiblich,außerdem Schulkindergärten entspr.Vorbereitungskl.,-
1994/95,mit Hauptschulabschluss,Insgesamt,Grundschulen,-
1994/95,mit Hauptschulabschluss,Insgesamt,Schularten mit mehreren Bildungsgängen,6769
1994/95,mit Hauptschulabschluss,Insgesamt,Gymnasien,5
1994/95,mit Hauptschulabschluss,Insgesamt,Förderschulen,123
1994/95,mit Hauptschulabschluss,Insgesamt,Freie Waldorfschulen,-
1994/95,mit Hauptschulabschluss,Insgesamt,Gemeinschaftsschulen,-
1994/95,mit Hauptschulabschluss,Insgesamt,Integrierte Gesamtschulen,-
1994/95,mit Hauptschulabschluss,Insgesamt,Schulen des zweiten Bildungsweges,12
1994/95,mit Hauptschulabschluss,Insgesamt,außerdem Schulkindergärten entspr.Vorbereitungskl.,-
1995/96,mit Hauptschulabschluss,Insgesamt,Grundschulen,-
1995/96,mit Hauptschulabschluss,Insgesamt,Schularten mit mehreren Bildungsgängen,6604
1995/96,mit Hauptschulabschluss,Insgesamt,Gymnasien,1
1995/96,mit Hauptschulabschluss,Insgesamt,Förderschulen,180
1995/96,mit Hauptschulabschluss,Insgesamt,Freie Waldorfschulen,-
1995/96,mit Hauptschulabschluss,Insgesamt,Gemeinschaftsschulen,-
1995/96,mit Hauptschulabschluss,Insgesamt,Integrierte Gesamtschulen,-
1995/96,mit Hauptschulabschluss,Insgesamt,Schulen des zweiten Bildungsweges,36
1995/96,mit Hauptschulabschluss,Insgesamt,außerdem Schulkindergärten entspr.Vorbereitungskl.,-
1996/97,mit Hauptschulabschluss,Insgesamt,Grundschulen,-
1996/97,mit Hauptschulabschluss,Insgesamt,Schularten mit mehreren Bildungsgängen,7709
1996/97,mit Hauptschulabschluss,Insgesamt,Gymnasien,-
1996/97,mit Hauptschulabschluss,Insgesamt,Förderschulen,384
1996/97,mit Hauptschulabschluss,Insgesamt,Freie Waldorfschulen,2
1996/97,mit Hauptschulabschluss,Insgesamt,Gemeinschaftsschulen,-
1996/97,mit Hauptschulabschluss,Insgesamt,Integrierte Gesamtschulen,-
1996/97,mit Hauptschulabschluss,Insgesamt,Schulen des zweiten Bildungsweges,21
1996/97,mit Hauptschulabschluss,Insgesamt,außerdem Schulkindergärten entspr.Vorbereitungskl.,-
1997/98,mit Hauptschulabschluss,Insgesamt,Grundschulen,-
1997/98,mit Hauptschulabschluss,Insgesamt,Schularten mit mehreren Bildungsgängen,7036
1997/98,mit Hauptschulabschluss,Insgesamt,Gymnasien,-
1997/98,mit Hauptschulabschluss,Insgesamt,Förderschulen,399
1997/98,mit Hauptschulabschluss,Insgesamt,Freie Waldorfschulen,-
1997/98,mit Hauptschulabschluss,Insgesamt,Gemeinschaftsschulen,-
1997/98,mit Hauptschulabschluss,Insgesamt,Integrierte Gesamtschulen,-
1997/98,mit Hauptschulabschluss,Insgesamt,Schulen des zweiten Bildungsweges,16
1997/98,mit Hauptschulabschluss,Insgesamt,außerdem Schulkindergärten entspr.Vorbereitungskl.,-
1998/99,mit Hauptschulabschluss,Insgesamt,Grundschulen,-
1998/99,mit Hauptschulabschluss,Insgesamt,Schularten mit mehreren Bildungsgängen,6657
1998/99,mit Hauptschulabschluss,Insgesamt,Gymnasien,-
1998/99,mit Hauptschulabschluss,Insgesamt,Förderschulen,352
1998/99,mit Hauptschulabschluss,Insgesamt,Freie Waldorfschulen,6
1998/99,mit Hauptschulabschluss,Insgesamt,Gemeinschaftsschulen,-
1998/99,mit Hauptschulabschluss,Insgesamt,Integrierte Gesamtschulen,-
1998/99,mit Hauptschulabschluss,Insgesamt,Schulen des zweiten Bildungsweges,31
1998/99,mit Hauptschulabschluss,Insgesamt,außerdem Schulkindergärten entspr.Vorbereitungskl.,-
1999/00,mit Hauptschulabschluss,Insgesamt,Grundschulen,-
1999/00,mit Hauptschulabschluss,Insgesamt,Schularten mit mehreren Bildungsgängen,6337
1999/00,mit Hauptschulabschluss,Insgesamt,Gymnasien,-
1999/00,mit Hauptschulabschluss,Insgesamt,Förderschulen,398
1999/00,mit Hauptschulabschluss,Insgesamt,Freie Waldorfschulen,7
1999/00,mit Hauptschulabschluss,Insgesamt,Gemeinschaftsschulen,-
1999/00,mit Hauptschulabschluss,Insgesamt,Integrierte Gesamtschulen,-
1999/00,mit Hauptschulabschluss,Insgesamt,Schulen des zweiten Bildungsweges,32
1999/00,mit Hauptschulabschluss,Insgesamt,außerdem Schulkindergärten entspr.Vorbereitungskl.,-
2000/01,mit Hauptschulabschluss,Insgesamt,Grundschulen,-
2000/01,mit Hauptschulabschluss,Insgesamt,Schularten mit mehreren Bildungsgängen,6110
2000/01,mit Hauptschulabschluss,Insgesamt,Gymnasien,-
2000/01,mit Hauptschulabschluss,Insgesamt,Förderschulen,472
2000/01,mit Hauptschulabschluss,Insgesamt,Freie Waldorfschulen,4
2000/01,mit Hauptschulabschluss,Insgesamt,Gemeinschaftsschulen,-
2000/01,mit Hauptschulabschluss,Insgesamt,Integrierte Gesamtschulen,-
2000/01,mit Hauptschulabschluss,Insgesamt,Schulen des zweiten Bildungsweges,51
2000/01,mit Hauptschulabschluss,Insgesamt,außerdem Schulkindergärten entspr.Vorbereitungskl.,-
2001/02,mit Hauptschulabschluss,Insgesamt,Grundschulen,-
2001/02,mit Hauptschulabschluss,Insgesamt,Schularten mit mehreren Bildungsgängen,6921
2001/02,mit Hauptschulabschluss,Insgesamt,Gymnasien,-
2001/02,mit Hauptschulabschluss,Insgesamt,Förderschulen,464
2001/02,mit Hauptschulabschluss,Insgesamt,Freie Waldorfschulen,7
2001/02,mit Hauptschulabschluss,Insgesamt,Gemeinschaftsschulen,-
2001/02,mit Hauptschulabschluss,Insgesamt,Integrierte Gesamtschulen,-
2001/02,mit Hauptschulabschluss,Insgesamt,Schulen des zweiten Bildungsweges,42
2001/02,mit Hauptschulabschluss,Insgesamt,außerdem Schulkindergärten entspr.Vorbereitungskl.,-
2002/03,mit Hauptschulabschluss,Insgesamt,Grundschulen,-
2002/03,mit Hauptschulabschluss,Insgesamt,Schularten mit mehreren Bildungsgängen,6567
2002/03,mit Hauptschulabschluss,Insgesamt,Gymnasien,-
2002/03,mit Hauptschulabschluss,Insgesamt,Förderschulen,453
2002/03,mit Hauptschulabschluss,Insgesamt,Freie Waldorfschulen,4
2002/03,mit Hauptschulabschluss,Insgesamt,Gemeinschaftsschulen,-
2002/03,mit Hauptschulabschluss,Insgesamt,Integrierte Gesamtschulen,-
2002/03,mit Hauptschulabschluss,Insgesamt,Schulen des zweiten Bildungsweges,73
2002/03,mit Hauptschulabschluss,Insgesamt,außerdem Schulkindergärten entspr.Vorbereitungskl.,-
2003/04,mit Hauptschulabschluss,Insgesamt,Grundschulen,-
2003/04,mit Hauptschulabschluss,Insgesamt,Schularten mit mehreren Bildungsgängen,6463
2003/04,mit Hauptschulabschluss,Insgesamt,Gymnasien,-
2003/04,mit Hauptschulabschluss,Insgesamt,Förderschulen,450
2003/04,mit Hauptschulabschluss,Insgesamt,Freie Waldorfschulen,3
2003/04,mit Hauptschulabschluss,Insgesamt,Gemeinschaftsschulen,-
2003/04,mit Hauptschulabschluss,Insgesamt,Integrierte Gesamtschulen,-
2003/04,mit Hauptschulabschluss,Insgesamt,Schulen des zweiten Bildungsweges,80
2003/04,mit Hauptschulabschluss,Insgesamt,außerdem Schulkindergärten entspr.Vorbereitungskl.,-
2004/05,mit Hauptschulabschluss,Insgesamt,Grundschulen,-
2004/05,mit Hauptschulabschluss,Insgesamt,Schularten mit mehreren Bildungsgängen,6335
2004/05,mit Hauptschulabschluss,Insgesamt,Gymnasien,-
2004/05,mit Hauptschulabschluss,Insgesamt,Förderschulen,520
2004/05,mit Hauptschulabschluss,Insgesamt,Freie Waldorfschulen,6
2004/05,mit Hauptschulabschluss,Insgesamt,Gemeinschaftsschulen,-
2004/05,mit Hauptschulabschluss,Insgesamt,Integrierte Gesamtschulen,-
2004/05,mit Hauptschulabschluss,Insgesamt,Schulen des zweiten Bildungsweges,62
2004/05,mit Hauptschulabschluss,Insgesamt,außerdem Schulkindergärten entspr.Vorbereitungskl.,-
2005/06,mit Hauptschulabschluss,Insgesamt,Grundschulen,-
2005/06,mit Hauptschulabschluss,Insgesamt,Schularten mit mehreren Bildungsgängen,4985
2005/06,mit Hauptschulabschluss,Insgesamt,Gymnasien,-
2005/06,mit Hauptschulabschluss,Insgesamt,Förderschulen,518
2005/06,mit Hauptschulabschluss,Insgesamt,Freie Waldorfschulen,3
2005/06,mit Hauptschulabschluss,Insgesamt,Gemeinschaftsschulen,-
2005/06,mit Hauptschulabschluss,Insgesamt,Integrierte Gesamtschulen,-
2005/06,mit Hauptschulabschluss,Insgesamt,Schulen des zweiten Bildungsweges,104
2005/06,mit Hauptschulabschluss,Insgesamt,außerdem Schulkindergärten entspr.Vorbereitungskl.,-
2006/07,mit Hauptschulabschluss,Insgesamt,Grundschulen,-
2006/07,mit Hauptschulabschluss,Insgesamt,Schularten mit mehreren Bildungsgängen,3740
2006/07,mit Hauptschulabschluss,Insgesamt,Gymnasien,13
2006/07,mit Hauptschulabschluss,Insgesamt,Förderschulen,497
2006/07,mit Hauptschulabschluss,Insgesamt,Freie Waldorfschulen,2
2006/07,mit Hauptschulabschluss,Insgesamt,Gemeinschaftsschulen,-
2006/07,mit Hauptschulabschluss,Insgesamt,Integrierte Gesamtschulen,-
2006/07,mit Hauptschulabschluss,Insgesamt,Schulen des zweiten Bildungsweges,100
2006/07,mit Hauptschulabschluss,Insgesamt,außerdem Schulkindergärten entspr.Vorbereitungskl.,-
2007/08,mit Hauptschulabschluss,Insgesamt,Grundschulen,-
2007/08,mit Hauptschulabschluss,Insgesamt,Schularten mit mehreren Bildungsgängen,2653
2007/08,mit Hauptschulabschluss,Insgesamt,Gymnasien,21
2007/08,mit Hauptschulabschluss,Insgesamt,Förderschulen,402
2007/08,mit Hauptschulabschluss,Insgesamt,Freie Waldorfschulen,2
2007/08,mit Hauptschulabschluss,Insgesamt,Gemeinschaftsschulen,-
2007/08,mit Hauptschulabschluss,Insgesamt,Integrierte Gesamtschulen,-
2007/08,mit Hauptschulabschluss,Insgesamt,Schulen des zweiten Bildungsweges,91
2007/08,mit Hauptschulabschluss,Insgesamt,außerdem Schulkindergärten entspr.Vorbereitungskl.,-
2008/09,mit Hauptschulabschluss,Insgesamt,Grundschulen,-
2008/09,mit Hauptschulabschluss,Insgesamt,Schularten mit mehreren Bildungsgängen,2217
2008/09,mit Hauptschulabschluss,Insgesamt,Gymnasien,31
2008/09,mit Hauptschulabschluss,Insgesamt,Förderschulen,298
2008/09,mit Hauptschulabschluss,Insgesamt,Freie Waldorfschulen,1
2008/09,mit Hauptschulabschluss,Insgesamt,Gemeinschaftsschulen,-
2008/09,mit Hauptschulabschluss,Insgesamt,Integrierte Gesamtschulen,-
2008/09,mit Hauptschulabschluss,Insgesamt,Schulen des zweiten Bildungsweges,96
2008/09,mit Hauptschulabschluss,Insgesamt,außerdem Schulkindergärten entspr.Vorbereitungskl.,-
2009/10,mit Hauptschulabschluss,Insgesamt,Grundschulen,-
2009/10,mit Hauptschulabschluss,Insgesamt,Schularten mit mehreren Bildungsgängen,1957
2009/10,mit Hauptschulabschluss,Insgesamt,Gymnasien,3
2009/10,mit Hauptschulabschluss,Insgesamt,Förderschulen,286
2009/10,mit Hauptschulabschluss,Insgesamt,Freie Waldorfschulen,2
2009/10,mit Hauptschulabschluss,Insgesamt,Gemeinschaftsschulen,-
2009/10,mit Hauptschulabschluss,Insgesamt,Integrierte Gesamtschulen,-
2009/10,mit Hauptschulabschluss,Insgesamt,Schulen des zweiten Bildungsweges,93
2009/10,mit Hauptschulabschluss,Insgesamt,außerdem Schulkindergärten entspr.Vorbereitungskl.,-
2010/11,mit Hauptschulabschluss,Insgesamt,Grundschulen,-
2010/11,mit Hauptschulabschluss,Insgesamt,Schularten mit mehreren Bildungsgängen,2031
2010/11,mit Hauptschulabschluss,Insgesamt,Gymnasien,16
2010/11,mit Hauptschulabschluss,Insgesamt,Förderschulen,281
2010/11,mit Hauptschulabschluss,Insgesamt,Freie Waldorfschulen,12
2010/11,mit Hauptschulabschluss,Insgesamt,Gemeinschaftsschulen,-
2010/11,mit Hauptschulabschluss,Insgesamt,Integrierte Gesamtschulen,-
2010/11,mit Hauptschulabschluss,Insgesamt,Schulen des zweiten Bildungsweges,70
2010/11,mit Hauptschulabschluss,Insgesamt,außerdem Schulkindergärten entspr.Vorbereitungskl.,-
2011/12,mit Hauptschulabschluss,Insgesamt,Grundschulen,-
2011/12,mit Hauptschulabschluss,Insgesamt,Schularten mit mehreren Bildungsgängen,2034
2011/12,mit Hauptschulabschluss,Insgesamt,Gymnasien,20
2011/12,mit Hauptschulabschluss,Insgesamt,Förderschulen,291
2011/12,mit Hauptschulabschluss,Insgesamt,Freie Waldorfschulen,2
2011/12,mit Hauptschulabschluss,Insgesamt,Gemeinschaftsschulen,-
2011/12,mit Hauptschulabschluss,Insgesamt,Integrierte Gesamtschulen,-
2011/12,mit Hauptschulabschluss,Insgesamt,Schulen des zweiten Bildungsweges,78
2011/12,mit Hauptschulabschluss,Insgesamt,außerdem Schulkindergärten entspr.Vorbereitungskl.,-
2012/13,mit Hauptschulabschluss,Insgesamt,Grundschulen,-
2012/13,mit Hauptschulabschluss,Insgesamt,Schularten mit mehreren Bildungsgängen,2218
2012/13,mit Hauptschulabschluss,Insgesamt,Gymnasien,12
2012/13,mit Hauptschulabschluss,Insgesamt,Förderschulen,310
2012/13,mit Hauptschulabschluss,Insgesamt,Freie Waldorfschulen,3
2012/13,mit Hauptschulabschluss,Insgesamt,Gemeinschaftsschulen,-
2012/13,mit Hauptschulabschluss,Insgesamt,Integrierte Gesamtschulen,-
2012/13,mit Hauptschulabschluss,Insgesamt,Schulen des zweiten Bildungsweges,87
2012/13,mit Hauptschulabschluss,Insgesamt,außerdem Schulkindergärten entspr.Vorbereitungskl.,-
2013/14,mit Hauptschulabschluss,Insgesamt,Grundschulen,-
2013/14,mit Hauptschulabschluss,Insgesamt,Schularten mit mehreren Bildungsgängen,2308
2013/14,mit Hauptschulabschluss,Insgesamt,Gymnasien,13
2013/14,mit Hauptschulabschluss,Insgesamt,Förderschulen,352
2013/14,mit Hauptschulabschluss,Insgesamt,Freie Waldorfschulen,3
2013/14,mit Hauptschulabschluss,Insgesamt,Gemeinschaftsschulen,-
2013/14,mit Hauptschulabschluss,Insgesamt,Integrierte Gesamtschulen,-
2013/14,mit Hauptschulabschluss,Insgesamt,Schulen des zweiten Bildungsweges,92
2013/14,mit Hauptschulabschluss,Insgesamt,außerdem Schulkindergärten entspr.Vorbereitungskl.,-
2014/15,mit Hauptschulabschluss,Insgesamt,Grundschulen,-
2014/15,mit Hauptschulabschluss,Insgesamt,Schularten mit mehreren Bildungsgängen,2113
2014/15,mit Hauptschulabschluss,Insgesamt,Gymnasien,21
2014/15,mit Hauptschulabschluss,Insgesamt,Förderschulen,286
2014/15,mit Hauptschulabschluss,Insgesamt,Freie Waldorfschulen,4
2014/15,mit Hauptschulabschluss,Insgesamt,Gemeinschaftsschulen,-
2014/15,mit Hauptschulabschluss,Insgesamt,Integrierte Gesamtschulen,-
2014/15,mit Hauptschulabschluss,Insgesamt,Schulen des zweiten Bildungsweges,73
2014/15,mit Hauptschulabschluss,Insgesamt,außerdem Schulkindergärten entspr.Vorbereitungskl.,-
2015/16,mit Hauptschulabschluss,Insgesamt,Grundschulen,-
2015/16,mit Hauptschulabschluss,Insgesamt,Schularten mit mehreren Bildungsgängen,2016
2015/16,mit Hauptschulabschluss,Insgesamt,Gymnasien,8
2015/16,mit Hauptschulabschluss,Insgesamt,Förderschulen,343
2015/16,mit Hauptschulabschluss,Insgesamt,Freie Waldorfschulen,11
2015/16,mit Hauptschulabschluss,Insgesamt,Gemeinschaftsschulen,-
2015/16,mit Hauptschulabschluss,Insgesamt,Integrierte Gesamtschulen,-
2015/16,mit Hauptschulabschluss,Insgesamt,Schulen des zweiten Bildungsweges,82
2015/16,mit Hauptschulabschluss,Insgesamt,außerdem Schulkindergärten entspr.Vorbereitungskl.,-
2016/17,mit Hauptschulabschluss,Insgesamt,Grundschulen,-
2016/17,mit Hauptschulabschluss,Insgesamt,Schularten mit mehreren Bildungsgängen,2263
2016/17,mit Hauptschulabschluss,Insgesamt,Gymnasien,18
2016/17,mit Hauptschulabschluss,Insgesamt,Förderschulen,309
2016/17,mit Hauptschulabschluss,Insgesamt,Freie Waldorfschulen,6
2016/17,mit Hauptschulabschluss,Insgesamt,Gemeinschaftsschulen,-
2016/17,mit Hauptschulabschluss,Insgesamt,Integrierte Gesamtschulen,-
2016/17,mit Hauptschulabschluss,Insgesamt,Schulen des zweiten Bildungsweges,87
2016/17,mit Hauptschulabschluss,Insgesamt,außerdem Schulkindergärten entspr.Vorbereitungskl.,-
2017/18,mit Hauptschulabschluss,Insgesamt,Grundschulen,-
2017/18,mit Hauptschulabschluss,Insgesamt,Schularten mit mehreren Bildungsgängen,2214
2017/18,mit Hauptschulabschluss,Insgesamt,Gymnasien,17
2017/18,mit Hauptschulabschluss,Insgesamt,Förderschulen,299
2017/18,mit Hauptschulabschluss,Insgesamt,Freie Waldorfschulen,5
2017/18,mit Hauptschulabschluss,Insgesamt,Gemeinschaftsschulen,-
2017/18,mit Hauptschulabschluss,Insgesamt,Integrierte Gesamtschulen,-
2017/18,mit Hauptschulabschluss,Insgesamt,Schulen des zweiten Bildungsweges,72
2017/18,mit Hauptschulabschluss,Insgesamt,außerdem Schulkindergärten entspr.Vorbereitungskl.,-
2018/19,mit Hauptschulabschluss,Insgesamt,Grundschulen,-
2018/19,mit Hauptschulabschluss,Insgesamt,Schularten mit mehreren Bildungsgängen,2357
2018/19,mit Hauptschulabschluss,Insgesamt,Gymnasien,28
2018/19,mit Hauptschulabschluss,Insgesamt,Förderschulen,317
2018/19,mit Hauptschulabschluss,Insgesamt,Freie Waldorfschulen,11
2018/19,mit Hauptschulabschluss,Insgesamt,Gemeinschaftsschulen,-
2018/19,mit Hauptschulabschluss,Insgesamt,Integrierte Gesamtschulen,-
2018/19,mit Hauptschulabschluss,Insgesamt,Schulen des zweiten Bildungsweges,99
2018/19,mit Hauptschulabschluss,Insgesamt,außerdem Schulkindergärten entspr.Vorbereitungskl.,-
2019/20,mit Hauptschulabschluss,Insgesamt,Grundschulen,-
2019/20,mit Hauptschulabschluss,Insgesamt,Schularten mit mehreren Bildungsgängen,2222
2019/20,mit Hauptschulabschluss,Insgesamt,Gymnasien,19
2019/20,mit Hauptschulabschluss,Insgesamt,Förderschulen,278
2019/20,mit Hauptschulabschluss,Insgesamt,Freie Waldorfschulen,6
2019/20,mit Hauptschulabschluss,Insgesamt,Gemeinschaftsschulen,-
2019/20,mit Hauptschulabschluss,Insgesamt,Integrierte Gesamtschulen,-
2019/20,mit Hauptschulabschluss,Insgesamt,Schulen des zweiten Bildungsweges,75
2019/20,mit Hauptschulabschluss,Insgesamt,außerdem Schulkindergärten entspr.Vorbereitungskl.,-
2020/21,mit Hauptschulabschluss,Insgesamt,Grundschulen,-
2020/21,mit Hauptschulabschluss,Insgesamt,Schularten mit mehreren Bildungsgängen,2213
2020/21,mit Hauptschulabschluss,Insgesamt,Gymnasien,18
2020/21,mit Hauptschulabschluss,Insgesamt,Förderschulen,275
2020/21,mit Hauptschulabschluss,Insgesamt,Freie Waldorfschulen,9
2020/21,mit Hauptschulabschluss,Insgesamt,Gemeinschaftsschulen,-
2020/21,mit Hauptschulabschluss,Insgesamt,Integrierte Gesamtschulen,-
2020/21,mit Hauptschulabschluss,Insgesamt,Schulen des zweiten Bildungsweges,111
2020/21,mit Hauptschulabschluss,Insgesamt,außerdem Schulkindergärten entspr.Vorbereitungskl.,-
2021/22,mit Hauptschulabschluss,Insgesamt,Grundschulen,-
2021/22,mit Hauptschulabschluss,Insgesamt,Schularten mit mehreren Bildungsgängen,2330
2021/22,mit Hauptschulabschluss,Insgesamt,Gymnasien,29
2021/22,mit Hauptschulabschluss,Insgesamt,Förderschulen,294
2021/22,mit Hauptschulabschluss,Insgesamt,Freie Waldorfschulen,19
2021/22,mit Hauptschulabschluss,Insgesamt,Gemeinschaftsschulen,-
2021/22,mit Hauptschulabschluss,Insgesamt,Integrierte Gesamtschulen,-
2021/22,mit Hauptschulabschluss,Insgesamt,Schulen des zweiten Bildungsweges,53
2021/22,mit Hauptschulabschluss,Insgesamt,außerdem Schulkindergärten entspr.Vorbereitungskl.,-
2022/23,mit Hauptschulabschluss,Insgesamt,Grundschulen,-
2022/23,mit Hauptschulabschluss,Insgesamt,Schularten mit mehreren Bildungsgängen,2566
2022/23,mit Hauptschulabschluss,Insgesamt,Gymnasien,20
2022/23,mit Hauptschulabschluss,Insgesamt,Förderschulen,335
2022/23,mit Hauptschulabschluss,Insgesamt,Freie Waldorfschulen,19
2022/23,mit Hauptschulabschluss,Insgesamt,Gemeinschaftsschulen,-
2022/23,mit Hauptschulabschluss,Insgesamt,Integrierte Gesamtschulen,6
2022/23,mit Hauptschulabschluss,Insgesamt,Schulen des zweiten Bildungsweges,85
2022/23,mit Hauptschulabschluss,Insgesamt,außerdem Schulkindergärten entspr.Vorbereitungskl.,-
2023/24,mit Hauptschulabschluss,Insgesamt,Grundschulen,-
2023/24,mit Hauptschulabschluss,Insgesamt,Schularten mit mehreren Bildungsgängen,2696
2023/24,mit Hauptschulabschluss,Insgesamt,Gymnasien,42
2023/24,mit Hauptschulabschluss,Insgesamt,Förderschulen,335
2023/24,mit Hauptschulabschluss,Insgesamt,Freie Waldorfschulen,20
2023/24,mit Hauptschulabschluss,Insgesamt,Gemeinschaftsschulen,-
2023/24,mit Hauptschulabschluss,Insgesamt,Integrierte Gesamtschulen,4
2023/24,mit Hauptschulabschluss,Insgesamt,Schulen des zweiten Bildungsweges,49
2023/24,mit Hauptschulabschluss,Insgesamt,außerdem Schulkindergärten entspr.Vorbereitungskl.,-
2024/25,mit Hauptschulabschluss,Insgesamt,Grundschulen,-
2024/25,mit Hauptschulabschluss,Insgesamt,Schularten mit mehreren Bildungsgängen,3054
2024/25,mit Hauptschulabschluss,Insgesamt,Gymnasien,41
2024/25,mit Hauptschulabschluss,Insgesamt,Förderschulen,318
2024/25,mit Hauptschulabschluss,Insgesamt,Freie Waldorfschulen,32
2024/25,mit Hauptschulabschluss,Insgesamt,Gemeinschaftsschulen,-
2024/25,mit Hauptschulabschluss,Insgesamt,Integrierte Gesamtschulen,-
2024/25,mit Hauptschulabschluss,Insgesamt,Schulen des zweiten Bildungsweges,69
2024/25,mit Hauptschulabschluss,Insgesamt,außerdem Schulkindergärten entspr.Vorbereitungskl.,-
1994/95,mit Realschulabschluss,männlich,Grundschulen,-
1994/95,mit Realschulabschluss,männlich,Schularten mit mehreren Bildungsgängen,15420
1994/95,mit Realschulabschluss,männlich,Gymnasien,161
1994/95,mit Realschulabschluss,männlich,Förderschulen,38
1994/95,mit Realschulabschluss,männlich,Freie Waldorfschulen,3
1994/95,mit Realschulabschluss,männlich,Gemeinschaftsschulen,-
1994/95,mit Realschulabschluss,männlich,Integrierte Gesamtschulen,-
1994/95,mit Realschulabschluss,männlich,Schulen des zweiten Bildungsweges,27
1994/95,mit Realschulabschluss,männlich,außerdem Schulkindergärten entspr.Vorbereitungskl.,-
1995/96,mit Realschulabschluss,männlich,Grundschulen,-
1995/96,mit Realschulabschluss,männlich,Schularten mit mehreren Bildungsgängen,15732
1995/96,mit Realschulabschluss,männlich,Gymnasien,376
1995/96,mit Realschulabschluss,männlich,Förderschulen,40
1995/96,mit Realschulabschluss,männlich,Freie Waldorfschulen,7
1995/96,mit Realschulabschluss,männlich,Gemeinschaftsschulen,-
1995/96,mit Realschulabschluss,männlich,Integrierte Gesamtschulen,-
1995/96,mit Realschulabschluss,männlich,Schulen des zweiten Bildungsweges,17
1995/96,mit Realschulabschluss,männlich,außerdem Schulkindergärten entspr.Vorbereitungskl.,-
1996/97,mit Realschulabschluss,männlich,Grundschulen,-
1996/97,mit Realschulabschluss,männlich,Schularten mit mehreren Bildungsgängen,14948
1996/97,mit Realschulabschluss,männlich,Gymnasien,410
1996/97,mit Realschulabschluss,männlich,Förderschulen,50
1996/97,mit Realschulabschluss,männlich,Freie Waldorfschulen,3
1996/97,mit Realschulabschluss,männlich,Gemeinschaftsschulen,-
1996/97,mit Realschulabschluss,männlich,Integrierte Gesamtschulen,-
1996/97,mit Realschulabschluss,männlich,Schulen des zweiten Bildungsweges,31
1996/97,mit Realschulabschluss,männlich,außerdem Schulkindergärten entspr.Vorbereitungskl.,-
1997/98,mit Realschulabschluss,männlich,Grundschulen,-
1997/98,mit Realschulabschluss,männlich,Schularten mit mehreren Bildungsgängen,14015
1997/98,mit Realschulabschluss,männlich,Gymnasien,611
1997/98,mit Realschulabschluss,männlich,Förderschulen,40
1997/98,mit Realschulabschluss,männlich,Freie Waldorfschulen,16
1997/98,mit Realschulabschluss,männlich,Gemeinschaftsschulen,-
1997/98,mit Realschulabschluss,männlich,Integrierte Gesamtschulen,-
1997/98,mit Realschulabschluss,männlich,Schulen des zweiten Bildungsweges,25
1997/98,mit Realschulabschluss,männlich,außerdem Schulkindergärten entspr.Vorbereitungskl.,-
1998/99,mit Realschulabschluss,männlich,Grundschulen,-
1998/99,mit Realschulabschluss,männlich,Schularten mit mehreren Bildungsgängen,13571
1998/99,mit Realschulabschluss,männlich,Gymnasien,791
1998/99,mit Realschulabschluss,männlich,Förderschulen,31
1998/99,mit Realschulabschluss,männlich,Freie Waldorfschulen,17
1998/99,mit Realschulabschluss,männlich,Gemeinschaftsschulen,-
1998/99,mit Realschulabschluss,männlich,Integrierte Gesamtschulen,-
1998/99,mit Realschulabschluss,männlich,Schulen des zweiten Bildungsweges,56
1998/99,mit Realschulabschluss,männlich,außerdem Schulkindergärten entspr.Vorbereitungskl.,-
1999/00,mit Realschulabschluss,männlich,Grundschulen,-
1999/00,mit Realschulabschluss,männlich,Schularten mit mehreren Bildungsgängen,14415
1999/00,mit Realschulabschluss,männlich,Gymnasien,826
1999/00,mit Realschulabschluss,männlich,Förderschulen,31
1999/00,mit Realschulabschluss,männlich,Freie Waldorfschulen,10
1999/00,mit Realschulabschluss,männlich,Gemeinschaftsschulen,-
1999/00,mit Realschulabschluss,männlich,Integrierte Gesamtschulen,-
1999/00,mit Realschulabschluss,männlich,Schulen des zweiten Bildungsweges,48
1999/00,mit Realschulabschluss,männlich,außerdem Schulkindergärten entspr.Vorbereitungskl.,-
2000/01,mit Realschulabschluss,männlich,Grundschulen,-
2000/01,mit Realschulabschluss,männlich,Schularten mit mehreren Bildungsgängen,14797
2000/01,mit Realschulabschluss,männlich,Gymnasien,978
2000/01,mit Realschulabschluss,männlich,Förderschulen,41
2000/01,mit Realschulabschluss,männlich,Freie Waldorfschulen,8
2000/01,mit Realschulabschluss,männlich,Gemeinschaftsschulen,-
2000/01,mit Realschulabschluss,männlich,Integrierte Gesamtschulen,-
2000/01,mit Realschulabschluss,männlich,Schulen des zweiten Bildungsweges,38
2000/01,mit Realschulabschluss,männlich,außerdem Schulkindergärten entspr.Vorbereitungskl.,-
2001/02,mit Realschulabschluss,männlich,Grundschulen,-
2001/02,mit Realschulabschluss,männlich,Schularten mit mehreren Bildungsgängen,14750
2001/02,mit Realschulabschluss,männlich,Gymnasien,738
2001/02,mit Realschulabschluss,männlich,Förderschulen,30
2001/02,mit Realschulabschluss,männlich,Freie Waldorfschulen,14
2001/02,mit Realschulabschluss,männlich,Gemeinschaftsschulen,-
2001/02,mit Realschulabschluss,männlich,Integrierte Gesamtschulen,-
2001/02,mit Realschulabschluss,männlich,Schulen des zweiten Bildungsweges,94
2001/02,mit Realschulabschluss,männlich,außerdem Schulkindergärten entspr.Vorbereitungskl.,-
2002/03,mit Realschulabschluss,männlich,Grundschulen,-
2002/03,mit Realschulabschluss,männlich,Schularten mit mehreren Bildungsgängen,14260
2002/03,mit Realschulabschluss,männlich,Gymnasien,643
2002/03,mit Realschulabschluss,männlich,Förderschulen,45
2002/03,mit Realschulabschluss,männlich,Freie Waldorfschulen,14
2002/03,mit Realschulabschluss,männlich,Gemeinschaftsschulen,-
2002/03,mit Realschulabschluss,männlich,Integrierte Gesamtschulen,-
2002/03,mit Realschulabschluss,männlich,Schulen des zweiten Bildungsweges,66
2002/03,mit Realschulabschluss,männlich,außerdem Schulkindergärten entspr.Vorbereitungskl.,-
2003/04,mit Realschulabschluss,männlich,Grundschulen,-
2003/04,mit Realschulabschluss,männlich,Schularten mit mehreren Bildungsgängen,13696
2003/04,mit Realschulabschluss,männlich,Gymnasien,612
2003/04,mit Realschulabschluss,männlich,Förderschulen,27
2003/04,mit Realschulabschluss,männlich,Freie Waldorfschulen,22
2003/04,mit Realschulabschluss,männlich,Gemeinschaftsschulen,-
2003/04,mit Realschulabschluss,männlich,Integrierte Gesamtschulen,-
2003/04,mit Realschulabschluss,männlich,Schulen des zweiten Bildungsweges,80
2003/04,mit Realschulabschluss,männlich,außerdem Schulkindergärten entspr.Vorbereitungskl.,-
2004/05,mit Realschulabschluss,männlich,Grundschulen,-
2004/05,mit Realschulabschluss,männlich,Schularten mit mehreren Bildungsgängen,13171
2004/05,mit Realschulabschluss,männlich,Gymnasien,552
2004/05,mit Realschulabschluss,männlich,Förderschulen,53
2004/05,mit Realschulabschluss,männlich,Freie Waldorfschulen,15
2004/05,mit Realschulabschluss,männlich,Gemeinschaftsschulen,-
2004/05,mit Realschulabschluss,männlich,Integrierte Gesamtschulen,-
2004/05,mit Realschulabschluss,männlich,Schulen des zweiten Bildungsweges,107
2004/05,mit Realschulabschluss,männlich,außerdem Schulkindergärten entspr.Vorbereitungskl.,-
2005/06,mit Realschulabschluss,männlich,Grundschulen,-
2005/06,mit Realschulabschluss,männlich,Schularten mit mehreren Bildungsgängen,12458
2005/06,mit Realschulabschluss,männlich,Gymnasien,538
2005/06,mit Realschulabschluss,männlich,Förderschulen,27
2005/06,mit Realschulabschluss,männlich,Freie Waldorfschulen,24
2005/06,mit Realschulabschluss,männlich,Gemeinschaftsschulen,-
2005/06,mit Realschulabschluss,männlich,Integrierte Gesamtschulen,-
2005/06,mit Realschulabschluss,männlich,Schulen des zweiten Bildungsweges,131
2005/06,mit Realschulabschluss,männlich,außerdem Schulkindergärten entspr.Vorbereitungskl.,-
2006/07,mit Realschulabschluss,männlich,Grundschulen,-
2006/07,mit Realschulabschluss,männlich,Schularten mit mehreren Bildungsgängen,10534
2006/07,mit Realschulabschluss,männlich,Gymnasien,621
2006/07,mit Realschulabschluss,männlich,Förderschulen,37
2006/07,mit Realschulabschluss,männlich,Freie Waldorfschulen,13
2006/07,mit Realschulabschluss,männlich,Gemeinschaftsschulen,-
2006/07,mit Realschulabschluss,männlich,Integrierte Gesamtschulen,-
2006/07,mit Realschulabschluss,männlich,Schulen des zweiten Bildungsweges,144
2006/07,mit Realschulabschluss,männlich,außerdem Schulkindergärten entspr.Vorbereitungskl.,-
2007/08,mit Realschulabschluss,männlich,Grundschulen,-
2007/08,mit Realschulabschluss,männlich,Schularten mit mehreren Bildungsgängen,7463
2007/08,mit Realschulabschluss,männlich,Gymnasien,719
2007/08,mit Realschulabschluss,männlich,Förderschulen,40
2007/08,mit Realschulabschluss,männlich,Freie Waldorfschulen,16
2007/08,mit Realschulabschluss,männlich,Gemeinschaftsschulen,-
2007/08,mit Realschulabschluss,männlich,Integrierte Gesamtschulen,-
2007/08,mit Realschulabschluss,männlich,Schulen des zweiten Bildungsweges,125
2007/08,mit Realschulabschluss,männlich,außerdem Schulkindergärten entspr.Vorbereitungskl.,-
2008/09,mit Realschulabschluss,männlich,Grundschulen,-
2008/09,mit Realschulabschluss,männlich,Schularten mit mehreren Bildungsgängen,6104
2008/09,mit Realschulabschluss,männlich,Gymnasien,589
2008/09,mit Realschulabschluss,männlich,Förderschulen,26
2008/09,mit Realschulabschluss,männlich,Freie Waldorfschulen,16
2008/09,mit Realschulabschluss,männlich,Gemeinschaftsschulen,-
2008/09,mit Realschulabschluss,männlich,Integrierte Gesamtschulen,-
2008/09,mit Realschulabschluss,männlich,Schulen des zweiten Bildungsweges,129
2008/09,mit Realschulabschluss,männlich,außerdem Schulkindergärten entspr.Vorbereitungskl.,-
2009/10,mit Realschulabschluss,männlich,Grundschulen,-
2009/10,mit Realschulabschluss,männlich,Schularten mit mehreren Bildungsgängen,5633
2009/10,mit Realschulabschluss,männlich,Gymnasien,329
2009/10,mit Realschulabschluss,männlich,Förderschulen,19
2009/10,mit Realschulabschluss,männlich,Freie Waldorfschulen,16
2009/10,mit Realschulabschluss,männlich,Gemeinschaftsschulen,-
2009/10,mit Realschulabschluss,männlich,Integrierte Gesamtschulen,-
2009/10,mit Realschulabschluss,männlich,Schulen des zweiten Bildungsweges,131
2009/10,mit Realschulabschluss,männlich,außerdem Schulkindergärten entspr.Vorbereitungskl.,-
2010/11,mit Realschulabschluss,männlich,Grundschulen,-
2010/11,mit Realschulabschluss,männlich,Schularten mit mehreren Bildungsgängen,5191
2010/11,mit Realschulabschluss,männlich,Gymnasien,341
2010/11,mit Realschulabschluss,männlich,Förderschulen,26
2010/11,mit Realschulabschluss,männlich,Freie Waldorfschulen,12
2010/11,mit Realschulabschluss,männlich,Gemeinschaftsschulen,-
2010/11,mit Realschulabschluss,männlich,Integrierte Gesamtschulen,-
2010/11,mit Realschulabschluss,männlich,Schulen des zweiten Bildungsweges,123
2010/11,mit Realschulabschluss,männlich,außerdem Schulkindergärten entspr.Vorbereitungskl.,-
2011/12,mit Realschulabschluss,männlich,Grundschulen,-
2011/12,mit Realschulabschluss,männlich,Schularten mit mehreren Bildungsgängen,5406
2011/12,mit Realschulabschluss,männlich,Gymnasien,348
2011/12,mit Realschulabschluss,männlich,Förderschulen,12
2011/12,mit Realschulabschluss,männlich,Freie Waldorfschulen,21
2011/12,mit Realschulabschluss,männlich,Gemeinschaftsschulen,-
2011/12,mit Realschulabschluss,männlich,Integrierte Gesamtschulen,-
2011/12,mit Realschulabschluss,männlich,Schulen des zweiten Bildungsweges,103
2011/12,mit Realschulabschluss,männlich,außerdem Schulkindergärten entspr.Vorbereitungskl.,-
2012/13,mit Realschulabschluss,männlich,Grundschulen,-
2012/13,mit Realschulabschluss,männlich,Schularten mit mehreren Bildungsgängen,6059
2012/13,mit Realschulabschluss,männlich,Gymnasien,399
2012/13,mit Realschulabschluss,männlich,Förderschulen,23
2012/13,mit Realschulabschluss,männlich,Freie Waldorfschulen,15
2012/13,mit Realschulabschluss,männlich,Gemeinschaftsschulen,-
2012/13,mit Realschulabschluss,männlich,Integrierte Gesamtschulen,-
2012/13,mit Realschulabschluss,männlich,Schulen des zweiten Bildungsweges,94
2012/13,mit Realschulabschluss,männlich,außerdem Schulkindergärten entspr.Vorbereitungskl.,-
2013/14,mit Realschulabschluss,männlich,Grundschulen,-
2013/14,mit Realschulabschluss,männlich,Schularten mit mehreren Bildungsgängen,6755
2013/14,mit Realschulabschluss,männlich,Gymnasien,465
2013/14,mit Realschulabschluss,männlich,Förderschulen,36
2013/14,mit Realschulabschluss,männlich,Freie Waldorfschulen,22
2013/14,mit Realschulabschluss,männlich,Gemeinschaftsschulen,-
2013/14,mit Realschulabschluss,männlich,Integrierte Gesamtschulen,-
2013/14,mit Realschulabschluss,männlich,Schulen des zweiten Bildungsweges,121
2013/14,mit Realschulabschluss,männlich,außerdem Schulkindergärten entspr.Vorbereitungskl.,-
2014/15,mit Realschulabschluss,männlich,Grundschulen,-
2014/15,mit Realschulabschluss,männlich,Schularten mit mehreren Bildungsgängen,6636
2014/15,mit Realschulabschluss,männlich,Gymnasien,511
2014/15,mit Realschulabschluss,männlich,Förderschulen,38
2014/15,mit Realschulabschluss,männlich,Freie Waldorfschulen,28
2014/15,mit Realschulabschluss,männlich,Gemeinschaftsschulen,-
2014/15,mit Realschulabschluss,männlich,Integrierte Gesamtschulen,-
2014/15,mit Realschulabschluss,männlich,Schulen des zweiten Bildungsweges,105
2014/15,mit Realschulabschluss,männlich,außerdem Schulkindergärten entspr.Vorbereitungskl.,-
2015/16,mit Realschulabschluss,männlich,Grundschulen,-
2015/16,mit Realschulabschluss,männlich,Schularten mit mehreren Bildungsgängen,7284
2015/16,mit Realschulabschluss,männlich,Gymnasien,609
2015/16,mit Realschulabschluss,männlich,Förderschulen,32
2015/16,mit Realschulabschluss,männlich,Freie Waldorfschulen,26
2015/16,mit Realschulabschluss,männlich,Gemeinschaftsschulen,-
2015/16,mit Realschulabschluss,männlich,Integrierte Gesamtschulen,-
2015/16,mit Realschulabschluss,männlich,Schulen des zweiten Bildungsweges,92
2015/16,mit Realschulabschluss,männlich,außerdem Schulkindergärten entspr.Vorbereitungskl.,-
2016/17,mit Realschulabschluss,männlich,Grundschulen,-
2016/17,mit Realschulabschluss,männlich,Schularten mit mehreren Bildungsgängen,7554
2016/17,mit Realschulabschluss,männlich,Gymnasien,456
2016/17,mit Realschulabschluss,männlich,Förderschulen,34
2016/17,mit Realschulabschluss,männlich,Freie Waldorfschulen,22
2016/17,mit Realschulabschluss,männlich,Gemeinschaftsschulen,-
2016/17,mit Realschulabschluss,männlich,Integrierte Gesamtschulen,-
2016/17,mit Realschulabschluss,männlich,Schulen des zweiten Bildungsweges,75
2016/17,mit Realschulabschluss,männlich,außerdem Schulkindergärten entspr.Vorbereitungskl.,-
2017/18,mit Realschulabschluss,männlich,Grundschulen,-
2017/18,mit Realschulabschluss,männlich,Schularten mit mehreren Bildungsgängen,7077
2017/18,mit Realschulabschluss,männlich,Gymnasien,452
2017/18,mit Realschulabschluss,männlich,Förderschulen,36
2017/18,mit Realschulabschluss,männlich,Freie Waldorfschulen,22
2017/18,mit Realschulabschluss,männlich,Gemeinschaftsschulen,-
2017/18,mit Realschulabschluss,männlich,Integrierte Gesamtschulen,-
2017/18,mit Realschulabschluss,männlich,Schulen des zweiten Bildungsweges,79
2017/18,mit Realschulabschluss,männlich,außerdem Schulkindergärten entspr.Vorbereitungskl.,-
2018/19,mit Realschulabschluss,männlich,Grundschulen,-
2018/19,mit Realschulabschluss,männlich,Schularten mit mehreren Bildungsgängen,7291
2018/19,mit Realschulabschluss,männlich,Gymnasien,503
2018/19,mit Realschulabschluss,männlich,Förderschulen,24
2018/19,mit Realschulabschluss,männlich,Freie Waldorfschulen,31
2018/19,mit Realschulabschluss,männlich,Gemeinschaftsschulen,-
2018/19,mit Realschulabschluss,männlich,Integrierte Gesamtschulen,-
2018/19,mit Realschulabschluss,männlich,Schulen des zweiten Bildungsweges,88
2018/19,mit Realschulabschluss,männlich,außerdem Schulkindergärten entspr.Vorbereitungskl.,-
2019/20,mit Realschulabschluss,männlich,Grundschulen,-
2019/20,mit Realschulabschluss,männlich,Schularten mit mehreren Bildungsgängen,7638
2019/20,mit Realschulabschluss,männlich,Gymnasien,332
2019/20,mit Realschulabschluss,männlich,Förderschulen,32
2019/20,mit Realschulabschluss,männlich,Freie Waldorfschulen,19
2019/20,mit Realschulabschluss,männlich,Gemeinschaftsschulen,-
2019/20,mit Realschulabschluss,männlich,Integrierte Gesamtschulen,-
2019/20,mit Realschulabschluss,männlich,Schulen des zweiten Bildungsweges,108
2019/20,mit Realschulabschluss,männlich,außerdem Schulkindergärten entspr.Vorbereitungskl.,-
2020/21,mit Realschulabschluss,männlich,Grundschulen,-
2020/21,mit Realschulabschluss,männlich,Schularten mit mehreren Bildungsgängen,7853
2020/21,mit Realschulabschluss,männlich,Gymnasien,334
2020/21,mit Realschulabschluss,männlich,Förderschulen,27
2020/21,mit Realschulabschluss,männlich,Freie Waldorfschulen,34
2020/21,mit Realschulabschluss,männlich,Gemeinschaftsschulen,-
2020/21,mit Realschulabschluss,männlich,Integrierte Gesamtschulen,-
2020/21,mit Realschulabschluss,männlich,Schulen des zweiten Bildungsweges,83
2020/21,mit Realschulabschluss,männlich,außerdem Schulkindergärten entspr.Vorbereitungskl.,-
2021/22,mit Realschulabschluss,männlich,Grundschulen,-
2021/22,mit Realschulabschluss,männlich,Schularten mit mehreren Bildungsgängen,7840
2021/22,mit Realschulabschluss,männlich,Gymnasien,546
2021/22,mit Realschulabschluss,männlich,Förderschulen,24
2021/22,mit Realschulabschluss,männlich,Freie Waldorfschulen,31
2021/22,mit Realschulabschluss,männlich,Gemeinschaftsschulen,-
2021/22,mit Realschulabschluss,männlich,Integrierte Gesamtschulen,-
2021/22,mit Realschulabschluss,männlich,Schulen des zweiten Bildungsweges,61
2021/22,mit Realschulabschluss,männlich,außerdem Schulkindergärten entspr.Vorbereitungskl.,-
2022/23,mit Realschulabschluss,männlich,Grundschulen,-
2022/23,mit Realschulabschluss,männlich,Schularten mit mehreren Bildungsgängen,7782
2022/23,mit Realschulabschluss,männlich,Gymnasien,545
2022/23,mit Realschulabschluss,männlich,Förderschulen,35
2022/23,mit Realschulabschluss,männlich,Freie Waldorfschulen,46
2022/23,mit Realschulabschluss,männlich,Gemeinschaftsschulen,-
2022/23,mit Realschulabschluss,männlich,Integrierte Gesamtschulen,-
2022/23,mit Realschulabschluss,männlich,Schulen des zweiten Bildungsweges,83
2022/23,mit Realschulabschluss,männlich,außerdem Schulkindergärten entspr.Vorbereitungskl.,-
2023/24,mit Realschulabschluss,männlich,Grundschulen,-
2023/24,mit Realschulabschluss,männlich,Schularten mit mehreren Bildungsgängen,8355
2023/24,mit Realschulabschluss,männlich,Gymnasien,670
2023/24,mit Realschulabschluss,männlich,Förderschulen,43
2023/24,mit Realschulabschluss,männlich,Freie Waldorfschulen,34
2023/24,mit Realschulabschluss,männlich,Gemeinschaftsschulen,-
2023/24,mit Realschulabschluss,männlich,Integrierte Gesamtschulen,27
2023/24,mit Realschulabschluss,männlich,Schulen des zweiten Bildungsweges,72
2023/24,mit Realschulabschluss,männlich,außerdem Schulkindergärten entspr.Vorbereitungskl.,-
2024/25,mit Realschulabschluss,männlich,Grundschulen,-
2024/25,mit Realschulabschluss,männlich,Schularten mit mehreren Bildungsgängen,8568
2024/25,mit Realschulabschluss,männlich,Gymnasien,706
2024/25,mit Realschulabschluss,männlich,Förderschulen,29
2024/25,mit Realschulabschluss,männlich,Freie Waldorfschulen,30
2024/25,mit Realschulabschluss,männlich,Gemeinschaftsschulen,-
2024/25,mit Realschulabschluss,männlich,Integrierte Gesamtschulen,-
2024/25,mit Realschulabschluss,männlich,Schulen des zweiten Bildungsweges,86
2024/25,mit Realschulabschluss,männlich,außerdem Schulkindergärten entspr.Vorbereitungskl.,-
1994/95,mit Realschulabschluss,weiblich,Grundschulen,-
1994/95,mit Realschulabschluss,weiblich,Schularten mit mehreren Bildungsgängen,14405
1994/95,mit Realschulabschluss,weiblich,Gymnasien,237
1994/95,mit Realschulabschluss,weiblich,Förderschulen,28
1994/95,mit Realschulabschluss,weiblich,Freie Waldorfschulen,1
1994/95,mit Realschulabschluss,weiblich,Gemeinschaftsschulen,-
1994/95,mit Realschulabschluss,weiblich,Integrierte Gesamtschulen,-
1994/95,mit Realschulabschluss,weiblich,Schulen des zweiten Bildungsweges,20
1994/95,mit Realschulabschluss,weiblich,außerdem Schulkindergärten entspr.Vorbereitungskl.,-
1995/96,mit Realschulabschluss,weiblich,Grundschulen,-
1995/96,mit Realschulabschluss,weiblich,Schularten mit mehreren Bildungsgängen,14848
1995/96,mit Realschulabschluss,weiblich,Gymnasien,591
1995/96,mit Realschulabschluss,weiblich,Förderschulen,39
1995/96,mit Realschulabschluss,weiblich,Freie Waldorfschulen,3
1995/96,mit Realschulabschluss,weiblich,Gemeinschaftsschulen,-
1995/96,mit Realschulabschluss,weiblich,Integrierte Gesamtschulen,-
1995/96,mit Realschulabschluss,weiblich,Schulen des zweiten Bildungsweges,22
1995/96,mit Realschulabschluss,weiblich,außerdem Schulkindergärten entspr.Vorbereitungskl.,-
1996/97,mit Realschulabschluss,weiblich,Grundschulen,-
1996/97,mit Realschulabschluss,weiblich,Schularten mit mehreren Bildungsgängen,14855
1996/97,mit Realschulabschluss,weiblich,Gymnasien,690
1996/97,mit Realschulabschluss,weiblich,Förderschulen,34
1996/97,mit Realschulabschluss,weiblich,Freie Waldorfschulen,10
1996/97,mit Realschulabschluss,weiblich,Gemeinschaftsschulen,-
1996/97,mit Realschulabschluss,weiblich,Integrierte Gesamtschulen,-
1996/97,mit Realschulabschluss,weiblich,Schulen des zweiten Bildungsweges,34
1996/97,mit Realschulabschluss,weiblich,außerdem Schulkindergärten entspr.Vorbereitungskl.,-
1997/98,mit Realschulabschluss,weiblich,Grundschulen,-
1997/98,mit Realschulabschluss,weiblich,Schularten mit mehreren Bildungsgängen,13816
1997/98,mit Realschulabschluss,weiblich,Gymnasien,843
1997/98,mit Realschulabschluss,weiblich,Förderschulen,30
1997/98,mit Realschulabschluss,weiblich,Freie Waldorfschulen,14
1997/98,mit Realschulabschluss,weiblich,Gemeinschaftsschulen,-
1997/98,mit Realschulabschluss,weiblich,Integrierte Gesamtschulen,-
1997/98,mit Realschulabschluss,weiblich,Schulen des zweiten Bildungsweges,23
1997/98,mit Realschulabschluss,weiblich,außerdem Schulkindergärten entspr.Vorbereitungskl.,-
1998/99,mit Realschulabschluss,weiblich,Grundschulen,-
1998/99,mit Realschulabschluss,weiblich,Schularten mit mehreren Bildungsgängen,13562
1998/99,mit Realschulabschluss,weiblich,Gymnasien,1137
1998/99,mit Realschulabschluss,weiblich,Förderschulen,28
1998/99,mit Realschulabschluss,weiblich,Freie Waldorfschulen,20
1998/99,mit Realschulabschluss,weiblich,Gemeinschaftsschulen,-
1998/99,mit Realschulabschluss,weiblich,Integrierte Gesamtschulen,-
1998/99,mit Realschulabschluss,weiblich,Schulen des zweiten Bildungsweges,35
1998/99,mit Realschulabschluss,weiblich,außerdem Schulkindergärten entspr.Vorbereitungskl.,-
1999/00,mit Realschulabschluss,weiblich,Grundschulen,-
1999/00,mit Realschulabschluss,weiblich,Schularten mit mehreren Bildungsgängen,14244
1999/00,mit Realschulabschluss,weiblich,Gymnasien,1173
1999/00,mit Realschulabschluss,weiblich,Förderschulen,27
1999/00,mit Realschulabschluss,weiblich,Freie Waldorfschulen,11
1999/00,mit Realschulabschluss,weiblich,Gemeinschaftsschulen,-
1999/00,mit Realschulabschluss,weiblich,Integrierte Gesamtschulen,-
1999/00,mit Realschulabschluss,weiblich,Schulen des zweiten Bildungsweges,33
1999/00,mit Realschulabschluss,weiblich,außerdem Schulkindergärten entspr.Vorbereitungskl.,-
2000/01,mit Realschulabschluss,weiblich,Grundschulen,-
2000/01,mit Realschulabschluss,weiblich,Schularten mit mehreren Bildungsgängen,15223
2000/01,mit Realschulabschluss,weiblich,Gymnasien,1252
2000/01,mit Realschulabschluss,weiblich,Förderschulen,15
2000/01,mit Realschulabschluss,weiblich,Freie Waldorfschulen,17
2000/01,mit Realschulabschluss,weiblich,Gemeinschaftsschulen,-
2000/01,mit Realschulabschluss,weiblich,Integrierte Gesamtschulen,-
2000/01,mit Realschulabschluss,weiblich,Schulen des zweiten Bildungsweges,45
2000/01,mit Realschulabschluss,weiblich,außerdem Schulkindergärten entspr.Vorbereitungskl.,-
2001/02,mit Realschulabschluss,weiblich,Grundschulen,-
2001/02,mit Realschulabschluss,weiblich,Schularten mit mehreren Bildungsgängen,14898
2001/02,mit Realschulabschluss,weiblich,Gymnasien,895
2001/02,mit Realschulabschluss,weiblich,Förderschulen,26
2001/02,mit Realschulabschluss,weiblich,Freie Waldorfschulen,19
2001/02,mit Realschulabschluss,weiblich,Gemeinschaftsschulen,-
2001/02,mit Realschulabschluss,weiblich,Integrierte Gesamtschulen,-
2001/02,mit Realschulabschluss,weiblich,Schulen des zweiten Bildungsweges,50
2001/02,mit Realschulabschluss,weiblich,außerdem Schulkindergärten entspr.Vorbereitungskl.,-
2002/03,mit Realschulabschluss,weiblich,Grundschulen,-
2002/03,mit Realschulabschluss,weiblich,Schularten mit mehreren Bildungsgängen,14277
2002/03,mit Realschulabschluss,weiblich,Gymnasien,763
2002/03,mit Realschulabschluss,weiblich,Förderschulen,30
2002/03,mit Realschulabschluss,weiblich,Freie Waldorfschulen,15
2002/03,mit Realschulabschluss,weiblich,Gemeinschaftsschulen,-
2002/03,mit Realschulabschluss,weiblich,Integrierte Gesamtschulen,-
2002/03,mit Realschulabschluss,weiblich,Schulen des zweiten Bildungsweges,56
2002/03,mit Realschulabschluss,weiblich,außerdem Schulkindergärten entspr.Vorbereitungskl.,-
2003/04,mit Realschulabschluss,weiblich,Grundschulen,-
2003/04,mit Realschulabschluss,weiblich,Schularten mit mehreren Bildungsgängen,13770
2003/04,mit Realschulabschluss,weiblich,Gymnasien,606
2003/04,mit Realschulabschluss,weiblich,Förderschulen,16
2003/04,mit Realschulabschluss,weiblich,Freie Waldorfschulen,13
2003/04,mit Realschulabschluss,weiblich,Gemeinschaftsschulen,-
2003/04,mit Realschulabschluss,weiblich,Integrierte Gesamtschulen,-
2003/04,mit Realschulabschluss,weiblich,Schulen des zweiten Bildungsweges,69
2003/04,mit Realschulabschluss,weiblich,außerdem Schulkindergärten entspr.Vorbereitungskl.,-
2004/05,mit Realschulabschluss,weiblich,Grundschulen,-
2004/05,mit Realschulabschluss,weiblich,Schularten mit mehreren Bildungsgängen,13021
2004/05,mit Realschulabschluss,weiblich,Gymnasien,509
2004/05,mit Realschulabschluss,weiblich,Förderschulen,25
2004/05,mit Realschulabschluss,weiblich,Freie Waldorfschulen,20
2004/05,mit Realschulabschluss,weiblich,Gemeinschaftsschulen,-
2004/05,mit Realschulabschluss,weiblich,Integrierte Gesamtschulen,-
2004/05,mit Realschulabschluss,weiblich,Schulen des zweiten Bildungsweges,88
2004/05,mit Realschulabschluss,weiblich,außerdem Schulkindergärten entspr.Vorbereitungskl.,-
2005/06,mit Realschulabschluss,weiblich,Grundschulen,-
2005/06,mit Realschulabschluss,weiblich,Schularten mit mehreren Bildungsgängen,12085
2005/06,mit Realschulabschluss,weiblich,Gymnasien,543
2005/06,mit Realschulabschluss,weiblich,Förderschulen,28
2005/06,mit Realschulabschluss,weiblich,Freie Waldorfschulen,12
2005/06,mit Realschulabschluss,weiblich,Gemeinschaftsschulen,-
2005/06,mit Realschulabschluss,weiblich,Integrierte Gesamtschulen,-
2005/06,mit Realschulabschluss,weiblich,Schulen des zweiten Bildungsweges,108
2005/06,mit Realschulabschluss,weiblich,außerdem Schulkindergärten entspr.Vorbereitungskl.,-
2006/07,mit Realschulabschluss,weiblich,Grundschulen,-
2006/07,mit Realschulabschluss,weiblich,Schularten mit mehreren Bildungsgängen,9951
2006/07,mit Realschulabschluss,weiblich,Gymnasien,579
2006/07,mit Realschulabschluss,weiblich,Förderschulen,27
2006/07,mit Realschulabschluss,weiblich,Freie Waldorfschulen,13
2006/07,mit Realschulabschluss,weiblich,Gemeinschaftsschulen,-
2006/07,mit Realschulabschluss,weiblich,Integrierte Gesamtschulen,-
2006/07,mit Realschulabschluss,weiblich,Schulen des zweiten Bildungsweges,139
2006/07,mit Realschulabschluss,weiblich,außerdem Schulkindergärten entspr.Vorbereitungskl.,-
2007/08,mit Realschulabschluss,weiblich,Grundschulen,-
2007/08,mit Realschulabschluss,weiblich,Schularten mit mehreren Bildungsgängen,7035
2007/08,mit Realschulabschluss,weiblich,Gymnasien,668
2007/08,mit Realschulabschluss,weiblich,Förderschulen,11
2007/08,mit Realschulabschluss,weiblich,Freie Waldorfschulen,25
2007/08,mit Realschulabschluss,weiblich,Gemeinschaftsschulen,-
2007/08,mit Realschulabschluss,weiblich,Integrierte Gesamtschulen,-
2007/08,mit Realschulabschluss,weiblich,Schulen des zweiten Bildungsweges,127
2007/08,mit Realschulabschluss,weiblich,außerdem Schulkindergärten entspr.Vorbereitungskl.,-
2008/09,mit Realschulabschluss,weiblich,Grundschulen,-
2008/09,mit Realschulabschluss,weiblich,Schularten mit mehreren Bildungsgängen,5932
2008/09,mit Realschulabschluss,weiblich,Gymnasien,575
2008/09,mit Realschulabschluss,weiblich,Förderschulen,17
2008/09,mit Realschulabschluss,weiblich,Freie Waldorfschulen,15
2008/09,mit Realschulabschluss,weiblich,Gemeinschaftsschulen,-
2008/09,mit Realschulabschluss,weiblich,Integrierte Gesamtschulen,-
2008/09,mit Realschulabschluss,weiblich,Schulen des zweiten Bildungsweges,113
2008/09,mit Realschulabschluss,weiblich,außerdem Schulkindergärten entspr.Vorbereitungskl.,-
2009/10,mit Realschulabschluss,weiblich,Grundschulen,-
2009/10,mit Realschulabschluss,weiblich,Schularten mit mehreren Bildungsgängen,5460
2009/10,mit Realschulabschluss,weiblich,Gymnasien,310
2009/10,mit Realschulabschluss,weiblich,Förderschulen,14
2009/10,mit Realschulabschluss,weiblich,Freie Waldorfschulen,24
2009/10,mit Realschulabschluss,weiblich,Gemeinschaftsschulen,-
2009/10,mit Realschulabschluss,weiblich,Integrierte Gesamtschulen,-
2009/10,mit Realschulabschluss,weiblich,Schulen des zweiten Bildungsweges,98
2009/10,mit Realschulabschluss,weiblich,außerdem Schulkindergärten entspr.Vorbereitungskl.,-
2010/11,mit Realschulabschluss,weiblich,Grundschulen,-
2010/11,mit Realschulabschluss,weiblich,Schularten mit mehreren Bildungsgängen,4867
2010/11,mit Realschulabschluss,weiblich,Gymnasien,376
2010/11,mit Realschulabschluss,weiblich,Förderschulen,16
2010/11,mit Realschulabschluss,weiblich,Freie Waldorfschulen,18
2010/11,mit Realschulabschluss,weiblich,Gemeinschaftsschulen,-
2010/11,mit Realschulabschluss,weiblich,Integrierte Gesamtschulen,-
2010/11,mit Realschulabschluss,weiblich,Schulen des zweiten Bildungsweges,109
2010/11,mit Realschulabschluss,weiblich,außerdem Schulkindergärten entspr.Vorbereitungskl.,-
2011/12,mit Realschulabschluss,weiblich,Grundschulen,-
2011/12,mit Realschulabschluss,weiblich,Schularten mit mehreren Bildungsgängen,5412
2011/12,mit Realschulabschluss,weiblich,Gymnasien,351
2011/12,mit Realschulabschluss,weiblich,Förderschulen,13
2011/12,mit Realschulabschluss,weiblich,Freie Waldorfschulen,22
2011/12,mit Realschulabschluss,weiblich,Gemeinschaftsschulen,-
2011/12,mit Realschulabschluss,weiblich,Integrierte Gesamtschulen,-
2011/12,mit Realschulabschluss,weiblich,Schulen des zweiten Bildungsweges,95
2011/12,mit Realschulabschluss,weiblich,außerdem Schulkindergärten entspr.Vorbereitungskl.,-
2012/13,mit Realschulabschluss,weiblich,Grundschulen,-
2012/13,mit Realschulabschluss,weiblich,Schularten mit mehreren Bildungsgängen,5988
2012/13,mit Realschulabschluss,weiblich,Gymnasien,383
2012/13,mit Realschulabschluss,weiblich,Förderschulen,10
2012/13,mit Realschulabschluss,weiblich,Freie Waldorfschulen,8
2012/13,mit Realschulabschluss,weiblich,Gemeinschaftsschulen,-
2012/13,mit Realschulabschluss,weiblich,Integrierte Gesamtschulen,-
2012/13,mit Realschulabschluss,weiblich,Schulen des zweiten Bildungsweges,98
2012/13,mit Realschulabschluss,weiblich,außerdem Schulkindergärten entspr.Vorbereitungskl.,-
2013/14,mit Realschulabschluss,weiblich,Grundschulen,-
2013/14,mit Realschulabschluss,weiblich,Schularten mit mehreren Bildungsgängen,6179
2013/14,mit Realschulabschluss,weiblich,Gymnasien,449
2013/14,mit Realschulabschluss,weiblich,Förderschulen,25
2013/14,mit Realschulabschluss,weiblich,Freie Waldorfschulen,23
2013/14,mit Realschulabschluss,weiblich,Gemeinschaftsschulen,-
2013/14,mit Realschulabschluss,weiblich,Integrierte Gesamtschulen,-
2013/14,mit Realschulabschluss,weiblich,Schulen des zweiten Bildungsweges,75
2013/14,mit Realschulabschluss,weiblich,außerdem Schulkindergärten entspr.Vorbereitungskl.,-
2014/15,mit Realschulabschluss,weiblich,Grundschulen,-
2014/15,mit Realschulabschluss,weiblich,Schularten mit mehreren Bildungsgängen,6416
2014/15,mit Realschulabschluss,weiblich,Gymnasien,457
2014/15,mit Realschulabschluss,weiblich,Förderschulen,26
2014/15,mit Realschulabschluss,weiblich,Freie Waldorfschulen,19
2014/15,mit Realschulabschluss,weiblich,Gemeinschaftsschulen,-
2014/15,mit Realschulabschluss,weiblich,Integrierte Gesamtschulen,-
2014/15,mit Realschulabschluss,weiblich,Schulen des zweiten Bildungsweges,69
2014/15,mit Realschulabschluss,weiblich,außerdem Schulkindergärten entspr.Vorbereitungskl.,-
2015/16,mit Realschulabschluss,weiblich,Grundschulen,-
2015/16,mit Realschulabschluss,weiblich,Schularten mit mehreren Bildungsgängen,6841
2015/16,mit Realschulabschluss,weiblich,Gymnasien,545
2015/16,mit Realschulabschluss,weiblich,Förderschulen,15
2015/16,mit Realschulabschluss,weiblich,Freie Waldorfschulen,21
2015/16,mit Realschulabschluss,weiblich,Gemeinschaftsschulen,-
2015/16,mit Realschulabschluss,weiblich,Integrierte Gesamtschulen,-
2015/16,mit Realschulabschluss,weiblich,Schulen des zweiten Bildungsweges,87
2015/16,mit Realschulabschluss,weiblich,außerdem Schulkindergärten entspr.Vorbereitungskl.,-
2016/17,mit Realschulabschluss,weiblich,Grundschulen,-
2016/17,mit Realschulabschluss,weiblich,Schularten mit mehreren Bildungsgängen,6889
2016/17,mit Realschulabschluss,weiblich,Gymnasien,349
2016/17,mit Realschulabschluss,weiblich,Förderschulen,11
2016/17,mit Realschulabschluss,weiblich,Freie Waldorfschulen,20
2016/17,mit Realschulabschluss,weiblich,Gemeinschaftsschulen,-
2016/17,mit Realschulabschluss,weiblich,Integrierte Gesamtschulen,-
2016/17,mit Realschulabschluss,weiblich,Schulen des zweiten Bildungsweges,54
2016/17,mit Realschulabschluss,weiblich,außerdem Schulkindergärten entspr.Vorbereitungskl.,-
2017/18,mit Realschulabschluss,weiblich,Grundschulen,-
2017/18,mit Realschulabschluss,weiblich,Schularten mit mehreren Bildungsgängen,6765
2017/18,mit Realschulabschluss,weiblich,Gymnasien,397
2017/18,mit Realschulabschluss,weiblich,Förderschulen,18
2017/18,mit Realschulabschluss,weiblich,Freie Waldorfschulen,26
2017/18,mit Realschulabschluss,weiblich,Gemeinschaftsschulen,-
2017/18,mit Realschulabschluss,weiblich,Integrierte Gesamtschulen,-
2017/18,mit Realschulabschluss,weiblich,Schulen des zweiten Bildungsweges,53
2017/18,mit Realschulabschluss,weiblich,außerdem Schulkindergärten entspr.Vorbereitungskl.,-
2018/19,mit Realschulabschluss,weiblich,Grundschulen,-
2018/19,mit Realschulabschluss,weiblich,Schularten mit mehreren Bildungsgängen,6940
2018/19,mit Realschulabschluss,weiblich,Gymnasien,427
2018/19,mit Realschulabschluss,weiblich,Förderschulen,20
2018/19,mit Realschulabschluss,weiblich,Freie Waldorfschulen,15
2018/19,mit Realschulabschluss,weiblich,Gemeinschaftsschulen,-
2018/19,mit Realschulabschluss,weiblich,Integrierte Gesamtschulen,-
2018/19,mit Realschulabschluss,weiblich,Schulen des zweiten Bildungsweges,51
2018/19,mit Realschulabschluss,weiblich,außerdem Schulkindergärten entspr.Vorbereitungskl.,-
2019/20,mit Realschulabschluss,weiblich,Grundschulen,-
2019/20,mit Realschulabschluss,weiblich,Schularten mit mehreren Bildungsgängen,7411
2019/20,mit Realschulabschluss,weiblich,Gymnasien,289
2019/20,mit Realschulabschluss,weiblich,Förderschulen,14
2019/20,mit Realschulabschluss,weiblich,Freie Waldorfschulen,25
2019/20,mit Realschulabschluss,weiblich,Gemeinschaftsschulen,-
2019/20,mit Realschulabschluss,weiblich,Integrierte Gesamtschulen,-
2019/20,mit Realschulabschluss,weiblich,Schulen des zweiten Bildungsweges,66
2019/20,mit Realschulabschluss,weiblich,außerdem Schulkindergärten entspr.Vorbereitungskl.,-
2020/21,mit Realschulabschluss,weiblich,Grundschulen,-
2020/21,mit Realschulabschluss,weiblich,Schularten mit mehreren Bildungsgängen,7470
2020/21,mit Realschulabschluss,weiblich,Gymnasien,307
2020/21,mit Realschulabschluss,weiblich,Förderschulen,14
2020/21,mit Realschulabschluss,weiblich,Freie Waldorfschulen,27
2020/21,mit Realschulabschluss,weiblich,Gemeinschaftsschulen,-
2020/21,mit Realschulabschluss,weiblich,Integrierte Gesamtschulen,-
2020/21,mit Realschulabschluss,weiblich,Schulen des zweiten Bildungsweges,58
2020/21,mit Realschulabschluss,weiblich,außerdem Schulkindergärten entspr.Vorbereitungskl.,-
2021/22,mit Realschulabschluss,weiblich,Grundschulen,-
2021/22,mit Realschulabschluss,weiblich,Schularten mit mehreren Bildungsgängen,7443
2021/22,mit Realschulabschluss,weiblich,Gymnasien,461
2021/22,mit Realschulabschluss,weiblich,Förderschulen,19
2021/22,mit Realschulabschluss,weiblich,Freie Waldorfschulen,27
2021/22,mit Realschulabschluss,weiblich,Gemeinschaftsschulen,-
2021/22,mit Realschulabschluss,weiblich,Integrierte Gesamtschulen,-
2021/22,mit Realschulabschluss,weiblich,Schulen des zweiten Bildungsweges,46
2021/22,mit Realschulabschluss,weiblich,außerdem Schulkindergärten entspr.Vorbereitungskl.,-
2022/23,mit Realschulabschluss,weiblich,Grundschulen,-
2022/23,mit Realschulabschluss,weiblich,Schularten mit mehreren Bildungsgängen,7547
2022/23,mit Realschulabschluss,weiblich,Gymnasien,520
2022/23,mit Realschulabschluss,weiblich,Förderschulen,18
2022/23,mit Realschulabschluss,weiblich,Freie Waldorfschulen,28
2022/23,mit Realschulabschluss,weiblich,Gemeinschaftsschulen,-
2022/23,mit Realschulabschluss,weiblich,Integrierte Gesamtschulen,-
2022/23,mit Realschulabschluss,weiblich,Schulen des zweiten Bildungsweges,68
2022/23,mit Realschulabschluss,weiblich,außerdem Schulkindergärten entspr.Vorbereitungskl.,-
2023/24,mit Realschulabschluss,weiblich,Grundschulen,-
2023/24,mit Realschulabschluss,weiblich,Schularten mit mehreren Bildungsgängen,7746
2023/24,mit Realschulabschluss,weiblich,Gymnasien,616
2023/24,mit Realschulabschluss,weiblich,Förderschulen,23
2023/24,mit Realschulabschluss,weiblich,Freie Waldorfschulen,22
2023/24,mit Realschulabschluss,weiblich,Gemeinschaftsschulen,-
2023/24,mit Realschulabschluss,weiblich,Integrierte Gesamtschulen,16
2023/24,mit Realschulabschluss,weiblich,Schulen des zweiten Bildungsweges,59
2023/24,mit Realschulabschluss,weiblich,außerdem Schulkindergärten entspr.Vorbereitungskl.,-
2024/25,mit Realschulabschluss,weiblich,Grundschulen,-
2024/25,mit Realschulabschluss,weiblich,Schularten mit mehreren Bildungsgängen,8149
2024/25,mit Realschulabschluss,weiblich,Gymnasien,657
2024/25,mit Realschulabschluss,weiblich,Förderschulen,10
2024/25,mit Realschulabschluss,weiblich,Freie Waldorfschulen,38
2024/25,mit Realschulabschluss,weiblich,Gemeinschaftsschulen,-
2024/25,mit Realschulabschluss,weiblich,Integrierte Gesamtschulen,-
2024/25,mit Realschulabschluss,weiblich,Schulen des zweiten Bildungsweges,79
2024/25,mit Realschulabschluss,weiblich,außerdem Schulkindergärten entspr.Vorbereitungskl.,-
1994/95,mit Realschulabschluss,Insgesamt,Grundschulen,-
1994/95,mit Realschulabschluss,Insgesamt,Schularten mit mehreren Bildungsgängen,29825
1994/95,mit Realschulabschluss,Insgesamt,Gymnasien,398
1994/95,mit Realschulabschluss,Insgesamt,Förderschulen,66
1994/95,mit Realschulabschluss,Insgesamt,Freie Waldorfschulen,4
1994/95,mit Realschulabschluss,Insgesamt,Gemeinschaftsschulen,-
1994/95,mit Realschulabschluss,Insgesamt,Integrierte Gesamtschulen,-
1994/95,mit Realschulabschluss,Insgesamt,Schulen des zweiten Bildungsweges,47
1994/95,mit Realschulabschluss,Insgesamt,außerdem Schulkindergärten entspr.Vorbereitungskl.,-
1995/96,mit Realschulabschluss,Insgesamt,Grundschulen,-
1995/96,mit Realschulabschluss,Insgesamt,Schularten mit mehreren Bildungsgängen,30580
1995/96,mit Realschulabschluss,Insgesamt,Gymnasien,967
1995/96,mit Realschulabschluss,Insgesamt,Förderschulen,79
1995/96,mit Realschulabschluss,Insgesamt,Freie Waldorfschulen,10
1995/96,mit Realschulabschluss,Insgesamt,Gemeinschaftsschulen,-
1995/96,mit Realschulabschluss,Insgesamt,Integrierte Gesamtschulen,-
1995/96,mit Realschulabschluss,Insgesamt,Schulen des zweiten Bildungsweges,39
1995/96,mit Realschulabschluss,Insgesamt,außerdem Schulkindergärten entspr.Vorbereitungskl.,-
1996/97,mit Realschulabschluss,Insgesamt,Grundschulen,-
1996/97,mit Realschulabschluss,Insgesamt,Schularten mit mehreren Bildungsgängen,29803
1996/97,mit Realschulabschluss,Insgesamt,Gymnasien,1100
1996/97,mit Realschulabschluss,Insgesamt,Förderschulen,84
1996/97,mit Realschulabschluss,Insgesamt,Freie Waldorfschulen,13
1996/97,mit Realschulabschluss,Insgesamt,Gemeinschaftsschulen,-
1996/97,mit Realschulabschluss,Insgesamt,Integrierte Gesamtschulen,-
1996/97,mit Realschulabschluss,Insgesamt,Schulen des zweiten Bildungsweges,65
1996/97,mit Realschulabschluss,Insgesamt,außerdem Schulkindergärten entspr.Vorbereitungskl.,-
1997/98,mit Realschulabschluss,Insgesamt,Grundschulen,-
1997/98,mit Realschulabschluss,Insgesamt,Schularten mit mehreren Bildungsgängen,27831
1997/98,mit Realschulabschluss,Insgesamt,Gymnasien,1454
1997/98,mit Realschulabschluss,Insgesamt,Förderschulen,70
1997/98,mit Realschulabschluss,Insgesamt,Freie Waldorfschulen,30
1997/98,mit Realschulabschluss,Insgesamt,Gemeinschaftsschulen,-
1997/98,mit Realschulabschluss,Insgesamt,Integrierte Gesamtschulen,-
1997/98,mit Realschulabschluss,Insgesamt,Schulen des zweiten Bildungsweges,48
1997/98,mit Realschulabschluss,Insgesamt,außerdem Schulkindergärten entspr.Vorbereitungskl.,-
1998/99,mit Realschulabschluss,Insgesamt,Grundschulen,-
1998/99,mit Realschulabschluss,Insgesamt,Schularten mit mehreren Bildungsgängen,27133
1998/99,mit Realschulabschluss,Insgesamt,Gymnasien,1928
1998/99,mit Realschulabschluss,Insgesamt,Förderschulen,59
1998/99,mit Realschulabschluss,Insgesamt,Freie Waldorfschulen,37
1998/99,mit Realschulabschluss,Insgesamt,Gemeinschaftsschulen,-
1998/99,mit Realschulabschluss,Insgesamt,Integrierte Gesamtschulen,-
1998/99,mit Realschulabschluss,Insgesamt,Schulen des zweiten Bildungsweges,91
1998/99,mit Realschulabschluss,Insgesamt,außerdem Schulkindergärten entspr.Vorbereitungskl.,-
1999/00,mit Realschulabschluss,Insgesamt,Grundschulen,-
1999/00,mit Realschulabschluss,Insgesamt,Schularten mit mehreren Bildungsgängen,28659
1999/00,mit Realschulabschluss,Insgesamt,Gymnasien,1999
1999/00,mit Realschulabschluss,Insgesamt,Förderschulen,58
1999/00,mit Realschulabschluss,Insgesamt,Freie Waldorfschulen,21
1999/00,mit Realschulabschluss,Insgesamt,Gemeinschaftsschulen,-
1999/00,mit Realschulabschluss,Insgesamt,Integrierte Gesamtschulen,-
1999/00,mit Realschulabschluss,Insgesamt,Schulen des zweiten Bildungsweges,81
1999/00,mit Realschulabschluss,Insgesamt,außerdem Schulkindergärten entspr.Vorbereitungskl.,-
2000/01,mit Realschulabschluss,Insgesamt,Grundschulen,-
2000/01,mit Realschulabschluss,Insgesamt,Schularten mit mehreren Bildungsgängen,30020
2000/01,mit Realschulabschluss,Insgesamt,Gymnasien,2230
2000/01,mit Realschulabschluss,Insgesamt,Förderschulen,56
2000/01,mit Realschulabschluss,Insgesamt,Freie Waldorfschulen,25
2000/01,mit Realschulabschluss,Insgesamt,Gemeinschaftsschulen,-
2000/01,mit Realschulabschluss,Insgesamt,Integrierte Gesamtschulen,-
2000/01,mit Realschulabschluss,Insgesamt,Schulen des zweiten Bildungsweges,83
2000/01,mit Realschulabschluss,Insgesamt,außerdem Schulkindergärten entspr.Vorbereitungskl.,-
2001/02,mit Realschulabschluss,Insgesamt,Grundschulen,-
2001/02,mit Realschulabschluss,Insgesamt,Schularten mit mehreren Bildungsgängen,29648
2001/02,mit Realschulabschluss,Insgesamt,Gymnasien,1633
2001/02,mit Realschulabschluss,Insgesamt,Förderschulen,56
2001/02,mit Realschulabschluss,Insgesamt,Freie Waldorfschulen,33
2001/02,mit Realschulabschluss,Insgesamt,Gemeinschaftsschulen,-
2001/02,mit Realschulabschluss,Insgesamt,Integrierte Gesamtschulen,-
2001/02,mit Realschulabschluss,Insgesamt,Schulen des zweiten Bildungsweges,144
2001/02,mit Realschulabschluss,Insgesamt,außerdem Schulkindergärten entspr.Vorbereitungskl.,-
2002/03,mit Realschulabschluss,Insgesamt,Grundschulen,-
2002/03,mit Realschulabschluss,Insgesamt,Schularten mit mehreren Bildungsgängen,28537
2002/03,mit Realschulabschluss,Insgesamt,Gymnasien,1406
2002/03,mit Realschulabschluss,Insgesamt,Förderschulen,75
2002/03,mit Realschulabschluss,Insgesamt,Freie Waldorfschulen,29
2002/03,mit Realschulabschluss,Insgesamt,Gemeinschaftsschulen,-
2002/03,mit Realschulabschluss,Insgesamt,Integrierte Gesamtschulen,-
2002/03,mit Realschulabschluss,Insgesamt,Schulen des zweiten Bildungsweges,122
2002/03,mit Realschulabschluss,Insgesamt,außerdem Schulkindergärten entspr.Vorbereitungskl.,-
2003/04,mit Realschulabschluss,Insgesamt,Grundschulen,-
2003/04,mit Realschulabschluss,Insgesamt,Schularten mit mehreren Bildungsgängen,27466
2003/04,mit Realschulabschluss,Insgesamt,Gymnasien,1218
2003/04,mit Realschulabschluss,Insgesamt,Förderschulen,43
2003/04,mit Realschulabschluss,Insgesamt,Freie Waldorfschulen,35
2003/04,mit Realschulabschluss,Insgesamt,Gemeinschaftsschulen,-
2003/04,mit Realschulabschluss,Insgesamt,Integrierte Gesamtschulen,-
2003/04,mit Realschulabschluss,Insgesamt,Schulen des zweiten Bildungsweges,149
2003/04,mit Realschulabschluss,Insgesamt,außerdem Schulkindergärten entspr.Vorbereitungskl.,-
2004/05,mit Realschulabschluss,Insgesamt,Grundschulen,-
2004/05,mit Realschulabschluss,Insgesamt,Schularten mit mehreren Bildungsgängen,26192
2004/05,mit Realschulabschluss,Insgesamt,Gymnasien,1061
2004/05,mit Realschulabschluss,Insgesamt,Förderschulen,78
2004/05,mit Realschulabschluss,Insgesamt,Freie Waldorfschulen,35
2004/05,mit Realschulabschluss,Insgesamt,Gemeinschaftsschulen,-
2004/05,mit Realschulabschluss,Insgesamt,Integrierte Gesamtschulen,-
2004/05,mit Realschulabschluss,Insgesamt,Schulen des zweiten Bildungsweges,195
2004/05,mit Realschulabschluss,Insgesamt,außerdem Schulkindergärten entspr.Vorbereitungskl.,-
2005/06,mit Realschulabschluss,Insgesamt,Grundschulen,-
2005/06,mit Realschulabschluss,Insgesamt,Schularten mit mehreren Bildungsgängen,24543
2005/06,mit Realschulabschluss,Insgesamt,Gymnasien,1081
2005/06,mit Realschulabschluss,Insgesamt,Förderschulen,55
2005/06,mit Realschulabschluss,Insgesamt,Freie Waldorfschulen,36
2005/06,mit Realschulabschluss,Insgesamt,Gemeinschaftsschulen,-
2005/06,mit Realschulabschluss,Insgesamt,Integrierte Gesamtschulen,-
2005/06,mit Realschulabschluss,Insgesamt,Schulen des zweiten Bildungsweges,239
2005/06,mit Realschulabschluss,Insgesamt,außerdem Schulkindergärten entspr.Vorbereitungskl.,-
2006/07,mit Realschulabschluss,Insgesamt,Grundschulen,-
2006/07,mit Realschulabschluss,Insgesamt,Schularten mit mehreren Bildungsgängen,20485
2006/07,mit Realschulabschluss,Insgesamt,Gymnasien,1200
2006/07,mit Realschulabschluss,Insgesamt,Förderschulen,64
2006/07,mit Realschulabschluss,Insgesamt,Freie Waldorfschulen,26
2006/07,mit Realschulabschluss,Insgesamt,Gemeinschaftsschulen,-
2006/07,mit Realschulabschluss,Insgesamt,Integrierte Gesamtschulen,-
2006/07,mit Realschulabschluss,Insgesamt,Schulen des zweiten Bildungsweges,283
2006/07,mit Realschulabschluss,Insgesamt,außerdem Schulkindergärten entspr.Vorbereitungskl.,-
2007/08,mit Realschulabschluss,Insgesamt,Grundschulen,-
2007/08,mit Realschulabschluss,Insgesamt,Schularten mit mehreren Bildungsgängen,14498
2007/08,mit Realschulabschluss,Insgesamt,Gymnasien,1387
2007/08,mit Realschulabschluss,Insgesamt,Förderschulen,51
2007/08,mit Realschulabschluss,Insgesamt,Freie Waldorfschulen,41
2007/08,mit Realschulabschluss,Insgesamt,Gemeinschaftsschulen,-
2007/08,mit Realschulabschluss,Insgesamt,Integrierte Gesamtschulen,-
2007/08,mit Realschulabschluss,Insgesamt,Schulen des zweiten Bildungsweges,252
2007/08,mit Realschulabschluss,Insgesamt,außerdem Schulkindergärten entspr.Vorbereitungskl.,-
2008/09,mit Realschulabschluss,Insgesamt,Grundschulen,-
2008/09,mit Realschulabschluss,Insgesamt,Schularten mit mehreren Bildungsgängen,12036
2008/09,mit Realschulabschluss,Insgesamt,Gymnasien,1164
2008/09,mit Realschulabschluss,Insgesamt,Förderschulen,43
2008/09,mit Realschulabschluss,Insgesamt,Freie Waldorfschulen,31
2008/09,mit Realschulabschluss,Insgesamt,Gemeinschaftsschulen,-
2008/09,mit Realschulabschluss,Insgesamt,Integrierte Gesamtschulen,-
2008/09,mit Realschulabschluss,Insgesamt,Schulen des zweiten Bildungsweges,242
2008/09,mit Realschulabschluss,Insgesamt,außerdem Schulkindergärten entspr.Vorbereitungskl.,-
2009/10,mit Realschulabschluss,Insgesamt,Grundschulen,-
2009/10,mit Realschulabschluss,Insgesamt,Schularten mit mehreren Bildungsgängen,11093
2009/10,mit Realschulabschluss,Insgesamt,Gymnasien,639
2009/10,mit Realschulabschluss,Insgesamt,Förderschulen,33
2009/10,mit Realschulabschluss,Insgesamt,Freie Waldorfschulen,40
2009/10,mit Realschulabschluss,Insgesamt,Gemeinschaftsschulen,-
2009/10,mit Realschulabschluss,Insgesamt,Integrierte Gesamtschulen,-
2009/10,mit Realschulabschluss,Insgesamt,Schulen des zweiten Bildungsweges,229
2009/10,mit Realschulabschluss,Insgesamt,außerdem Schulkindergärten entspr.Vorbereitungskl.,-
2010/11,mit Realschulabschluss,Insgesamt,Grundschulen,-
2010/11,mit Realschulabschluss,Insgesamt,Schularten mit mehreren Bildungsgängen,10058
2010/11,mit Realschulabschluss,Insgesamt,Gymnasien,717
2010/11,mit Realschulabschluss,Insgesamt,Förderschulen,42
2010/11,mit Realschulabschluss,Insgesamt,Freie Waldorfschulen,30
2010/11,mit Realschulabschluss,Insgesamt,Gemeinschaftsschulen,-
2010/11,mit Realschulabschluss,Insgesamt,Integrierte Gesamtschulen,-
2010/11,mit Realschulabschluss,Insgesamt,Schulen des zweiten Bildungsweges,232
2010/11,mit Realschulabschluss,Insgesamt,außerdem Schulkindergärten entspr.Vorbereitungskl.,-
2011/12,mit Realschulabschluss,Insgesamt,Grundschulen,-
2011/12,mit Realschulabschluss,Insgesamt,Schularten mit mehreren Bildungsgängen,10818
2011/12,mit Realschulabschluss,Insgesamt,Gymnasien,699
2011/12,mit Realschulabschluss,Insgesamt,Förderschulen,25
2011/12,mit Realschulabschluss,Insgesamt,Freie Waldorfschulen,43
2011/12,mit Realschulabschluss,Insgesamt,Gemeinschaftsschulen,-
2011/12,mit Realschulabschluss,Insgesamt,Integrierte Gesamtschulen,-
2011/12,mit Realschulabschluss,Insgesamt,Schulen des zweiten Bildungsweges,198
2011/12,mit Realschulabschluss,Insgesamt,außerdem Schulkindergärten entspr.Vorbereitungskl.,-
2012/13,mit Realschulabschluss,Insgesamt,Grundschulen,-
2012/13,mit Realschulabschluss,Insgesamt,Schularten mit mehreren Bildungsgängen,12047
2012/13,mit Realschulabschluss,Insgesamt,Gymnasien,782
2012/13,mit Realschulabschluss,Insgesamt,Förderschulen,33
2012/13,mit Realschulabschluss,Insgesamt,Freie Waldorfschulen,23
2012/13,mit Realschulabschluss,Insgesamt,Gemeinschaftsschulen,-
2012/13,mit Realschulabschluss,Insgesamt,Integrierte Gesamtschulen,-
2012/13,mit Realschulabschluss,Insgesamt,Schulen des zweiten Bildungsweges,192
2012/13,mit Realschulabschluss,Insgesamt,außerdem Schulkindergärten entspr.Vorbereitungskl.,-
2013/14,mit Realschulabschluss,Insgesamt,Grundschulen,-
2013/14,mit Realschulabschluss,Insgesamt,Schularten mit mehreren Bildungsgängen,12934
2013/14,mit Realschulabschluss,Insgesamt,Gymnasien,914
2013/14,mit Realschulabschluss,Insgesamt,Förderschulen,61
2013/14,mit Realschulabschluss,Insgesamt,Freie Waldorfschulen,45
2013/14,mit Realschulabschluss,Insgesamt,Gemeinschaftsschulen,-
2013/14,mit Realschulabschluss,Insgesamt,Integrierte Gesamtschulen,-
2013/14,mit Realschulabschluss,Insgesamt,Schulen des zweiten Bildungsweges,196
2013/14,mit Realschulabschluss,Insgesamt,außerdem Schulkindergärten entspr.Vorbereitungskl.,-
2014/15,mit Realschulabschluss,Insgesamt,Grundschulen,-
2014/15,mit Realschulabschluss,Insgesamt,Schularten mit mehreren Bildungsgängen,13052
2014/15,mit Realschulabschluss,Insgesamt,Gymnasien,968
2014/15,mit Realschulabschluss,Insgesamt,Förderschulen,64
2014/15,mit Realschulabschluss,Insgesamt,Freie Waldorfschulen,47
2014/15,mit Realschulabschluss,Insgesamt,Gemeinschaftsschulen,-
2014/15,mit Realschulabschluss,Insgesamt,Integrierte Gesamtschulen,-
2014/15,mit Realschulabschluss,Insgesamt,Schulen des zweiten Bildungsweges,174
2014/15,mit Realschulabschluss,Insgesamt,außerdem Schulkindergärten entspr.Vorbereitungskl.,-
2015/16,mit Realschulabschluss,Insgesamt,Grundschulen,-
2015/16,mit Realschulabschluss,Insgesamt,Schularten mit mehreren Bildungsgängen,14125
2015/16,mit Realschulabschluss,Insgesamt,Gymnasien,1154
2015/16,mit Realschulabschluss,Insgesamt,Förderschulen,47
2015/16,mit Realschulabschluss,Insgesamt,Freie Waldorfschulen,47
2015/16,mit Realschulabschluss,Insgesamt,Gemeinschaftsschulen,-
2015/16,mit Realschulabschluss,Insgesamt,Integrierte Gesamtschulen,-
2015/16,mit Realschulabschluss,Insgesamt,Schulen des zweiten Bildungsweges,179
2015/16,mit Realschulabschluss,Insgesamt,außerdem Schulkindergärten entspr.Vorbereitungskl.,-
2016/17,mit Realschulabschluss,Insgesamt,Grundschulen,-
2016/17,mit Realschulabschluss,Insgesamt,Schularten mit mehreren Bildungsgängen,14443
2016/17,mit Realschulabschluss,Insgesamt,Gymnasien,805
2016/17,mit Realschulabschluss,Insgesamt,Förderschulen,45
2016/17,mit Realschulabschluss,Insgesamt,Freie Waldorfschulen,42
2016/17,mit Realschulabschluss,Insgesamt,Gemeinschaftsschulen,-
2016/17,mit Realschulabschluss,Insgesamt,Integrierte Gesamtschulen,-
2016/17,mit Realschulabschluss,Insgesamt,Schulen des zweiten Bildungsweges,129
2016/17,mit Realschulabschluss,Insgesamt,außerdem Schulkindergärten entspr.Vorbereitungskl.,-
2017/18,mit Realschulabschluss,Insgesamt,Grundschulen,-
2017/18,mit Realschulabschluss,Insgesamt,Schularten mit mehreren Bildungsgängen,13842
2017/18,mit Realschulabschluss,Insgesamt,Gymnasien,849
2017/18,mit Realschulabschluss,Insgesamt,Förderschulen,54
2017/18,mit Realschulabschluss,Insgesamt,Freie Waldorfschulen,48
2017/18,mit Realschulabschluss,Insgesamt,Gemeinschaftsschulen,-
2017/18,mit Realschulabschluss,Insgesamt,Integrierte Gesamtschulen,-
2017/18,mit Realschulabschluss,Insgesamt,Schulen des zweiten Bildungsweges,132
2017/18,mit Realschulabschluss,Insgesamt,außerdem Schulkindergärten entspr.Vorbereitungskl.,-
2018/19,mit Realschulabschluss,Insgesamt,Grundschulen,-
2018/19,mit Realschulabschluss,Insgesamt,Schularten mit mehreren Bildungsgängen,14231
2018/19,mit Realschulabschluss,Insgesamt,Gymnasien,930
2018/19,mit Realschulabschluss,Insgesamt,Förderschulen,44
2018/19,mit Realschulabschluss,Insgesamt,Freie Waldorfschulen,46
2018/19,mit Realschulabschluss,Insgesamt,Gemeinschaftsschulen,-
2018/19,mit Realschulabschluss,Insgesamt,Integrierte Gesamtschulen,-
2018/19,mit Realschulabschluss,Insgesamt,Schulen des zweiten Bildungsweges,139
2018/19,mit Realschulabschluss,Insgesamt,außerdem Schulkindergärten entspr.Vorbereitungskl.,-
2019/20,mit Realschulabschluss,Insgesamt,Grundschulen,-
2019/20,mit Realschulabschluss,Insgesamt,Schularten mit mehreren Bildungsgängen,15049
2019/20,mit Realschulabschluss,Insgesamt,Gymnasien,621
2019/20,mit Realschulabschluss,Insgesamt,Förderschulen,46
2019/20,mit Realschulabschluss,Insgesamt,Freie Waldorfschulen,44
2019/20,mit Realschulabschluss,Insgesamt,Gemeinschaftsschulen,-
2019/20,mit Realschulabschluss,Insgesamt,Integrierte Gesamtschulen,-
2019/20,mit Realschulabschluss,Insgesamt,Schulen des zweiten Bildungsweges,174
2019/20,mit Realschulabschluss,Insgesamt,außerdem Schulkindergärten entspr.Vorbereitungskl.,-
2020/21,mit Realschulabschluss,Insgesamt,Grundschulen,-
2020/21,mit Realschulabschluss,Insgesamt,Schularten mit mehreren Bildungsgängen,15323
2020/21,mit Realschulabschluss,Insgesamt,Gymnasien,641
2020/21,mit Realschulabschluss,Insgesamt,Förderschulen,41
2020/21,mit Realschulabschluss,Insgesamt,Freie Waldorfschulen,61
2020/21,mit Realschulabschluss,Insgesamt,Gemeinschaftsschulen,-
2020/21,mit Realschulabschluss,Insgesamt,Integrierte Gesamtschulen,-
2020/21,mit Realschulabschluss,Insgesamt,Schulen des zweiten Bildungsweges,141
2020/21,mit Realschulabschluss,Insgesamt,außerdem Schulkindergärten entspr.Vorbereitungskl.,-
2021/22,mit Realschulabschluss,Insgesamt,Grundschulen,-
2021/22,mit Realschulabschluss,Insgesamt,Schularten mit mehreren Bildungsgängen,15283
2021/22,mit Realschulabschluss,Insgesamt,Gymnasien,1007
2021/22,mit Realschulabschluss,Insgesamt,Förderschulen,43
2021/22,mit Realschulabschluss,Insgesamt,Freie Waldorfschulen,58
2021/22,mit Realschulabschluss,Insgesamt,Gemeinschaftsschulen,-
2021/22,mit Realschulabschluss,Insgesamt,Integrierte Gesamtschulen,-
2021/22,mit Realschulabschluss,Insgesamt,Schulen des zweiten Bildungsweges,107
2021/22,mit Realschulabschluss,Insgesamt,außerdem Schulkindergärten entspr.Vorbereitungskl.,-
2022/23,mit Realschulabschluss,Insgesamt,Grundschulen,-
2022/23,mit Realschulabschluss,Insgesamt,Schularten mit mehreren Bildungsgängen,15329
2022/23,mit Realschulabschluss,Insgesamt,Gymnasien,1065
2022/23,mit Realschulabschluss,Insgesamt,Förderschulen,53
2022/23,mit Realschulabschluss,Insgesamt,Freie Waldorfschulen,74
2022/23,mit Realschulabschluss,Insgesamt,Gemeinschaftsschulen,-
2022/23,mit Realschulabschluss,Insgesamt,Integrierte Gesamtschulen,-
2022/23,mit Realschulabschluss,Insgesamt,Schulen des zweiten Bildungsweges,151
2022/23,mit Realschulabschluss,Insgesamt,außerdem Schulkindergärten entspr.Vorbereitungskl.,-
2023/24,mit Realschulabschluss,Insgesamt,Grundschulen,-
2023/24,mit Realschulabschluss,Insgesamt,Schularten mit mehreren Bildungsgängen,16101
2023/24,mit Realschulabschluss,Insgesamt,Gymnasien,1286
2023/24,mit Realschulabschluss,Insgesamt,Förderschulen,66
2023/24,mit Realschulabschluss,Insgesamt,Freie Waldorfschulen,56
2023/24,mit Realschulabschluss,Insgesamt,Gemeinschaftsschulen,-
2023/24,mit Realschulabschluss,Insgesamt,Integrierte Gesamtschulen,43
2023/24,mit Realschulabschluss,Insgesamt,Schulen des zweiten Bildungsweges,131
2023/24,mit Realschulabschluss,Insgesamt,außerdem Schulkindergärten entspr.Vorbereitungskl.,-
2024/25,mit Realschulabschluss,Insgesamt,Grundschulen,-
2024/25,mit Realschulabschluss,Insgesamt,Schularten mit mehreren Bildungsgängen,16717
2024/25,mit Realschulabschluss,Insgesamt,Gymnasien,1363
2024/25,mit Realschulabschluss,Insgesamt,Förderschulen,39
2024/25,mit Realschulabschluss,Insgesamt,Freie Waldorfschulen,68
2024/25,mit Realschulabschluss,Insgesamt,Gemeinschaftsschulen,-
2024/25,mit Realschulabschluss,Insgesamt,Integrierte Gesamtschulen,-
2024/25,mit Realschulabschluss,Insgesamt,Schulen des zweiten Bildungsweges,165
2024/25,mit Realschulabschluss,Insgesamt,außerdem Schulkindergärten entspr.Vorbereitungskl.,-
1994/95,mit Fachhochschulreife,männlich,Grundschulen,-
1994/95,mit Fachhochschulreife,männlich,Schularten mit mehreren Bildungsgängen,-
1994/95,mit Fachhochschulreife,männlich,Gymnasien,-
1994/95,mit Fachhochschulreife,männlich,Förderschulen,-
1994/95,mit Fachhochschulreife,männlich,Freie Waldorfschulen,-
1994/95,mit Fachhochschulreife,männlich,Gemeinschaftsschulen,-
1994/95,mit Fachhochschulreife,männlich,Integrierte Gesamtschulen,-
1994/95,mit Fachhochschulreife,männlich,Schulen des zweiten Bildungsweges,-
1994/95,mit Fachhochschulreife,männlich,außerdem Schulkindergärten entspr.Vorbereitungskl.,-
1995/96,mit Fachhochschulreife,männlich,Grundschulen,-
1995/96,mit Fachhochschulreife,männlich,Schularten mit mehreren Bildungsgängen,-
1995/96,mit Fachhochschulreife,männlich,Gymnasien,-
1995/96,mit Fachhochschulreife,männlich,Förderschulen,-
1995/96,mit Fachhochschulreife,männlich,Freie Waldorfschulen,-
1995/96,mit Fachhochschulreife,männlich,Gemeinschaftsschulen,-
1995/96,mit Fachhochschulreife,männlich,Integrierte Gesamtschulen,-
1995/96,mit Fachhochschulreife,männlich,Schulen des zweiten Bildungsweges,-
1995/96,mit Fachhochschulreife,männlich,außerdem Schulkindergärten entspr.Vorbereitungskl.,-
1996/97,mit Fachhochschulreife,männlich,Grundschulen,-
1996/97,mit Fachhochschulreife,männlich,Schularten mit mehreren Bildungsgängen,-
1996/97,mit Fachhochschulreife,männlich,Gymnasien,-
1996/97,mit Fachhochschulreife,männlich,Förderschulen,-
1996/97,mit Fachhochschulreife,männlich,Freie Waldorfschulen,-
1996/97,mit Fachhochschulreife,männlich,Gemeinschaftsschulen,-
1996/97,mit Fachhochschulreife,männlich,Integrierte Gesamtschulen,-
1996/97,mit Fachhochschulreife,männlich,Schulen des zweiten Bildungsweges,-
1996/97,mit Fachhochschulreife,männlich,außerdem Schulkindergärten entspr.Vorbereitungskl.,-
1997/98,mit Fachhochschulreife,männlich,Grundschulen,-
1997/98,mit Fachhochschulreife,männlich,Schularten mit mehreren Bildungsgängen,-
1997/98,mit Fachhochschulreife,männlich,Gymnasien,-
1997/98,mit Fachhochschulreife,männlich,Förderschulen,-
1997/98,mit Fachhochschulreife,männlich,Freie Waldorfschulen,-
1997/98,mit Fachhochschulreife,männlich,Gemeinschaftsschulen,-
1997/98,mit Fachhochschulreife,männlich,Integrierte Gesamtschulen,-
1997/98,mit Fachhochschulreife,männlich,Schulen des zweiten Bildungsweges,-
1997/98,mit Fachhochschulreife,männlich,außerdem Schulkindergärten entspr.Vorbereitungskl.,-
1998/99,mit Fachhochschulreife,männlich,Grundschulen,-
1998/99,mit Fachhochschulreife,männlich,Schularten mit mehreren Bildungsgängen,-
1998/99,mit Fachhochschulreife,männlich,Gymnasien,-
1998/99,mit Fachhochschulreife,männlich,Förderschulen,-
1998/99,mit Fachhochschulreife,männlich,Freie Waldorfschulen,-
1998/99,mit Fachhochschulreife,männlich,Gemeinschaftsschulen,-
1998/99,mit Fachhochschulreife,männlich,Integrierte Gesamtschulen,-
1998/99,mit Fachhochschulreife,männlich,Schulen des zweiten Bildungsweges,-
1998/99,mit Fachhochschulreife,männlich,außerdem Schulkindergärten entspr.Vorbereitungskl.,-
1999/00,mit Fachhochschulreife,männlich,Grundschulen,-
1999/00,mit Fachhochschulreife,männlich,Schularten mit mehreren Bildungsgängen,-
1999/00,mit Fachhochschulreife,männlich,Gymnasien,-
1999/00,mit Fachhochschulreife,männlich,Förderschulen,-
1999/00,mit Fachhochschulreife,männlich,Freie Waldorfschulen,-
1999/00,mit Fachhochschulreife,männlich,Gemeinschaftsschulen,-
1999/00,mit Fachhochschulreife,männlich,Integrierte Gesamtschulen,-
1999/00,mit Fachhochschulreife,männlich,Schulen des zweiten Bildungsweges,-
1999/00,mit Fachhochschulreife,männlich,außerdem Schulkindergärten entspr.Vorbereitungskl.,-
2000/01,mit Fachhochschulreife,männlich,Grundschulen,-
2000/01,mit Fachhochschulreife,männlich,Schularten mit mehreren Bildungsgängen,-
2000/01,mit Fachhochschulreife,männlich,Gymnasien,-
2000/01,mit Fachhochschulreife,männlich,Förderschulen,-
2000/01,mit Fachhochschulreife,männlich,Freie Waldorfschulen,-
2000/01,mit Fachhochschulreife,männlich,Gemeinschaftsschulen,-
2000/01,mit Fachhochschulreife,männlich,Integrierte Gesamtschulen,-
2000/01,mit Fachhochschulreife,männlich,Schulen des zweiten Bildungsweges,-
2000/01,mit Fachhochschulreife,männlich,außerdem Schulkindergärten entspr.Vorbereitungskl.,-
2001/02,mit Fachhochschulreife,männlich,Grundschulen,-
2001/02,mit Fachhochschulreife,männlich,Schularten mit mehreren Bildungsgängen,-
2001/02,mit Fachhochschulreife,männlich,Gymnasien,-
2001/02,mit Fachhochschulreife,männlich,Förderschulen,-
2001/02,mit Fachhochschulreife,männlich,Freie Waldorfschulen,-
2001/02,mit Fachhochschulreife,männlich,Gemeinschaftsschulen,-
2001/02,mit Fachhochschulreife,männlich,Integrierte Gesamtschulen,-
2001/02,mit Fachhochschulreife,männlich,Schulen des zweiten Bildungsweges,-
2001/02,mit Fachhochschulreife,männlich,außerdem Schulkindergärten entspr.Vorbereitungskl.,-
2002/03,mit Fachhochschulreife,männlich,Grundschulen,-
2002/03,mit Fachhochschulreife,männlich,Schularten mit mehreren Bildungsgängen,-
2002/03,mit Fachhochschulreife,männlich,Gymnasien,-
2002/03,mit Fachhochschulreife,männlich,Förderschulen,-
2002/03,mit Fachhochschulreife,männlich,Freie Waldorfschulen,-
2002/03,mit Fachhochschulreife,männlich,Gemeinschaftsschulen,-
2002/03,mit Fachhochschulreife,männlich,Integrierte Gesamtschulen,-
2002/03,mit Fachhochschulreife,männlich,Schulen des zweiten Bildungsweges,-
2002/03,mit Fachhochschulreife,männlich,außerdem Schulkindergärten entspr.Vorbereitungskl.,-
2003/04,mit Fachhochschulreife,männlich,Grundschulen,-
2003/04,mit Fachhochschulreife,männlich,Schularten mit mehreren Bildungsgängen,-
2003/04,mit Fachhochschulreife,männlich,Gymnasien,-
2003/04,mit Fachhochschulreife,männlich,Förderschulen,-
2003/04,mit Fachhochschulreife,männlich,Freie Waldorfschulen,-
2003/04,mit Fachhochschulreife,männlich,Gemeinschaftsschulen,-
2003/04,mit Fachhochschulreife,männlich,Integrierte Gesamtschulen,-
2003/04,mit Fachhochschulreife,männlich,Schulen des zweiten Bildungsweges,-
2003/04,mit Fachhochschulreife,männlich,außerdem Schulkindergärten entspr.Vorbereitungskl.,-
2004/05,mit Fachhochschulreife,männlich,Grundschulen,-
2004/05,mit Fachhochschulreife,männlich,Schularten mit mehreren Bildungsgängen,-
2004/05,mit Fachhochschulreife,männlich,Gymnasien,-
2004/05,mit Fachhochschulreife,männlich,Förderschulen,-
2004/05,mit Fachhochschulreife,männlich,Freie Waldorfschulen,-
2004/05,mit Fachhochschulreife,männlich,Gemeinschaftsschulen,-
2004/05,mit Fachhochschulreife,männlich,Integrierte Gesamtschulen,-
2004/05,mit Fachhochschulreife,männlich,Schulen des zweiten Bildungsweges,-
2004/05,mit Fachhochschulreife,männlich,außerdem Schulkindergärten entspr.Vorbereitungskl.,-
2005/06,mit Fachhochschulreife,männlich,Grundschulen,-
2005/06,mit Fachhochschulreife,männlich,Schularten mit mehreren Bildungsgängen,-
2005/06,mit Fachhochschulreife,männlich,Gymnasien,-
2005/06,mit Fachhochschulreife,männlich,Förderschulen,-
2005/06,mit Fachhochschulreife,männlich,Freie Waldorfschulen,-
2005/06,mit Fachhochschulreife,männlich,Gemeinschaftsschulen,-
2005/06,mit Fachhochschulreife,männlich,Integrierte Gesamtschulen,-
2005/06,mit Fachhochschulreife,männlich,Schulen des zweiten Bildungsweges,-
2005/06,mit Fachhochschulreife,männlich,außerdem Schulkindergärten entspr.Vorbereitungskl.,-
2006/07,mit Fachhochschulreife,männlich,Grundschulen,-
2006/07,mit Fachhochschulreife,männlich,Schularten mit mehreren Bildungsgängen,-
2006/07,mit Fachhochschulreife,männlich,Gymnasien,-
2006/07,mit Fachhochschulreife,männlich,Förderschulen,-
2006/07,mit Fachhochschulreife,männlich,Freie Waldorfschulen,-
2006/07,mit Fachhochschulreife,männlich,Gemeinschaftsschulen,-
2006/07,mit Fachhochschulreife,männlich,Integrierte Gesamtschulen,-
2006/07,mit Fachhochschulreife,männlich,Schulen des zweiten Bildungsweges,-
2006/07,mit Fachhochschulreife,männlich,außerdem Schulkindergärten entspr.Vorbereitungskl.,-
2007/08,mit Fachhochschulreife,männlich,Grundschulen,-
2007/08,mit Fachhochschulreife,männlich,Schularten mit mehreren Bildungsgängen,-
2007/08,mit Fachhochschulreife,männlich,Gymnasien,-
2007/08,mit Fachhochschulreife,männlich,Förderschulen,-
2007/08,mit Fachhochschulreife,männlich,Freie Waldorfschulen,-
2007/08,mit Fachhochschulreife,männlich,Gemeinschaftsschulen,-
2007/08,mit Fachhochschulreife,männlich,Integrierte Gesamtschulen,-
2007/08,mit Fachhochschulreife,männlich,Schulen des zweiten Bildungsweges,-
2007/08,mit Fachhochschulreife,männlich,außerdem Schulkindergärten entspr.Vorbereitungskl.,-
2008/09,mit Fachhochschulreife,männlich,Grundschulen,-
2008/09,mit Fachhochschulreife,männlich,Schularten mit mehreren Bildungsgängen,-
2008/09,mit Fachhochschulreife,männlich,Gymnasien,-
2008/09,mit Fachhochschulreife,männlich,Förderschulen,-
2008/09,mit Fachhochschulreife,männlich,Freie Waldorfschulen,-
2008/09,mit Fachhochschulreife,männlich,Gemeinschaftsschulen,-
2008/09,mit Fachhochschulreife,männlich,Integrierte Gesamtschulen,-
2008/09,mit Fachhochschulreife,männlich,Schulen des zweiten Bildungsweges,-
2008/09,mit Fachhochschulreife,männlich,außerdem Schulkindergärten entspr.Vorbereitungskl.,-
2009/10,mit Fachhochschulreife,männlich,Grundschulen,-
2009/10,mit Fachhochschulreife,männlich,Schularten mit mehreren Bildungsgängen,-
2009/10,mit Fachhochschulreife,männlich,Gymnasien,-
2009/10,mit Fachhochschulreife,männlich,Förderschulen,-
2009/10,mit Fachhochschulreife,männlich,Freie Waldorfschulen,-
2009/10,mit Fachhochschulreife,männlich,Gemeinschaftsschulen,-
2009/10,mit Fachhochschulreife,männlich,Integrierte Gesamtschulen,-
2009/10,mit Fachhochschulreife,männlich,Schulen des zweiten Bildungsweges,-
2009/10,mit Fachhochschulreife,männlich,außerdem Schulkindergärten entspr.Vorbereitungskl.,-
2010/11,mit Fachhochschulreife,männlich,Grundschulen,-
2010/11,mit Fachhochschulreife,männlich,Schularten mit mehreren Bildungsgängen,-
2010/11,mit Fachhochschulreife,männlich,Gymnasien,-
2010/11,mit Fachhochschulreife,männlich,Förderschulen,-
2010/11,mit Fachhochschulreife,männlich,Freie Waldorfschulen,-
2010/11,mit Fachhochschulreife,männlich,Gemeinschaftsschulen,-
2010/11,mit Fachhochschulreife,männlich,Integrierte Gesamtschulen,-
2010/11,mit Fachhochschulreife,männlich,Schulen des zweiten Bildungsweges,-
2010/11,mit Fachhochschulreife,männlich,außerdem Schulkindergärten entspr.Vorbereitungskl.,-
2011/12,mit Fachhochschulreife,männlich,Grundschulen,-
2011/12,mit Fachhochschulreife,männlich,Schularten mit mehreren Bildungsgängen,-
2011/12,mit Fachhochschulreife,männlich,Gymnasien,-
2011/12,mit Fachhochschulreife,männlich,Förderschulen,-
2011/12,mit Fachhochschulreife,männlich,Freie Waldorfschulen,-
2011/12,mit Fachhochschulreife,männlich,Gemeinschaftsschulen,-
2011/12,mit Fachhochschulreife,männlich,Integrierte Gesamtschulen,-
2011/12,mit Fachhochschulreife,männlich,Schulen des zweiten Bildungsweges,-
2011/12,mit Fachhochschulreife,männlich,außerdem Schulkindergärten entspr.Vorbereitungskl.,-
2012/13,mit Fachhochschulreife,männlich,Grundschulen,-
2012/13,mit Fachhochschulreife,männlich,Schularten mit mehreren Bildungsgängen,-
2012/13,mit Fachhochschulreife,männlich,Gymnasien,-
2012/13,mit Fachhochschulreife,männlich,Förderschulen,-
2012/13,mit Fachhochschulreife,männlich,Freie Waldorfschulen,-
2012/13,mit Fachhochschulreife,männlich,Gemeinschaftsschulen,-
2012/13,mit Fachhochschulreife,männlich,Integrierte Gesamtschulen,-
2012/13,mit Fachhochschulreife,männlich,Schulen des zweiten Bildungsweges,-
2012/13,mit Fachhochschulreife,männlich,außerdem Schulkindergärten entspr.Vorbereitungskl.,-
2013/14,mit Fachhochschulreife,männlich,Grundschulen,-
2013/14,mit Fachhochschulreife,männlich,Schularten mit mehreren Bildungsgängen,-
2013/14,mit Fachhochschulreife,männlich,Gymnasien,-
2013/14,mit Fachhochschulreife,männlich,Förderschulen,-
2013/14,mit Fachhochschulreife,männlich,Freie Waldorfschulen,-
2013/14,mit Fachhochschulreife,männlich,Gemeinschaftsschulen,-
2013/14,mit Fachhochschulreife,männlich,Integrierte Gesamtschulen,-
2013/14,mit Fachhochschulreife,männlich,Schulen des zweiten Bildungsweges,-
2013/14,mit Fachhochschulreife,männlich,außerdem Schulkindergärten entspr.Vorbereitungskl.,-
2014/15,mit Fachhochschulreife,männlich,Grundschulen,-
2014/15,mit Fachhochschulreife,männlich,Schularten mit mehreren Bildungsgängen,-
2014/15,mit Fachhochschulreife,männlich,Gymnasien,-
2014/15,mit Fachhochschulreife,männlich,Förderschulen,-
2014/15,mit Fachhochschulreife,männlich,Freie Waldorfschulen,-
2014/15,mit Fachhochschulreife,männlich,Gemeinschaftsschulen,-
2014/15,mit Fachhochschulreife,männlich,Integrierte Gesamtschulen,-
2014/15,mit Fachhochschulreife,männlich,Schulen des zweiten Bildungsweges,-
2014/15,mit Fachhochschulreife,männlich,außerdem Schulkindergärten entspr.Vorbereitungskl.,-
2015/16,mit Fachhochschulreife,männlich,Grundschulen,-
2015/16,mit Fachhochschulreife,männlich,Schularten mit mehreren Bildungsgängen,-
2015/16,mit Fachhochschulreife,männlich,Gymnasien,-
2015/16,mit Fachhochschulreife,männlich,Förderschulen,-
2015/16,mit Fachhochschulreife,männlich,Freie Waldorfschulen,-
2015/16,mit Fachhochschulreife,männlich,Gemeinschaftsschulen,-
2015/16,mit Fachhochschulreife,männlich,Integrierte Gesamtschulen,-
2015/16,mit Fachhochschulreife,männlich,Schulen des zweiten Bildungsweges,-
2015/16,mit Fachhochschulreife,männlich,außerdem Schulkindergärten entspr.Vorbereitungskl.,-
2016/17,mit Fachhochschulreife,männlich,Grundschulen,-
2016/17,mit Fachhochschulreife,männlich,Schularten mit mehreren Bildungsgängen,-
2016/17,mit Fachhochschulreife,männlich,Gymnasien,-
2016/17,mit Fachhochschulreife,männlich,Förderschulen,-
2016/17,mit Fachhochschulreife,männlich,Freie Waldorfschulen,-
2016/17,mit Fachhochschulreife,männlich,Gemeinschaftsschulen,-
2016/17,mit Fachhochschulreife,männlich,Integrierte Gesamtschulen,-
2016/17,mit Fachhochschulreife,männlich,Schulen des zweiten Bildungsweges,-
2016/17,mit Fachhochschulreife,männlich,außerdem Schulkindergärten entspr.Vorbereitungskl.,-
2017/18,mit Fachhochschulreife,männlich,Grundschulen,-
2017/18,mit Fachhochschulreife,männlich,Schularten mit mehreren Bildungsgängen,-
2017/18,mit Fachhochschulreife,männlich,Gymnasien,-
2017/18,mit Fachhochschulreife,männlich,Förderschulen,-
2017/18,mit Fachhochschulreife,männlich,Freie Waldorfschulen,-
2017/18,mit Fachhochschulreife,männlich,Gemeinschaftsschulen,-
2017/18,mit Fachhochschulreife,männlich,Integrierte Gesamtschulen,-
2017/18,mit Fachhochschulreife,männlich,Schulen des zweiten Bildungsweges,-
2017/18,mit Fachhochschulreife,männlich,außerdem Schulkindergärten entspr.Vorbereitungskl.,-
2018/19,mit Fachhochschulreife,männlich,Grundschulen,-
2018/19,mit Fachhochschulreife,männlich,Schularten mit mehreren Bildungsgängen,-
2018/19,mit Fachhochschulreife,männlich,Gymnasien,-
2018/19,mit Fachhochschulreife,männlich,Förderschulen,-
2018/19,mit Fachhochschulreife,männlich,Freie Waldorfschulen,-
2018/19,mit Fachhochschulreife,männlich,Gemeinschaftsschulen,-
2018/19,mit Fachhochschulreife,männlich,Integrierte Gesamtschulen,-
2018/19,mit Fachhochschulreife,männlich,Schulen des zweiten Bildungsweges,-
2018/19,mit Fachhochschulreife,männlich,außerdem Schulkindergärten entspr.Vorbereitungskl.,-
2019/20,mit Fachhochschulreife,männlich,Grundschulen,-
2019/20,mit Fachhochschulreife,männlich,Schularten mit mehreren Bildungsgängen,-
2019/20,mit Fachhochschulreife,männlich,Gymnasien,-
2019/20,mit Fachhochschulreife,männlich,Förderschulen,-
2019/20,mit Fachhochschulreife,männlich,Freie Waldorfschulen,-
2019/20,mit Fachhochschulreife,männlich,Gemeinschaftsschulen,-
2019/20,mit Fachhochschulreife,männlich,Integrierte Gesamtschulen,-
2019/20,mit Fachhochschulreife,männlich,Schulen des zweiten Bildungsweges,-
2019/20,mit Fachhochschulreife,männlich,außerdem Schulkindergärten entspr.Vorbereitungskl.,-
2020/21,mit Fachhochschulreife,männlich,Grundschulen,-
2020/21,mit Fachhochschulreife,männlich,Schularten mit mehreren Bildungsgängen,-
2020/21,mit Fachhochschulreife,männlich,Gymnasien,-
2020/21,mit Fachhochschulreife,männlich,Förderschulen,-
2020/21,mit Fachhochschulreife,männlich,Freie Waldorfschulen,-
2020/21,mit Fachhochschulreife,männlich,Gemeinschaftsschulen,-
2020/21,mit Fachhochschulreife,männlich,Integrierte Gesamtschulen,-
2020/21,mit Fachhochschulreife,männlich,Schulen des zweiten Bildungsweges,-
2020/21,mit Fachhochschulreife,männlich,außerdem Schulkindergärten entspr.Vorbereitungskl.,-
2021/22,mit Fachhochschulreife,männlich,Grundschulen,-
2021/22,mit Fachhochschulreife,männlich,Schularten mit mehreren Bildungsgängen,-
2021/22,mit Fachhochschulreife,männlich,Gymnasien,-
2021/22,mit Fachhochschulreife,männlich,Förderschulen,-
2021/22,mit Fachhochschulreife,männlich,Freie Waldorfschulen,-
2021/22,mit Fachhochschulreife,männlich,Gemeinschaftsschulen,-
2021/22,mit Fachhochschulreife,männlich,Integrierte Gesamtschulen,-
2021/22,mit Fachhochschulreife,männlich,Schulen des zweiten Bildungsweges,-
2021/22,mit Fachhochschulreife,männlich,außerdem Schulkindergärten entspr.Vorbereitungskl.,-
2022/23,mit Fachhochschulreife,männlich,Grundschulen,-
2022/23,mit Fachhochschulreife,männlich,Schularten mit mehreren Bildungsgängen,-
2022/23,mit Fachhochschulreife,männlich,Gymnasien,-
2022/23,mit Fachhochschulreife,männlich,Förderschulen,-
2022/23,mit Fachhochschulreife,männlich,Freie Waldorfschulen,-
2022/23,mit Fachhochschulreife,männlich,Gemeinschaftsschulen,-
2022/23,mit Fachhochschulreife,männlich,Integrierte Gesamtschulen,-
2022/23,mit Fachhochschulreife,männlich,Schulen des zweiten Bildungsweges,-
2022/23,mit Fachhochschulreife,männlich,außerdem Schulkindergärten entspr.Vorbereitungskl.,-
2023/24,mit Fachhochschulreife,männlich,Grundschulen,-
2023/24,mit Fachhochschulreife,männlich,Schularten mit mehreren Bildungsgängen,-
2023/24,mit Fachhochschulreife,männlich,Gymnasien,-
2023/24,mit Fachhochschulreife,männlich,Förderschulen,-
2023/24,mit Fachhochschulreife,männlich,Freie Waldorfschulen,-
2023/24,mit Fachhochschulreife,männlich,Gemeinschaftsschulen,-
2023/24,mit Fachhochschulreife,männlich,Integrierte Gesamtschulen,-
2023/24,mit Fachhochschulreife,männlich,Schulen des zweiten Bildungsweges,-
2023/24,mit Fachhochschulreife,männlich,außerdem Schulkindergärten entspr.Vorbereitungskl.,-
2024/25,mit Fachhochschulreife,männlich,Grundschulen,-
2024/25,mit Fachhochschulreife,männlich,Schularten mit mehreren Bildungsgängen,-
2024/25,mit Fachhochschulreife,männlich,Gymnasien,-
2024/25,mit Fachhochschulreife,männlich,Förderschulen,-
2024/25,mit Fachhochschulreife,männlich,Freie Waldorfschulen,-
2024/25,mit Fachhochschulreife,männlich,Gemeinschaftsschulen,-
2024/25,mit Fachhochschulreife,männlich,Integrierte Gesamtschulen,-
2024/25,mit Fachhochschulreife,männlich,Schulen des zweiten Bildungsweges,-
2024/25,mit Fachhochschulreife,männlich,außerdem Schulkindergärten entspr.Vorbereitungskl.,-
1994/95,mit Fachhochschulreife,weiblich,Grundschulen,-
1994/95,mit Fachhochschulreife,weiblich,Schularten mit mehreren Bildungsgängen,-
1994/95,mit Fachhochschulreife,weiblich,Gymnasien,-
1994/95,mit Fachhochschulreife,weiblich,Förderschulen,-
1994/95,mit Fachhochschulreife,weiblich,Freie Waldorfschulen,-
1994/95,mit Fachhochschulreife,weiblich,Gemeinschaftsschulen,-
1994/95,mit Fachhochschulreife,weiblich,Integrierte Gesamtschulen,-
1994/95,mit Fachhochschulreife,weiblich,Schulen des zweiten Bildungsweges,-
1994/95,mit Fachhochschulreife,weiblich,außerdem Schulkindergärten entspr.Vorbereitungskl.,-
1995/96,mit Fachhochschulreife,weiblich,Grundschulen,-
1995/96,mit Fachhochschulreife,weiblich,Schularten mit mehreren Bildungsgängen,-
1995/96,mit Fachhochschulreife,weiblich,Gymnasien,-
1995/96,mit Fachhochschulreife,weiblich,Förderschulen,-
1995/96,mit Fachhochschulreife,weiblich,Freie Waldorfschulen,-
1995/96,mit Fachhochschulreife,weiblich,Gemeinschaftsschulen,-
1995/96,mit Fachhochschulreife,weiblich,Integrierte Gesamtschulen,-
1995/96,mit Fachhochschulreife,weiblich,Schulen des zweiten Bildungsweges,-
1995/96,mit Fachhochschulreife,weiblich,außerdem Schulkindergärten entspr.Vorbereitungskl.,-
1996/97,mit Fachhochschulreife,weiblich,Grundschulen,-
1996/97,mit Fachhochschulreife,weiblich,Schularten mit mehreren Bildungsgängen,-
1996/97,mit Fachhochschulreife,weiblich,Gymnasien,-
1996/97,mit Fachhochschulreife,weiblich,Förderschulen,-
1996/97,mit Fachhochschulreife,weiblich,Freie Waldorfschulen,-
1996/97,mit Fachhochschulreife,weiblich,Gemeinschaftsschulen,-
1996/97,mit Fachhochschulreife,weiblich,Integrierte Gesamtschulen,-
1996/97,mit Fachhochschulreife,weiblich,Schulen des zweiten Bildungsweges,-
1996/97,mit Fachhochschulreife,weiblich,außerdem Schulkindergärten entspr.Vorbereitungskl.,-
1997/98,mit Fachhochschulreife,weiblich,Grundschulen,-
1997/98,mit Fachhochschulreife,weiblich,Schularten mit mehreren Bildungsgängen,-
1997/98,mit Fachhochschulreife,weiblich,Gymnasien,-
1997/98,mit Fachhochschulreife,weiblich,Förderschulen,-
1997/98,mit Fachhochschulreife,weiblich,Freie Waldorfschulen,-
1997/98,mit Fachhochschulreife,weiblich,Gemeinschaftsschulen,-
1997/98,mit Fachhochschulreife,weiblich,Integrierte Gesamtschulen,-
1997/98,mit Fachhochschulreife,weiblich,Schulen des zweiten Bildungsweges,-
1997/98,mit Fachhochschulreife,weiblich,außerdem Schulkindergärten entspr.Vorbereitungskl.,-
1998/99,mit Fachhochschulreife,weiblich,Grundschulen,-
1998/99,mit Fachhochschulreife,weiblich,Schularten mit mehreren Bildungsgängen,-
1998/99,mit Fachhochschulreife,weiblich,Gymnasien,-
1998/99,mit Fachhochschulreife,weiblich,Förderschulen,-
1998/99,mit Fachhochschulreife,weiblich,Freie Waldorfschulen,-
1998/99,mit Fachhochschulreife,weiblich,Gemeinschaftsschulen,-
1998/99,mit Fachhochschulreife,weiblich,Integrierte Gesamtschulen,-
1998/99,mit Fachhochschulreife,weiblich,Schulen des zweiten Bildungsweges,-
1998/99,mit Fachhochschulreife,weiblich,außerdem Schulkindergärten entspr.Vorbereitungskl.,-
1999/00,mit Fachhochschulreife,weiblich,Grundschulen,-
1999/00,mit Fachhochschulreife,weiblich,Schularten mit mehreren Bildungsgängen,-
1999/00,mit Fachhochschulreife,weiblich,Gymnasien,-
1999/00,mit Fachhochschulreife,weiblich,Förderschulen,-
1999/00,mit Fachhochschulreife,weiblich,Freie Waldorfschulen,-
1999/00,mit Fachhochschulreife,weiblich,Gemeinschaftsschulen,-
1999/00,mit Fachhochschulreife,weiblich,Integrierte Gesamtschulen,-
1999/00,mit Fachhochschulreife,weiblich,Schulen des zweiten Bildungsweges,-
1999/00,mit Fachhochschulreife,weiblich,außerdem Schulkindergärten entspr.Vorbereitungskl.,-
2000/01,mit Fachhochschulreife,weiblich,Grundschulen,-
2000/01,mit Fachhochschulreife,weiblich,Schularten mit mehreren Bildungsgängen,-
2000/01,mit Fachhochschulreife,weiblich,Gymnasien,-
2000/01,mit Fachhochschulreife,weiblich,Förderschulen,-
2000/01,mit Fachhochschulreife,weiblich,Freie Waldorfschulen,-
2000/01,mit Fachhochschulreife,weiblich,Gemeinschaftsschulen,-
2000/01,mit Fachhochschulreife,weiblich,Integrierte Gesamtschulen,-
2000/01,mit Fachhochschulreife,weiblich,Schulen des zweiten Bildungsweges,-
2000/01,mit Fachhochschulreife,weiblich,außerdem Schulkindergärten entspr.Vorbereitungskl.,-
2001/02,mit Fachhochschulreife,weiblich,Grundschulen,-
2001/02,mit Fachhochschulreife,weiblich,Schularten mit mehreren Bildungsgängen,-
2001/02,mit Fachhochschulreife,weiblich,Gymnasien,-
2001/02,mit Fachhochschulreife,weiblich,Förderschulen,-
2001/02,mit Fachhochschulreife,weiblich,Freie Waldorfschulen,-
2001/02,mit Fachhochschulreife,weiblich,Gemeinschaftsschulen,-
2001/02,mit Fachhochschulreife,weiblich,Integrierte Gesamtschulen,-
2001/02,mit Fachhochschulreife,weiblich,Schulen des zweiten Bildungsweges,-
2001/02,mit Fachhochschulreife,weiblich,außerdem Schulkindergärten entspr.Vorbereitungskl.,-
2002/03,mit Fachhochschulreife,weiblich,Grundschulen,-
2002/03,mit Fachhochschulreife,weiblich,Schularten mit mehreren Bildungsgängen,-
2002/03,mit Fachhochschulreife,weiblich,Gymnasien,-
2002/03,mit Fachhochschulreife,weiblich,Förderschulen,-
2002/03,mit Fachhochschulreife,weiblich,Freie Waldorfschulen,-
2002/03,mit Fachhochschulreife,weiblich,Gemeinschaftsschulen,-
2002/03,mit Fachhochschulreife,weiblich,Integrierte Gesamtschulen,-
2002/03,mit Fachhochschulreife,weiblich,Schulen des zweiten Bildungsweges,-
2002/03,mit Fachhochschulreife,weiblich,außerdem Schulkindergärten entspr.Vorbereitungskl.,-
2003/04,mit Fachhochschulreife,weiblich,Grundschulen,-
2003/04,mit Fachhochschulreife,weiblich,Schularten mit mehreren Bildungsgängen,-
2003/04,mit Fachhochschulreife,weiblich,Gymnasien,-
2003/04,mit Fachhochschulreife,weiblich,Förderschulen,-
2003/04,mit Fachhochschulreife,weiblich,Freie Waldorfschulen,-
2003/04,mit Fachhochschulreife,weiblich,Gemeinschaftsschulen,-
2003/04,mit Fachhochschulreife,weiblich,Integrierte Gesamtschulen,-
2003/04,mit Fachhochschulreife,weiblich,Schulen des zweiten Bildungsweges,-
2003/04,mit Fachhochschulreife,weiblich,außerdem Schulkindergärten entspr.Vorbereitungskl.,-
2004/05,mit Fachhochschulreife,weiblich,Grundschulen,-
2004/05,mit Fachhochschulreife,weiblich,Schularten mit mehreren Bildungsgängen,-
2004/05,mit Fachhochschulreife,weiblich,Gymnasien,-
2004/05,mit Fachhochschulreife,weiblich,Förderschulen,-
2004/05,mit Fachhochschulreife,weiblich,Freie Waldorfschulen,-
2004/05,mit Fachhochschulreife,weiblich,Gemeinschaftsschulen,-
2004/05,mit Fachhochschulreife,weiblich,Integrierte Gesamtschulen,-
2004/05,mit Fachhochschulreife,weiblich,Schulen des zweiten Bildungsweges,-
2004/05,mit Fachhochschulreife,weiblich,außerdem Schulkindergärten entspr.Vorbereitungskl.,-
2005/06,mit Fachhochschulreife,weiblich,Grundschulen,-
2005/06,mit Fachhochschulreife,weiblich,Schularten mit mehreren Bildungsgängen,-
2005/06,mit Fachhochschulreife,weiblich,Gymnasien,-
2005/06,mit Fachhochschulreife,weiblich,Förderschulen,-
2005/06,mit Fachhochschulreife,weiblich,Freie Waldorfschulen,-
2005/06,mit Fachhochschulreife,weiblich,Gemeinschaftsschulen,-
2005/06,mit Fachhochschulreife,weiblich,Integrierte Gesamtschulen,-
2005/06,mit Fachhochschulreife,weiblich,Schulen des zweiten Bildungsweges,-
2005/06,mit Fachhochschulreife,weiblich,außerdem Schulkindergärten entspr.Vorbereitungskl.,-
2006/07,mit Fachhochschulreife,weiblich,Grundschulen,-
2006/07,mit Fachhochschulreife,weiblich,Schularten mit mehreren Bildungsgängen,-
2006/07,mit Fachhochschulreife,weiblich,Gymnasien,-
2006/07,mit Fachhochschulreife,weiblich,Förderschulen,-
2006/07,mit Fachhochschulreife,weiblich,Freie Waldorfschulen,-
2006/07,mit Fachhochschulreife,weiblich,Gemeinschaftsschulen,-
2006/07,mit Fachhochschulreife,weiblich,Integrierte Gesamtschulen,-
2006/07,mit Fachhochschulreife,weiblich,Schulen des zweiten Bildungsweges,-
2006/07,mit Fachhochschulreife,weiblich,außerdem Schulkindergärten entspr.Vorbereitungskl.,-
2007/08,mit Fachhochschulreife,weiblich,Grundschulen,-
2007/08,mit Fachhochschulreife,weiblich,Schularten mit mehreren Bildungsgängen,-
2007/08,mit Fachhochschulreife,weiblich,Gymnasien,-
2007/08,mit Fachhochschulreife,weiblich,Förderschulen,-
2007/08,mit Fachhochschulreife,weiblich,Freie Waldorfschulen,-
2007/08,mit Fachhochschulreife,weiblich,Gemeinschaftsschulen,-
2007/08,mit Fachhochschulreife,weiblich,Integrierte Gesamtschulen,-
2007/08,mit Fachhochschulreife,weiblich,Schulen des zweiten Bildungsweges,-
2007/08,mit Fachhochschulreife,weiblich,außerdem Schulkindergärten entspr.Vorbereitungskl.,-
2008/09,mit Fachhochschulreife,weiblich,Grundschulen,-
2008/09,mit Fachhochschulreife,weiblich,Schularten mit mehreren Bildungsgängen,-
2008/09,mit Fachhochschulreife,weiblich,Gymnasien,-
2008/09,mit Fachhochschulreife,weiblich,Förderschulen,-
2008/09,mit Fachhochschulreife,weiblich,Freie Waldorfschulen,-
2008/09,mit Fachhochschulreife,weiblich,Gemeinschaftsschulen,-
2008/09,mit Fachhochschulreife,weiblich,Integrierte Gesamtschulen,-
2008/09,mit Fachhochschulreife,weiblich,Schulen des zweiten Bildungsweges,-
2008/09,mit Fachhochschulreife,weiblich,außerdem Schulkindergärten entspr.Vorbereitungskl.,-
2009/10,mit Fachhochschulreife,weiblich,Grundschulen,-
2009/10,mit Fachhochschulreife,weiblich,Schularten mit mehreren Bildungsgängen,-
2009/10,mit Fachhochschulreife,weiblich,Gymnasien,-
2009/10,mit Fachhochschulreife,weiblich,Förderschulen,-
2009/10,mit Fachhochschulreife,weiblich,Freie Waldorfschulen,-
2009/10,mit Fachhochschulreife,weiblich,Gemeinschaftsschulen,-
2009/10,mit Fachhochschulreife,weiblich,Integrierte Gesamtschulen,-
2009/10,mit Fachhochschulreife,weiblich,Schulen des zweiten Bildungsweges,-
2009/10,mit Fachhochschulreife,weiblich,außerdem Schulkindergärten entspr.Vorbereitungskl.,-
2010/11,mit Fachhochschulreife,weiblich,Grundschulen,-
2010/11,mit Fachhochschulreife,weiblich,Schularten mit mehreren Bildungsgängen,-
2010/11,mit Fachhochschulreife,weiblich,Gymnasien,-
2010/11,mit Fachhochschulreife,weiblich,Förderschulen,-
2010/11,mit Fachhochschulreife,weiblich,Freie Waldorfschulen,-
2010/11,mit Fachhochschulreife,weiblich,Gemeinschaftsschulen,-
2010/11,mit Fachhochschulreife,weiblich,Integrierte Gesamtschulen,-
2010/11,mit Fachhochschulreife,weiblich,Schulen des zweiten Bildungsweges,-
2010/11,mit Fachhochschulreife,weiblich,außerdem Schulkindergärten entspr.Vorbereitungskl.,-
2011/12,mit Fachhochschulreife,weiblich,Grundschulen,-
2011/12,mit Fachhochschulreife,weiblich,Schularten mit mehreren Bildungsgängen,-
2011/12,mit Fachhochschulreife,weiblich,Gymnasien,-
2011/12,mit Fachhochschulreife,weiblich,Förderschulen,-
2011/12,mit Fachhochschulreife,weiblich,Freie Waldorfschulen,-
2011/12,mit Fachhochschulreife,weiblich,Gemeinschaftsschulen,-
2011/12,mit Fachhochschulreife,weiblich,Integrierte Gesamtschulen,-
2011/12,mit Fachhochschulreife,weiblich,Schulen des zweiten Bildungsweges,-
2011/12,mit Fachhochschulreife,weiblich,außerdem Schulkindergärten entspr.Vorbereitungskl.,-
2012/13,mit Fachhochschulreife,weiblich,Grundschulen,-
2012/13,mit Fachhochschulreife,weiblich,Schularten mit mehreren Bildungsgängen,-
2012/13,mit Fachhochschulreife,weiblich,Gymnasien,-
2012/13,mit Fachhochschulreife,weiblich,Förderschulen,-
2012/13,mit Fachhochschulreife,weiblich,Freie Waldorfschulen,-
2012/13,mit Fachhochschulreife,weiblich,Gemeinschaftsschulen,-
2012/13,mit Fachhochschulreife,weiblich,Integrierte Gesamtschulen,-
2012/13,mit Fachhochschulreife,weiblich,Schulen des zweiten Bildungsweges,-
2012/13,mit Fachhochschulreife,weiblich,außerdem Schulkindergärten entspr.Vorbereitungskl.,-
2013/14,mit Fachhochschulreife,weiblich,Grundschulen,-
2013/14,mit Fachhochschulreife,weiblich,Schularten mit mehreren Bildungsgängen,-
2013/14,mit Fachhochschulreife,weiblich,Gymnasien,-
2013/14,mit Fachhochschulreife,weiblich,Förderschulen,-
2013/14,mit Fachhochschulreife,weiblich,Freie Waldorfschulen,-
2013/14,mit Fachhochschulreife,weiblich,Gemeinschaftsschulen,-
2013/14,mit Fachhochschulreife,weiblich,Integrierte Gesamtschulen,-
2013/14,mit Fachhochschulreife,weiblich,Schulen des zweiten Bildungsweges,-
2013/14,mit Fachhochschulreife,weiblich,außerdem Schulkindergärten entspr.Vorbereitungskl.,-
2014/15,mit Fachhochschulreife,weiblich,Grundschulen,-
2014/15,mit Fachhochschulreife,weiblich,Schularten mit mehreren Bildungsgängen,-
2014/15,mit Fachhochschulreife,weiblich,Gymnasien,-
2014/15,mit Fachhochschulreife,weiblich,Förderschulen,-
2014/15,mit Fachhochschulreife,weiblich,Freie Waldorfschulen,-
2014/15,mit Fachhochschulreife,weiblich,Gemeinschaftsschulen,-
2014/15,mit Fachhochschulreife,weiblich,Integrierte Gesamtschulen,-
2014/15,mit Fachhochschulreife,weiblich,Schulen des zweiten Bildungsweges,-
2014/15,mit Fachhochschulreife,weiblich,außerdem Schulkindergärten entspr.Vorbereitungskl.,-
2015/16,mit Fachhochschulreife,weiblich,Grundschulen,-
2015/16,mit Fachhochschulreife,weiblich,Schularten mit mehreren Bildungsgängen,-
2015/16,mit Fachhochschulreife,weiblich,Gymnasien,-
2015/16,mit Fachhochschulreife,weiblich,Förderschulen,-
2015/16,mit Fachhochschulreife,weiblich,Freie Waldorfschulen,-
2015/16,mit Fachhochschulreife,weiblich,Gemeinschaftsschulen,-
2015/16,mit Fachhochschulreife,weiblich,Integrierte Gesamtschulen,-
2015/16,mit Fachhochschulreife,weiblich,Schulen des zweiten Bildungsweges,-
2015/16,mit Fachhochschulreife,weiblich,außerdem Schulkindergärten entspr.Vorbereitungskl.,-
2016/17,mit Fachhochschulreife,weiblich,Grundschulen,-
2016/17,mit Fachhochschulreife,weiblich,Schularten mit mehreren Bildungsgängen,-
2016/17,mit Fachhochschulreife,weiblich,Gymnasien,-
2016/17,mit Fachhochschulreife,weiblich,Förderschulen,-
2016/17,mit Fachhochschulreife,weiblich,Freie Waldorfschulen,-
2016/17,mit Fachhochschulreife,weiblich,Gemeinschaftsschulen,-
2016/17,mit Fachhochschulreife,weiblich,Integrierte Gesamtschulen,-
2016/17,mit Fachhochschulreife,weiblich,Schulen des zweiten Bildungsweges,-
2016/17,mit Fachhochschulreife,weiblich,außerdem Schulkindergärten entspr.Vorbereitungskl.,-
2017/18,mit Fachhochschulreife,weiblich,Grundschulen,-
2017/18,mit Fachhochschulreife,weiblich,Schularten mit mehreren Bildungsgängen,-
2017/18,mit Fachhochschulreife,weiblich,Gymnasien,-
2017/18,mit Fachhochschulreife,weiblich,Förderschulen,-
2017/18,mit Fachhochschulreife,weiblich,Freie Waldorfschulen,-
2017/18,mit Fachhochschulreife,weiblich,Gemeinschaftsschulen,-
2017/18,mit Fachhochschulreife,weiblich,Integrierte Gesamtschulen,-
2017/18,mit Fachhochschulreife,weiblich,Schulen des zweiten Bildungsweges,-
2017/18,mit Fachhochschulreife,weiblich,außerdem Schulkindergärten entspr.Vorbereitungskl.,-
2018/19,mit Fachhochschulreife,weiblich,Grundschulen,-
2018/19,mit Fachhochschulreife,weiblich,Schularten mit mehreren Bildungsgängen,-
2018/19,mit Fachhochschulreife,weiblich,Gymnasien,-
2018/19,mit Fachhochschulreife,weiblich,Förderschulen,-
2018/19,mit Fachhochschulreife,weiblich,Freie Waldorfschulen,-
2018/19,mit Fachhochschulreife,weiblich,Gemeinschaftsschulen,-
2018/19,mit Fachhochschulreife,weiblich,Integrierte Gesamtschulen,-
2018/19,mit Fachhochschulreife,weiblich,Schulen des zweiten Bildungsweges,-
2018/19,mit Fachhochschulreife,weiblich,außerdem Schulkindergärten entspr.Vorbereitungskl.,-
2019/20,mit Fachhochschulreife,weiblich,Grundschulen,-
2019/20,mit Fachhochschulreife,weiblich,Schularten mit mehreren Bildungsgängen,-
2019/20,mit Fachhochschulreife,weiblich,Gymnasien,-
2019/20,mit Fachhochschulreife,weiblich,Förderschulen,-
2019/20,mit Fachhochschulreife,weiblich,Freie Waldorfschulen,-
2019/20,mit Fachhochschulreife,weiblich,Gemeinschaftsschulen,-
2019/20,mit Fachhochschulreife,weiblich,Integrierte Gesamtschulen,-
2019/20,mit Fachhochschulreife,weiblich,Schulen des zweiten Bildungsweges,-
2019/20,mit Fachhochschulreife,weiblich,außerdem Schulkindergärten entspr.Vorbereitungskl.,-
2020/21,mit Fachhochschulreife,weiblich,Grundschulen,-
2020/21,mit Fachhochschulreife,weiblich,Schularten mit mehreren Bildungsgängen,-
2020/21,mit Fachhochschulreife,weiblich,Gymnasien,-
2020/21,mit Fachhochschulreife,weiblich,Förderschulen,-
2020/21,mit Fachhochschulreife,weiblich,Freie Waldorfschulen,-
2020/21,mit Fachhochschulreife,weiblich,Gemeinschaftsschulen,-
2020/21,mit Fachhochschulreife,weiblich,Integrierte Gesamtschulen,-
2020/21,mit Fachhochschulreife,weiblich,Schulen des zweiten Bildungsweges,-
2020/21,mit Fachhochschulreife,weiblich,außerdem Schulkindergärten entspr.Vorbereitungskl.,-
2021/22,mit Fachhochschulreife,weiblich,Grundschulen,-
2021/22,mit Fachhochschulreife,weiblich,Schularten mit mehreren Bildungsgängen,-
2021/22,mit Fachhochschulreife,weiblich,Gymnasien,-
2021/22,mit Fachhochschulreife,weiblich,Förderschulen,-
2021/22,mit Fachhochschulreife,weiblich,Freie Waldorfschulen,-
2021/22,mit Fachhochschulreife,weiblich,Gemeinschaftsschulen,-
2021/22,mit Fachhochschulreife,weiblich,Integrierte Gesamtschulen,-
2021/22,mit Fachhochschulreife,weiblich,Schulen des zweiten Bildungsweges,-
2021/22,mit Fachhochschulreife,weiblich,außerdem Schulkindergärten entspr.Vorbereitungskl.,-
2022/23,mit Fachhochschulreife,weiblich,Grundschulen,-
2022/23,mit Fachhochschulreife,weiblich,Schularten mit mehreren Bildungsgängen,-
2022/23,mit Fachhochschulreife,weiblich,Gymnasien,-
2022/23,mit Fachhochschulreife,weiblich,Förderschulen,-
2022/23,mit Fachhochschulreife,weiblich,Freie Waldorfschulen,-
2022/23,mit Fachhochschulreife,weiblich,Gemeinschaftsschulen,-
2022/23,mit Fachhochschulreife,weiblich,Integrierte Gesamtschulen,-
2022/23,mit Fachhochschulreife,weiblich,Schulen des zweiten Bildungsweges,-
2022/23,mit Fachhochschulreife,weiblich,außerdem Schulkindergärten entspr.Vorbereitungskl.,-
2023/24,mit Fachhochschulreife,weiblich,Grundschulen,-
2023/24,mit Fachhochschulreife,weiblich,Schularten mit mehreren Bildungsgängen,-
2023/24,mit Fachhochschulreife,weiblich,Gymnasien,-
2023/24,mit Fachhochschulreife,weiblich,Förderschulen,-
2023/24,mit Fachhochschulreife,weiblich,Freie Waldorfschulen,-
2023/24,mit Fachhochschulreife,weiblich,Gemeinschaftsschulen,-
2023/24,mit Fachhochschulreife,weiblich,Integrierte Gesamtschulen,-
2023/24,mit Fachhochschulreife,weiblich,Schulen des zweiten Bildungsweges,-
2023/24,mit Fachhochschulreife,weiblich,außerdem Schulkindergärten entspr.Vorbereitungskl.,-
2024/25,mit Fachhochschulreife,weiblich,Grundschulen,-
2024/25,mit Fachhochschulreife,weiblich,Schularten mit mehreren Bildungsgängen,-
2024/25,mit Fachhochschulreife,weiblich,Gymnasien,-
2024/25,mit Fachhochschulreife,weiblich,Förderschulen,-
2024/25,mit Fachhochschulreife,weiblich,Freie Waldorfschulen,-
2024/25,mit Fachhochschulreife,weiblich,Gemeinschaftsschulen,-
2024/25,mit Fachhochschulreife,weiblich,Integrierte Gesamtschulen,-
2024/25,mit Fachhochschulreife,weiblich,Schulen des zweiten Bildungsweges,-
2024/25,mit Fachhochschulreife,weiblich,außerdem Schulkindergärten entspr.Vorbereitungskl.,-
1994/95,mit Fachhochschulreife,Insgesamt,Grundschulen,-
1994/95,mit Fachhochschulreife,Insgesamt,Schularten mit mehreren Bildungsgängen,-
1994/95,mit Fachhochschulreife,Insgesamt,Gymnasien,-
1994/95,mit Fachhochschulreife,Insgesamt,Förderschulen,-
1994/95,mit Fachhochschulreife,Insgesamt,Freie Waldorfschulen,-
1994/95,mit Fachhochschulreife,Insgesamt,Gemeinschaftsschulen,-
1994/95,mit Fachhochschulreife,Insgesamt,Integrierte Gesamtschulen,-
1994/95,mit Fachhochschulreife,Insgesamt,Schulen des zweiten Bildungsweges,-
1994/95,mit Fachhochschulreife,Insgesamt,außerdem Schulkindergärten entspr.Vorbereitungskl.,-
1995/96,mit Fachhochschulreife,Insgesamt,Grundschulen,-
1995/96,mit Fachhochschulreife,Insgesamt,Schularten mit mehreren Bildungsgängen,-
1995/96,mit Fachhochschulreife,Insgesamt,Gymnasien,-
1995/96,mit Fachhochschulreife,Insgesamt,Förderschulen,-
1995/96,mit Fachhochschulreife,Insgesamt,Freie Waldorfschulen,-
1995/96,mit Fachhochschulreife,Insgesamt,Gemeinschaftsschulen,-
1995/96,mit Fachhochschulreife,Insgesamt,Integrierte Gesamtschulen,-
1995/96,mit Fachhochschulreife,Insgesamt,Schulen des zweiten Bildungsweges,-
1995/96,mit Fachhochschulreife,Insgesamt,außerdem Schulkindergärten entspr.Vorbereitungskl.,-
1996/97,mit Fachhochschulreife,Insgesamt,Grundschulen,-
1996/97,mit Fachhochschulreife,Insgesamt,Schularten mit mehreren Bildungsgängen,-
1996/97,mit Fachhochschulreife,Insgesamt,Gymnasien,-
1996/97,mit Fachhochschulreife,Insgesamt,Förderschulen,-
1996/97,mit Fachhochschulreife,Insgesamt,Freie Waldorfschulen,-
1996/97,mit Fachhochschulreife,Insgesamt,Gemeinschaftsschulen,-
1996/97,mit Fachhochschulreife,Insgesamt,Integrierte Gesamtschulen,-
1996/97,mit Fachhochschulreife,Insgesamt,Schulen des zweiten Bildungsweges,-
1996/97,mit Fachhochschulreife,Insgesamt,außerdem Schulkindergärten entspr.Vorbereitungskl.,-
1997/98,mit Fachhochschulreife,Insgesamt,Grundschulen,-
1997/98,mit Fachhochschulreife,Insgesamt,Schularten mit mehreren Bildungsgängen,-
1997/98,mit Fachhochschulreife,Insgesamt,Gymnasien,-
1997/98,mit Fachhochschulreife,Insgesamt,Förderschulen,-
1997/98,mit Fachhochschulreife,Insgesamt,Freie Waldorfschulen,-
1997/98,mit Fachhochschulreife,Insgesamt,Gemeinschaftsschulen,-
1997/98,mit Fachhochschulreife,Insgesamt,Integrierte Gesamtschulen,-
1997/98,mit Fachhochschulreife,Insgesamt,Schulen des zweiten Bildungsweges,-
1997/98,mit Fachhochschulreife,Insgesamt,außerdem Schulkindergärten entspr.Vorbereitungskl.,-
1998/99,mit Fachhochschulreife,Insgesamt,Grundschulen,-
1998/99,mit Fachhochschulreife,Insgesamt,Schularten mit mehreren Bildungsgängen,-
1998/99,mit Fachhochschulreife,Insgesamt,Gymnasien,-
1998/99,mit Fachhochschulreife,Insgesamt,Förderschulen,-
1998/99,mit Fachhochschulreife,Insgesamt,Freie Waldorfschulen,-
1998/99,mit Fachhochschulreife,Insgesamt,Gemeinschaftsschulen,-
1998/99,mit Fachhochschulreife,Insgesamt,Integrierte Gesamtschulen,-
1998/99,mit Fachhochschulreife,Insgesamt,Schulen des zweiten Bildungsweges,-
1998/99,mit Fachhochschulreife,Insgesamt,außerdem Schulkindergärten entspr.Vorbereitungskl.,-
1999/00,mit Fachhochschulreife,Insgesamt,Grundschulen,-
1999/00,mit Fachhochschulreife,Insgesamt,Schularten mit mehreren Bildungsgängen,-
1999/00,mit Fachhochschulreife,Insgesamt,Gymnasien,-
1999/00,mit Fachhochschulreife,Insgesamt,Förderschulen,-
1999/00,mit Fachhochschulreife,Insgesamt,Freie Waldorfschulen,-
1999/00,mit Fachhochschulreife,Insgesamt,Gemeinschaftsschulen,-
1999/00,mit Fachhochschulreife,Insgesamt,Integrierte Gesamtschulen,-
1999/00,mit Fachhochschulreife,Insgesamt,Schulen des zweiten Bildungsweges,-
1999/00,mit Fachhochschulreife,Insgesamt,außerdem Schulkindergärten entspr.Vorbereitungskl.,-
2000/01,mit Fachhochschulreife,Insgesamt,Grundschulen,-
2000/01,mit Fachhochschulreife,Insgesamt,Schularten mit mehreren Bildungsgängen,-
2000/01,mit Fachhochschulreife,Insgesamt,Gymnasien,-
2000/01,mit Fachhochschulreife,Insgesamt,Förderschulen,-
2000/01,mit Fachhochschulreife,Insgesamt,Freie Waldorfschulen,-
2000/01,mit Fachhochschulreife,Insgesamt,Gemeinschaftsschulen,-
2000/01,mit Fachhochschulreife,Insgesamt,Integrierte Gesamtschulen,-
2000/01,mit Fachhochschulreife,Insgesamt,Schulen des zweiten Bildungsweges,-
2000/01,mit Fachhochschulreife,Insgesamt,außerdem Schulkindergärten entspr.Vorbereitungskl.,-
2001/02,mit Fachhochschulreife,Insgesamt,Grundschulen,-
2001/02,mit Fachhochschulreife,Insgesamt,Schularten mit mehreren Bildungsgängen,-
2001/02,mit Fachhochschulreife,Insgesamt,Gymnasien,-
2001/02,mit Fachhochschulreife,Insgesamt,Förderschulen,-
2001/02,mit Fachhochschulreife,Insgesamt,Freie Waldorfschulen,-
2001/02,mit Fachhochschulreife,Insgesamt,Gemeinschaftsschulen,-
2001/02,mit Fachhochschulreife,Insgesamt,Integrierte Gesamtschulen,-
2001/02,mit Fachhochschulreife,Insgesamt,Schulen des zweiten Bildungsweges,-
2001/02,mit Fachhochschulreife,Insgesamt,außerdem Schulkindergärten entspr.Vorbereitungskl.,-
2002/03,mit Fachhochschulreife,Insgesamt,Grundschulen,-
2002/03,mit Fachhochschulreife,Insgesamt,Schularten mit mehreren Bildungsgängen,-
2002/03,mit Fachhochschulreife,Insgesamt,Gymnasien,-
2002/03,mit Fachhochschulreife,Insgesamt,Förderschulen,-
2002/03,mit Fachhochschulreife,Insgesamt,Freie Waldorfschulen,-
2002/03,mit Fachhochschulreife,Insgesamt,Gemeinschaftsschulen,-
2002/03,mit Fachhochschulreife,Insgesamt,Integrierte Gesamtschulen,-
2002/03,mit Fachhochschulreife,Insgesamt,Schulen des zweiten Bildungsweges,-
2002/03,mit Fachhochschulreife,Insgesamt,außerdem Schulkindergärten entspr.Vorbereitungskl.,-
2003/04,mit Fachhochschulreife,Insgesamt,Grundschulen,-
2003/04,mit Fachhochschulreife,Insgesamt,Schularten mit mehreren Bildungsgängen,-
2003/04,mit Fachhochschulreife,Insgesamt,Gymnasien,-
2003/04,mit Fachhochschulreife,Insgesamt,Förderschulen,-
2003/04,mit Fachhochschulreife,Insgesamt,Freie Waldorfschulen,-
2003/04,mit Fachhochschulreife,Insgesamt,Gemeinschaftsschulen,-
2003/04,mit Fachhochschulreife,Insgesamt,Integrierte Gesamtschulen,-
2003/04,mit Fachhochschulreife,Insgesamt,Schulen des zweiten Bildungsweges,-
2003/04,mit Fachhochschulreife,Insgesamt,außerdem Schulkindergärten entspr.Vorbereitungskl.,-
2004/05,mit Fachhochschulreife,Insgesamt,Grundschulen,-
2004/05,mit Fachhochschulreife,Insgesamt,Schularten mit mehreren Bildungsgängen,-
2004/05,mit Fachhochschulreife,Insgesamt,Gymnasien,-
2004/05,mit Fachhochschulreife,Insgesamt,Förderschulen,-
2004/05,mit Fachhochschulreife,Insgesamt,Freie Waldorfschulen,-
2004/05,mit Fachhochschulreife,Insgesamt,Gemeinschaftsschulen,-
2004/05,mit Fachhochschulreife,Insgesamt,Integrierte Gesamtschulen,-
2004/05,mit Fachhochschulreife,Insgesamt,Schulen des zweiten Bildungsweges,-
2004/05,mit Fachhochschulreife,Insgesamt,außerdem Schulkindergärten entspr.Vorbereitungskl.,-
2005/06,mit Fachhochschulreife,Insgesamt,Grundschulen,-
2005/06,mit Fachhochschulreife,Insgesamt,Schularten mit mehreren Bildungsgängen,-
2005/06,mit Fachhochschulreife,Insgesamt,Gymnasien,-
2005/06,mit Fachhochschulreife,Insgesamt,Förderschulen,-
2005/06,mit Fachhochschulreife,Insgesamt,Freie Waldorfschulen,-
2005/06,mit Fachhochschulreife,Insgesamt,Gemeinschaftsschulen,-
2005/06,mit Fachhochschulreife,Insgesamt,Integrierte Gesamtschulen,-
2005/06,mit Fachhochschulreife,Insgesamt,Schulen des zweiten Bildungsweges,-
2005/06,mit Fachhochschulreife,Insgesamt,außerdem Schulkindergärten entspr.Vorbereitungskl.,-
2006/07,mit Fachhochschulreife,Insgesamt,Grundschulen,-
2006/07,mit Fachhochschulreife,Insgesamt,Schularten mit mehreren Bildungsgängen,-
2006/07,mit Fachhochschulreife,Insgesamt,Gymnasien,-
2006/07,mit Fachhochschulreife,Insgesamt,Förderschulen,-
2006/07,mit Fachhochschulreife,Insgesamt,Freie Waldorfschulen,-
2006/07,mit Fachhochschulreife,Insgesamt,Gemeinschaftsschulen,-
2006/07,mit Fachhochschulreife,Insgesamt,Integrierte Gesamtschulen,-
2006/07,mit Fachhochschulreife,Insgesamt,Schulen des zweiten Bildungsweges,-
2006/07,mit Fachhochschulreife,Insgesamt,außerdem Schulkindergärten entspr.Vorbereitungskl.,-
2007/08,mit Fachhochschulreife,Insgesamt,Grundschulen,-
2007/08,mit Fachhochschulreife,Insgesamt,Schularten mit mehreren Bildungsgängen,-
2007/08,mit Fachhochschulreife,Insgesamt,Gymnasien,-
2007/08,mit Fachhochschulreife,Insgesamt,Förderschulen,-
2007/08,mit Fachhochschulreife,Insgesamt,Freie Waldorfschulen,-
2007/08,mit Fachhochschulreife,Insgesamt,Gemeinschaftsschulen,-
2007/08,mit Fachhochschulreife,Insgesamt,Integrierte Gesamtschulen,-
2007/08,mit Fachhochschulreife,Insgesamt,Schulen des zweiten Bildungsweges,-
2007/08,mit Fachhochschulreife,Insgesamt,außerdem Schulkindergärten entspr.Vorbereitungskl.,-
2008/09,mit Fachhochschulreife,Insgesamt,Grundschulen,-
2008/09,mit Fachhochschulreife,Insgesamt,Schularten mit mehreren Bildungsgängen,-
2008/09,mit Fachhochschulreife,Insgesamt,Gymnasien,-
2008/09,mit Fachhochschulreife,Insgesamt,Förderschulen,-
2008/09,mit Fachhochschulreife,Insgesamt,Freie Waldorfschulen,-
2008/09,mit Fachhochschulreife,Insgesamt,Gemeinschaftsschulen,-
2008/09,mit Fachhochschulreife,Insgesamt,Integrierte Gesamtschulen,-
2008/09,mit Fachhochschulreife,Insgesamt,Schulen des zweiten Bildungsweges,-
2008/09,mit Fachhochschulreife,Insgesamt,außerdem Schulkindergärten entspr.Vorbereitungskl.,-
2009/10,mit Fachhochschulreife,Insgesamt,Grundschulen,-
2009/10,mit Fachhochschulreife,Insgesamt,Schularten mit mehreren Bildungsgängen,-
2009/10,mit Fachhochschulreife,Insgesamt,Gymnasien,-
2009/10,mit Fachhochschulreife,Insgesamt,Förderschulen,-
2009/10,mit Fachhochschulreife,Insgesamt,Freie Waldorfschulen,-
2009/10,mit Fachhochschulreife,Insgesamt,Gemeinschaftsschulen,-
2009/10,mit Fachhochschulreife,Insgesamt,Integrierte Gesamtschulen,-
2009/10,mit Fachhochschulreife,Insgesamt,Schulen des zweiten Bildungsweges,-
2009/10,mit Fachhochschulreife,Insgesamt,außerdem Schulkindergärten entspr.Vorbereitungskl.,-
2010/11,mit Fachhochschulreife,Insgesamt,Grundschulen,-
2010/11,mit Fachhochschulreife,Insgesamt,Schularten mit mehreren Bildungsgängen,-
2010/11,mit Fachhochschulreife,Insgesamt,Gymnasien,-
2010/11,mit Fachhochschulreife,Insgesamt,Förderschulen,-
2010/11,mit Fachhochschulreife,Insgesamt,Freie Waldorfschulen,-
2010/11,mit Fachhochschulreife,Insgesamt,Gemeinschaftsschulen,-
2010/11,mit Fachhochschulreife,Insgesamt,Integrierte Gesamtschulen,-
2010/11,mit Fachhochschulreife,Insgesamt,Schulen des zweiten Bildungsweges,-
2010/11,mit Fachhochschulreife,Insgesamt,außerdem Schulkindergärten entspr.Vorbereitungskl.,-
2011/12,mit Fachhochschulreife,Insgesamt,Grundschulen,-
2011/12,mit Fachhochschulreife,Insgesamt,Schularten mit mehreren Bildungsgängen,-
2011/12,mit Fachhochschulreife,Insgesamt,Gymnasien,-
2011/12,mit Fachhochschulreife,Insgesamt,Förderschulen,-
2011/12,mit Fachhochschulreife,Insgesamt,Freie Waldorfschulen,-
2011/12,mit Fachhochschulreife,Insgesamt,Gemeinschaftsschulen,-
2011/12,mit Fachhochschulreife,Insgesamt,Integrierte Gesamtschulen,-
2011/12,mit Fachhochschulreife,Insgesamt,Schulen des zweiten Bildungsweges,-
2011/12,mit Fachhochschulreife,Insgesamt,außerdem Schulkindergärten entspr.Vorbereitungskl.,-
2012/13,mit Fachhochschulreife,Insgesamt,Grundschulen,-
2012/13,mit Fachhochschulreife,Insgesamt,Schularten mit mehreren Bildungsgängen,-
2012/13,mit Fachhochschulreife,Insgesamt,Gymnasien,-
2012/13,mit Fachhochschulreife,Insgesamt,Förderschulen,-
2012/13,mit Fachhochschulreife,Insgesamt,Freie Waldorfschulen,-
2012/13,mit Fachhochschulreife,Insgesamt,Gemeinschaftsschulen,-
2012/13,mit Fachhochschulreife,Insgesamt,Integrierte Gesamtschulen,-
2012/13,mit Fachhochschulreife,Insgesamt,Schulen des zweiten Bildungsweges,-
2012/13,mit Fachhochschulreife,Insgesamt,außerdem Schulkindergärten entspr.Vorbereitungskl.,-
2013/14,mit Fachhochschulreife,Insgesamt,Grundschulen,-
2013/14,mit Fachhochschulreife,Insgesamt,Schularten mit mehreren Bildungsgängen,-
2013/14,mit Fachhochschulreife,Insgesamt,Gymnasien,-
2013/14,mit Fachhochschulreife,Insgesamt,Förderschulen,-
2013/14,mit Fachhochschulreife,Insgesamt,Freie Waldorfschulen,-
2013/14,mit Fachhochschulreife,Insgesamt,Gemeinschaftsschulen,-
2013/14,mit Fachhochschulreife,Insgesamt,Integrierte Gesamtschulen,-
2013/14,mit Fachhochschulreife,Insgesamt,Schulen des zweiten Bildungsweges,-
2013/14,mit Fachhochschulreife,Insgesamt,außerdem Schulkindergärten entspr.Vorbereitungskl.,-
2014/15,mit Fachhochschulreife,Insgesamt,Grundschulen,-
2014/15,mit Fachhochschulreife,Insgesamt,Schularten mit mehreren Bildungsgängen,-
2014/15,mit Fachhochschulreife,Insgesamt,Gymnasien,-
2014/15,mit Fachhochschulreife,Insgesamt,Förderschulen,-
2014/15,mit Fachhochschulreife,Insgesamt,Freie Waldorfschulen,-
2014/15,mit Fachhochschulreife,Insgesamt,Gemeinschaftsschulen,-
2014/15,mit Fachhochschulreife,Insgesamt,Integrierte Gesamtschulen,-
2014/15,mit Fachhochschulreife,Insgesamt,Schulen des zweiten Bildungsweges,-
2014/15,mit Fachhochschulreife,Insgesamt,außerdem Schulkindergärten entspr.Vorbereitungskl.,-
2015/16,mit Fachhochschulreife,Insgesamt,Grundschulen,-
2015/16,mit Fachhochschulreife,Insgesamt,Schularten mit mehreren Bildungsgängen,-
2015/16,mit Fachhochschulreife,Insgesamt,Gymnasien,-
2015/16,mit Fachhochschulreife,Insgesamt,Förderschulen,-
2015/16,mit Fachhochschulreife,Insgesamt,Freie Waldorfschulen,-
2015/16,mit Fachhochschulreife,Insgesamt,Gemeinschaftsschulen,-
2015/16,mit Fachhochschulreife,Insgesamt,Integrierte Gesamtschulen,-
2015/16,mit Fachhochschulreife,Insgesamt,Schulen des zweiten Bildungsweges,-
2015/16,mit Fachhochschulreife,Insgesamt,außerdem Schulkindergärten entspr.Vorbereitungskl.,-
2016/17,mit Fachhochschulreife,Insgesamt,Grundschulen,-
2016/17,mit Fachhochschulreife,Insgesamt,Schularten mit mehreren Bildungsgängen,-
2016/17,mit Fachhochschulreife,Insgesamt,Gymnasien,-
2016/17,mit Fachhochschulreife,Insgesamt,Förderschulen,-
2016/17,mit Fachhochschulreife,Insgesamt,Freie Waldorfschulen,-
2016/17,mit Fachhochschulreife,Insgesamt,Gemeinschaftsschulen,-
2016/17,mit Fachhochschulreife,Insgesamt,Integrierte Gesamtschulen,-
2016/17,mit Fachhochschulreife,Insgesamt,Schulen des zweiten Bildungsweges,-
2016/17,mit Fachhochschulreife,Insgesamt,außerdem Schulkindergärten entspr.Vorbereitungskl.,-
2017/18,mit Fachhochschulreife,Insgesamt,Grundschulen,-
2017/18,mit Fachhochschulreife,Insgesamt,Schularten mit mehreren Bildungsgängen,-
2017/18,mit Fachhochschulreife,Insgesamt,Gymnasien,-
2017/18,mit Fachhochschulreife,Insgesamt,Förderschulen,-
2017/18,mit Fachhochschulreife,Insgesamt,Freie Waldorfschulen,-
2017/18,mit Fachhochschulreife,Insgesamt,Gemeinschaftsschulen,-
2017/18,mit Fachhochschulreife,Insgesamt,Integrierte Gesamtschulen,-
2017/18,mit Fachhochschulreife,Insgesamt,Schulen des zweiten Bildungsweges,-
2017/18,mit Fachhochschulreife,Insgesamt,außerdem Schulkindergärten entspr.Vorbereitungskl.,-
2018/19,mit Fachhochschulreife,Insgesamt,Grundschulen,-
2018/19,mit Fachhochschulreife,Insgesamt,Schularten mit mehreren Bildungsgängen,-
2018/19,mit Fachhochschulreife,Insgesamt,Gymnasien,-
2018/19,mit Fachhochschulreife,Insgesamt,Förderschulen,-
2018/19,mit Fachhochschulreife,Insgesamt,Freie Waldorfschulen,-
2018/19,mit Fachhochschulreife,Insgesamt,Gemeinschaftsschulen,-
2018/19,mit Fachhochschulreife,Insgesamt,Integrierte Gesamtschulen,-
2018/19,mit Fachhochschulreife,Insgesamt,Schulen des zweiten Bildungsweges,-
2018/19,mit Fachhochschulreife,Insgesamt,außerdem Schulkindergärten entspr.Vorbereitungskl.,-
2019/20,mit Fachhochschulreife,Insgesamt,Grundschulen,-
2019/20,mit Fachhochschulreife,Insgesamt,Schularten mit mehreren Bildungsgängen,-
2019/20,mit Fachhochschulreife,Insgesamt,Gymnasien,-
2019/20,mit Fachhochschulreife,Insgesamt,Förderschulen,-
2019/20,mit Fachhochschulreife,Insgesamt,Freie Waldorfschulen,-
2019/20,mit Fachhochschulreife,Insgesamt,Gemeinschaftsschulen,-
2019/20,mit Fachhochschulreife,Insgesamt,Integrierte Gesamtschulen,-
2019/20,mit Fachhochschulreife,Insgesamt,Schulen des zweiten Bildungsweges,-
2019/20,mit Fachhochschulreife,Insgesamt,außerdem Schulkindergärten entspr.Vorbereitungskl.,-
2020/21,mit Fachhochschulreife,Insgesamt,Grundschulen,-
2020/21,mit Fachhochschulreife,Insgesamt,Schularten mit mehreren Bildungsgängen,-
2020/21,mit Fachhochschulreife,Insgesamt,Gymnasien,-
2020/21,mit Fachhochschulreife,Insgesamt,Förderschulen,-
2020/21,mit Fachhochschulreife,Insgesamt,Freie Waldorfschulen,-
2020/21,mit Fachhochschulreife,Insgesamt,Gemeinschaftsschulen,-
2020/21,mit Fachhochschulreife,Insgesamt,Integrierte Gesamtschulen,-
2020/21,mit Fachhochschulreife,Insgesamt,Schulen des zweiten Bildungsweges,-
2020/21,mit Fachhochschulreife,Insgesamt,außerdem Schulkindergärten entspr.Vorbereitungskl.,-
2021/22,mit Fachhochschulreife,Insgesamt,Grundschulen,-
2021/22,mit Fachhochschulreife,Insgesamt,Schularten mit mehreren Bildungsgängen,-
2021/22,mit Fachhochschulreife,Insgesamt,Gymnasien,-
2021/22,mit Fachhochschulreife,Insgesamt,Förderschulen,-
2021/22,mit Fachhochschulreife,Insgesamt,Freie Waldorfschulen,-
2021/22,mit Fachhochschulreife,Insgesamt,Gemeinschaftsschulen,-
2021/22,mit Fachhochschulreife,Insgesamt,Integrierte Gesamtschulen,-
2021/22,mit Fachhochschulreife,Insgesamt,Schulen des zweiten Bildungsweges,-
2021/22,mit Fachhochschulreife,Insgesamt,außerdem Schulkindergärten entspr.Vorbereitungskl.,-
2022/23,mit Fachhochschulreife,Insgesamt,Grundschulen,-
2022/23,mit Fachhochschulreife,Insgesamt,Schularten mit mehreren Bildungsgängen,-
2022/23,mit Fachhochschulreife,Insgesamt,Gymnasien,-
2022/23,mit Fachhochschulreife,Insgesamt,Förderschulen,-
2022/23,mit Fachhochschulreife,Insgesamt,Freie Waldorfschulen,-
2022/23,mit Fachhochschulreife,Insgesamt,Gemeinschaftsschulen,-
2022/23,mit Fachhochschulreife,Insgesamt,Integrierte Gesamtschulen,-
2022/23,mit Fachhochschulreife,Insgesamt,Schulen des zweiten Bildungsweges,-
2022/23,mit Fachhochschulreife,Insgesamt,außerdem Schulkindergärten entspr.Vorbereitungskl.,-
2023/24,mit Fachhochschulreife,Insgesamt,Grundschulen,-
2023/24,mit Fachhochschulreife,Insgesamt,Schularten mit mehreren Bildungsgängen,-
2023/24,mit Fachhochschulreife,Insgesamt,Gymnasien,-
2023/24,mit Fachhochschulreife,Insgesamt,Förderschulen,-
2023/24,mit Fachhochschulreife,Insgesamt,Freie Waldorfschulen,-
2023/24,mit Fachhochschulreife,Insgesamt,Gemeinschaftsschulen,-
2023/24,mit Fachhochschulreife,Insgesamt,Integrierte Gesamtschulen,-
2023/24,mit Fachhochschulreife,Insgesamt,Schulen des zweiten Bildungsweges,-
2023/24,mit Fachhochschulreife,Insgesamt,außerdem Schulkindergärten entspr.Vorbereitungskl.,-
2024/25,mit Fachhochschulreife,Insgesamt,Grundschulen,-
2024/25,mit Fachhochschulreife,Insgesamt,Schularten mit mehreren Bildungsgängen,-
2024/25,mit Fachhochschulreife,Insgesamt,Gymnasien,-
2024/25,mit Fachhochschulreife,Insgesamt,Förderschulen,-
2024/25,mit Fachhochschulreife,Insgesamt,Freie Waldorfschulen,-
2024/25,mit Fachhochschulreife,Insgesamt,Gemeinschaftsschulen,-
2024/25,mit Fachhochschulreife,Insgesamt,Integrierte Gesamtschulen,-
2024/25,mit Fachhochschulreife,Insgesamt,Schulen des zweiten Bildungsweges,-
2024/25,mit Fachhochschulreife,Insgesamt,außerdem Schulkindergärten entspr.Vorbereitungskl.,-
1994/95,mit allgemeiner Hochschulreife,männlich,Grundschulen,-
1994/95,mit allgemeiner Hochschulreife,männlich,Schularten mit mehreren Bildungsgängen,x
1994/95,mit allgemeiner Hochschulreife,männlich,Gymnasien,5833
1994/95,mit allgemeiner Hochschulreife,männlich,Förderschulen,x
1994/95,mit allgemeiner Hochschulreife,männlich,Freie Waldorfschulen,-
1994/95,mit allgemeiner Hochschulreife,männlich,Gemeinschaftsschulen,-
1994/95,mit allgemeiner Hochschulreife,männlich,Integrierte Gesamtschulen,-
1994/95,mit allgemeiner Hochschulreife,männlich,Schulen des zweiten Bildungsweges,226
1994/95,mit allgemeiner Hochschulreife,männlich,außerdem Schulkindergärten entspr.Vorbereitungskl.,-
1995/96,mit allgemeiner Hochschulreife,männlich,Grundschulen,-
1995/96,mit allgemeiner Hochschulreife,männlich,Schularten mit mehreren Bildungsgängen,x
1995/96,mit allgemeiner Hochschulreife,männlich,Gymnasien,6263
1995/96,mit allgemeiner Hochschulreife,männlich,Förderschulen,x
1995/96,mit allgemeiner Hochschulreife,männlich,Freie Waldorfschulen,4
1995/96,mit allgemeiner Hochschulreife,männlich,Gemeinschaftsschulen,-
1995/96,mit allgemeiner Hochschulreife,männlich,Integrierte Gesamtschulen,-
1995/96,mit allgemeiner Hochschulreife,männlich,Schulen des zweiten Bildungsweges,184
1995/96,mit allgemeiner Hochschulreife,männlich,außerdem Schulkindergärten entspr.Vorbereitungskl.,-
1996/97,mit allgemeiner Hochschulreife,männlich,Grundschulen,-
1996/97,mit allgemeiner Hochschulreife,männlich,Schularten mit mehreren Bildungsgängen,x
1996/97,mit allgemeiner Hochschulreife,männlich,Gymnasien,6290
1996/97,mit allgemeiner Hochschulreife,männlich,Förderschulen,x
1996/97,mit allgemeiner Hochschulreife,männlich,Freie Waldorfschulen,3
1996/97,mit allgemeiner Hochschulreife,männlich,Gemeinschaftsschulen,-
1996/97,mit allgemeiner Hochschulreife,männlich,Integrierte Gesamtschulen,-
1996/97,mit allgemeiner Hochschulreife,männlich,Schulen des zweiten Bildungsweges,214
1996/97,mit allgemeiner Hochschulreife,männlich,außerdem Schulkindergärten entspr.Vorbereitungskl.,-
1997/98,mit allgemeiner Hochschulreife,männlich,Grundschulen,-
1997/98,mit allgemeiner Hochschulreife,männlich,Schularten mit mehreren Bildungsgängen,x
1997/98,mit allgemeiner Hochschulreife,männlich,Gymnasien,5883
1997/98,mit allgemeiner Hochschulreife,männlich,Förderschulen,x
1997/98,mit allgemeiner Hochschulreife,männlich,Freie Waldorfschulen,4
1997/98,mit allgemeiner Hochschulreife,männlich,Gemeinschaftsschulen,-
1997/98,mit allgemeiner Hochschulreife,männlich,Integrierte Gesamtschulen,-
1997/98,mit allgemeiner Hochschulreife,männlich,Schulen des zweiten Bildungsweges,152
1997/98,mit allgemeiner Hochschulreife,männlich,außerdem Schulkindergärten entspr.Vorbereitungskl.,-
1998/99,mit allgemeiner Hochschulreife,männlich,Grundschulen,-
1998/99,mit allgemeiner Hochschulreife,männlich,Schularten mit mehreren Bildungsgängen,x
1998/99,mit allgemeiner Hochschulreife,männlich,Gymnasien,6197
1998/99,mit allgemeiner Hochschulreife,männlich,Förderschulen,x
1998/99,mit allgemeiner Hochschulreife,männlich,Freie Waldorfschulen,10
1998/99,mit allgemeiner Hochschulreife,männlich,Gemeinschaftsschulen,-
1998/99,mit allgemeiner Hochschulreife,männlich,Integrierte Gesamtschulen,-
1998/99,mit allgemeiner Hochschulreife,männlich,Schulen des zweiten Bildungsweges,124
1998/99,mit allgemeiner Hochschulreife,männlich,außerdem Schulkindergärten entspr.Vorbereitungskl.,-
1999/00,mit allgemeiner Hochschulreife,männlich,Grundschulen,-
1999/00,mit allgemeiner Hochschulreife,männlich,Schularten mit mehreren Bildungsgängen,x
1999/00,mit allgemeiner Hochschulreife,männlich,Gymnasien,6311
1999/00,mit allgemeiner Hochschulreife,männlich,Förderschulen,x
1999/00,mit allgemeiner Hochschulreife,männlich,Freie Waldorfschulen,11
1999/00,mit allgemeiner Hochschulreife,männlich,Gemeinschaftsschulen,-
1999/00,mit allgemeiner Hochschulreife,männlich,Integrierte Gesamtschulen,-
1999/00,mit allgemeiner Hochschulreife,männlich,Schulen des zweiten Bildungsweges,137
1999/00,mit allgemeiner Hochschulreife,männlich,außerdem Schulkindergärten entspr.Vorbereitungskl.,-
2000/01,mit allgemeiner Hochschulreife,männlich,Grundschulen,-
2000/01,mit allgemeiner Hochschulreife,männlich,Schularten mit mehreren Bildungsgängen,x
2000/01,mit allgemeiner Hochschulreife,männlich,Gymnasien,6119
2000/01,mit allgemeiner Hochschulreife,männlich,Förderschulen,x
2000/01,mit allgemeiner Hochschulreife,männlich,Freie Waldorfschulen,9
2000/01,mit allgemeiner Hochschulreife,männlich,Gemeinschaftsschulen,-
2000/01,mit allgemeiner Hochschulreife,männlich,Integrierte Gesamtschulen,-
2000/01,mit allgemeiner Hochschulreife,männlich,Schulen des zweiten Bildungsweges,132
2000/01,mit allgemeiner Hochschulreife,männlich,außerdem Schulkindergärten entspr.Vorbereitungskl.,-
2001/02,mit allgemeiner Hochschulreife,männlich,Grundschulen,-
2001/02,mit allgemeiner Hochschulreife,männlich,Schularten mit mehreren Bildungsgängen,x
2001/02,mit allgemeiner Hochschulreife,männlich,Gymnasien,5700
2001/02,mit allgemeiner Hochschulreife,männlich,Förderschulen,x
2001/02,mit allgemeiner Hochschulreife,männlich,Freie Waldorfschulen,10
2001/02,mit allgemeiner Hochschulreife,männlich,Gemeinschaftsschulen,-
2001/02,mit allgemeiner Hochschulreife,männlich,Integrierte Gesamtschulen,-
2001/02,mit allgemeiner Hochschulreife,männlich,Schulen des zweiten Bildungsweges,126
2001/02,mit allgemeiner Hochschulreife,männlich,außerdem Schulkindergärten entspr.Vorbereitungskl.,-
2002/03,mit allgemeiner Hochschulreife,männlich,Grundschulen,-
2002/03,mit allgemeiner Hochschulreife,männlich,Schularten mit mehreren Bildungsgängen,x
2002/03,mit allgemeiner Hochschulreife,männlich,Gymnasien,5443
2002/03,mit allgemeiner Hochschulreife,männlich,Förderschulen,x
2002/03,mit allgemeiner Hochschulreife,männlich,Freie Waldorfschulen,12
2002/03,mit allgemeiner Hochschulreife,männlich,Gemeinschaftsschulen,-
2002/03,mit allgemeiner Hochschulreife,männlich,Integrierte Gesamtschulen,-
2002/03,mit allgemeiner Hochschulreife,männlich,Schulen des zweiten Bildungsweges,159
2002/03,mit allgemeiner Hochschulreife,männlich,außerdem Schulkindergärten entspr.Vorbereitungskl.,-
2003/04,mit allgemeiner Hochschulreife,männlich,Grundschulen,-
2003/04,mit allgemeiner Hochschulreife,männlich,Schularten mit mehreren Bildungsgängen,x
2003/04,mit allgemeiner Hochschulreife,männlich,Gymnasien,5680
2003/04,mit allgemeiner Hochschulreife,männlich,Förderschulen,x
2003/04,mit allgemeiner Hochschulreife,männlich,Freie Waldorfschulen,15
2003/04,mit allgemeiner Hochschulreife,männlich,Gemeinschaftsschulen,-
2003/04,mit allgemeiner Hochschulreife,männlich,Integrierte Gesamtschulen,-
2003/04,mit allgemeiner Hochschulreife,männlich,Schulen des zweiten Bildungsweges,152
2003/04,mit allgemeiner Hochschulreife,männlich,außerdem Schulkindergärten entspr.Vorbereitungskl.,-
2004/05,mit allgemeiner Hochschulreife,männlich,Grundschulen,-
2004/05,mit allgemeiner Hochschulreife,männlich,Schularten mit mehreren Bildungsgängen,x
2004/05,mit allgemeiner Hochschulreife,männlich,Gymnasien,5663
2004/05,mit allgemeiner Hochschulreife,männlich,Förderschulen,x
2004/05,mit allgemeiner Hochschulreife,männlich,Freie Waldorfschulen,11
2004/05,mit allgemeiner Hochschulreife,männlich,Gemeinschaftsschulen,-
2004/05,mit allgemeiner Hochschulreife,männlich,Integrierte Gesamtschulen,-
2004/05,mit allgemeiner Hochschulreife,männlich,Schulen des zweiten Bildungsweges,186
2004/05,mit allgemeiner Hochschulreife,männlich,außerdem Schulkindergärten entspr.Vorbereitungskl.,-
2005/06,mit allgemeiner Hochschulreife,männlich,Grundschulen,-
2005/06,mit allgemeiner Hochschulreife,männlich,Schularten mit mehreren Bildungsgängen,x
2005/06,mit allgemeiner Hochschulreife,männlich,Gymnasien,5842
2005/06,mit allgemeiner Hochschulreife,männlich,Förderschulen,x
2005/06,mit allgemeiner Hochschulreife,männlich,Freie Waldorfschulen,16
2005/06,mit allgemeiner Hochschulreife,männlich,Gemeinschaftsschulen,-
2005/06,mit allgemeiner Hochschulreife,männlich,Integrierte Gesamtschulen,-
2005/06,mit allgemeiner Hochschulreife,männlich,Schulen des zweiten Bildungsweges,158
2005/06,mit allgemeiner Hochschulreife,männlich,außerdem Schulkindergärten entspr.Vorbereitungskl.,-
2006/07,mit allgemeiner Hochschulreife,männlich,Grundschulen,-
2006/07,mit allgemeiner Hochschulreife,männlich,Schularten mit mehreren Bildungsgängen,x
2006/07,mit allgemeiner Hochschulreife,männlich,Gymnasien,5806
2006/07,mit allgemeiner Hochschulreife,männlich,Förderschulen,x
2006/07,mit allgemeiner Hochschulreife,männlich,Freie Waldorfschulen,17
2006/07,mit allgemeiner Hochschulreife,männlich,Gemeinschaftsschulen,-
2006/07,mit allgemeiner Hochschulreife,männlich,Integrierte Gesamtschulen,-
2006/07,mit allgemeiner Hochschulreife,männlich,Schulen des zweiten Bildungsweges,171
2006/07,mit allgemeiner Hochschulreife,männlich,außerdem Schulkindergärten entspr.Vorbereitungskl.,-
2007/08,mit allgemeiner Hochschulreife,männlich,Grundschulen,-
2007/08,mit allgemeiner Hochschulreife,männlich,Schularten mit mehreren Bildungsgängen,x
2007/08,mit allgemeiner Hochschulreife,männlich,Gymnasien,5868
2007/08,mit allgemeiner Hochschulreife,männlich,Förderschulen,x
2007/08,mit allgemeiner Hochschulreife,männlich,Freie Waldorfschulen,23
2007/08,mit allgemeiner Hochschulreife,männlich,Gemeinschaftsschulen,-
2007/08,mit allgemeiner Hochschulreife,männlich,Integrierte Gesamtschulen,-
2007/08,mit allgemeiner Hochschulreife,männlich,Schulen des zweiten Bildungsweges,171
2007/08,mit allgemeiner Hochschulreife,männlich,außerdem Schulkindergärten entspr.Vorbereitungskl.,-
2008/09,mit allgemeiner Hochschulreife,männlich,Grundschulen,-
2008/09,mit allgemeiner Hochschulreife,männlich,Schularten mit mehreren Bildungsgängen,x
2008/09,mit allgemeiner Hochschulreife,männlich,Gymnasien,5237
2008/09,mit allgemeiner Hochschulreife,männlich,Förderschulen,x
2008/09,mit allgemeiner Hochschulreife,männlich,Freie Waldorfschulen,15
2008/09,mit allgemeiner Hochschulreife,männlich,Gemeinschaftsschulen,-
2008/09,mit allgemeiner Hochschulreife,männlich,Integrierte Gesamtschulen,-
2008/09,mit allgemeiner Hochschulreife,männlich,Schulen des zweiten Bildungsweges,187
2008/09,mit allgemeiner Hochschulreife,männlich,außerdem Schulkindergärten entspr.Vorbereitungskl.,-
2009/10,mit allgemeiner Hochschulreife,männlich,Grundschulen,-
2009/10,mit allgemeiner Hochschulreife,männlich,Schularten mit mehreren Bildungsgängen,x
2009/10,mit allgemeiner Hochschulreife,männlich,Gymnasien,3127
2009/10,mit allgemeiner Hochschulreife,männlich,Förderschulen,x
2009/10,mit allgemeiner Hochschulreife,männlich,Freie Waldorfschulen,10
2009/10,mit allgemeiner Hochschulreife,männlich,Gemeinschaftsschulen,-
2009/10,mit allgemeiner Hochschulreife,männlich,Integrierte Gesamtschulen,-
2009/10,mit allgemeiner Hochschulreife,männlich,Schulen des zweiten Bildungsweges,149
2009/10,mit allgemeiner Hochschulreife,männlich,außerdem Schulkindergärten entspr.Vorbereitungskl.,-
2010/11,mit allgemeiner Hochschulreife,männlich,Grundschulen,-
2010/11,mit allgemeiner Hochschulreife,männlich,Schularten mit mehreren Bildungsgängen,x
2010/11,mit allgemeiner Hochschulreife,männlich,Gymnasien,2859
2010/11,mit allgemeiner Hochschulreife,männlich,Förderschulen,x
2010/11,mit allgemeiner Hochschulreife,männlich,Freie Waldorfschulen,25
2010/11,mit allgemeiner Hochschulreife,männlich,Gemeinschaftsschulen,-
2010/11,mit allgemeiner Hochschulreife,männlich,Integrierte Gesamtschulen,-
2010/11,mit allgemeiner Hochschulreife,männlich,Schulen des zweiten Bildungsweges,135
2010/11,mit allgemeiner Hochschulreife,männlich,außerdem Schulkindergärten entspr.Vorbereitungskl.,-
2011/12,mit allgemeiner Hochschulreife,männlich,Grundschulen,-
2011/12,mit allgemeiner Hochschulreife,männlich,Schularten mit mehreren Bildungsgängen,x
2011/12,mit allgemeiner Hochschulreife,männlich,Gymnasien,2919
2011/12,mit allgemeiner Hochschulreife,männlich,Förderschulen,x
2011/12,mit allgemeiner Hochschulreife,männlich,Freie Waldorfschulen,16
2011/12,mit allgemeiner Hochschulreife,männlich,Gemeinschaftsschulen,-
2011/12,mit allgemeiner Hochschulreife,männlich,Integrierte Gesamtschulen,-
2011/12,mit allgemeiner Hochschulreife,männlich,Schulen des zweiten Bildungsweges,166
2011/12,mit allgemeiner Hochschulreife,männlich,außerdem Schulkindergärten entspr.Vorbereitungskl.,-
2012/13,mit allgemeiner Hochschulreife,männlich,Grundschulen,-
2012/13,mit allgemeiner Hochschulreife,männlich,Schularten mit mehreren Bildungsgängen,x
2012/13,mit allgemeiner Hochschulreife,männlich,Gymnasien,3217
2012/13,mit allgemeiner Hochschulreife,männlich,Förderschulen,x
2012/13,mit allgemeiner Hochschulreife,männlich,Freie Waldorfschulen,24
2012/13,mit allgemeiner Hochschulreife,männlich,Gemeinschaftsschulen,-
2012/13,mit allgemeiner Hochschulreife,männlich,Integrierte Gesamtschulen,-
2012/13,mit allgemeiner Hochschulreife,männlich,Schulen des zweiten Bildungsweges,148
2012/13,mit allgemeiner Hochschulreife,männlich,außerdem Schulkindergärten entspr.Vorbereitungskl.,-
2013/14,mit allgemeiner Hochschulreife,männlich,Grundschulen,-
2013/14,mit allgemeiner Hochschulreife,männlich,Schularten mit mehreren Bildungsgängen,x
2013/14,mit allgemeiner Hochschulreife,männlich,Gymnasien,3565
2013/14,mit allgemeiner Hochschulreife,männlich,Förderschulen,x
2013/14,mit allgemeiner Hochschulreife,männlich,Freie Waldorfschulen,17
2013/14,mit allgemeiner Hochschulreife,männlich,Gemeinschaftsschulen,-
2013/14,mit allgemeiner Hochschulreife,männlich,Integrierte Gesamtschulen,-
2013/14,mit allgemeiner Hochschulreife,männlich,Schulen des zweiten Bildungsweges,151
2013/14,mit allgemeiner Hochschulreife,männlich,außerdem Schulkindergärten entspr.Vorbereitungskl.,-
2014/15,mit allgemeiner Hochschulreife,männlich,Grundschulen,-
2014/15,mit allgemeiner Hochschulreife,männlich,Schularten mit mehreren Bildungsgängen,x
2014/15,mit allgemeiner Hochschulreife,männlich,Gymnasien,4128
2014/15,mit allgemeiner Hochschulreife,männlich,Förderschulen,x
2014/15,mit allgemeiner Hochschulreife,männlich,Freie Waldorfschulen,30
2014/15,mit allgemeiner Hochschulreife,männlich,Gemeinschaftsschulen,-
2014/15,mit allgemeiner Hochschulreife,männlich,Integrierte Gesamtschulen,-
2014/15,mit allgemeiner Hochschulreife,männlich,Schulen des zweiten Bildungsweges,136
2014/15,mit allgemeiner Hochschulreife,männlich,außerdem Schulkindergärten entspr.Vorbereitungskl.,-
2015/16,mit allgemeiner Hochschulreife,männlich,Grundschulen,-
2015/16,mit allgemeiner Hochschulreife,männlich,Schularten mit mehreren Bildungsgängen,x
2015/16,mit allgemeiner Hochschulreife,männlich,Gymnasien,4230
2015/16,mit allgemeiner Hochschulreife,männlich,Förderschulen,x
2015/16,mit allgemeiner Hochschulreife,männlich,Freie Waldorfschulen,22
2015/16,mit allgemeiner Hochschulreife,männlich,Gemeinschaftsschulen,-
2015/16,mit allgemeiner Hochschulreife,männlich,Integrierte Gesamtschulen,-
2015/16,mit allgemeiner Hochschulreife,männlich,Schulen des zweiten Bildungsweges,116
2015/16,mit allgemeiner Hochschulreife,männlich,außerdem Schulkindergärten entspr.Vorbereitungskl.,-
2016/17,mit allgemeiner Hochschulreife,männlich,Grundschulen,-
2016/17,mit allgemeiner Hochschulreife,männlich,Schularten mit mehreren Bildungsgängen,x
2016/17,mit allgemeiner Hochschulreife,männlich,Gymnasien,4612
2016/17,mit allgemeiner Hochschulreife,männlich,Förderschulen,x
2016/17,mit allgemeiner Hochschulreife,männlich,Freie Waldorfschulen,18
2016/17,mit allgemeiner Hochschulreife,männlich,Gemeinschaftsschulen,-
2016/17,mit allgemeiner Hochschulreife,männlich,Integrierte Gesamtschulen,-
2016/17,mit allgemeiner Hochschulreife,männlich,Schulen des zweiten Bildungsweges,115
2016/17,mit allgemeiner Hochschulreife,männlich,außerdem Schulkindergärten entspr.Vorbereitungskl.,-
2017/18,mit allgemeiner Hochschulreife,männlich,Grundschulen,-
2017/18,mit allgemeiner Hochschulreife,männlich,Schularten mit mehreren Bildungsgängen,x
2017/18,mit allgemeiner Hochschulreife,männlich,Gymnasien,4412
2017/18,mit allgemeiner Hochschulreife,männlich,Förderschulen,x
2017/18,mit allgemeiner Hochschulreife,männlich,Freie Waldorfschulen,26
2017/18,mit allgemeiner Hochschulreife,männlich,Gemeinschaftsschulen,-
2017/18,mit allgemeiner Hochschulreife,männlich,Integrierte Gesamtschulen,-
2017/18,mit allgemeiner Hochschulreife,männlich,Schulen des zweiten Bildungsweges,93
2017/18,mit allgemeiner Hochschulreife,männlich,außerdem Schulkindergärten entspr.Vorbereitungskl.,-
2018/19,mit allgemeiner Hochschulreife,männlich,Grundschulen,-
2018/19,mit allgemeiner Hochschulreife,männlich,Schularten mit mehreren Bildungsgängen,x
2018/19,mit allgemeiner Hochschulreife,männlich,Gymnasien,4722
2018/19,mit allgemeiner Hochschulreife,männlich,Förderschulen,x
2018/19,mit allgemeiner Hochschulreife,männlich,Freie Waldorfschulen,19
2018/19,mit allgemeiner Hochschulreife,männlich,Gemeinschaftsschulen,-
2018/19,mit allgemeiner Hochschulreife,männlich,Integrierte Gesamtschulen,-
2018/19,mit allgemeiner Hochschulreife,männlich,Schulen des zweiten Bildungsweges,75
2018/19,mit allgemeiner Hochschulreife,männlich,außerdem Schulkindergärten entspr.Vorbereitungskl.,-
2019/20,mit allgemeiner Hochschulreife,männlich,Grundschulen,-
2019/20,mit allgemeiner Hochschulreife,männlich,Schularten mit mehreren Bildungsgängen,x
2019/20,mit allgemeiner Hochschulreife,männlich,Gymnasien,4477
2019/20,mit allgemeiner Hochschulreife,männlich,Förderschulen,x
2019/20,mit allgemeiner Hochschulreife,männlich,Freie Waldorfschulen,27
2019/20,mit allgemeiner Hochschulreife,männlich,Gemeinschaftsschulen,-
2019/20,mit allgemeiner Hochschulreife,männlich,Integrierte Gesamtschulen,-
2019/20,mit allgemeiner Hochschulreife,männlich,Schulen des zweiten Bildungsweges,79
2019/20,mit allgemeiner Hochschulreife,männlich,außerdem Schulkindergärten entspr.Vorbereitungskl.,-
2020/21,mit allgemeiner Hochschulreife,männlich,Grundschulen,-
2020/21,mit allgemeiner Hochschulreife,männlich,Schularten mit mehreren Bildungsgängen,x
2020/21,mit allgemeiner Hochschulreife,männlich,Gymnasien,4454
2020/21,mit allgemeiner Hochschulreife,männlich,Förderschulen,x
2020/21,mit allgemeiner Hochschulreife,männlich,Freie Waldorfschulen,31
2020/21,mit allgemeiner Hochschulreife,männlich,Gemeinschaftsschulen,-
2020/21,mit allgemeiner Hochschulreife,männlich,Integrierte Gesamtschulen,-
2020/21,mit allgemeiner Hochschulreife,männlich,Schulen des zweiten Bildungsweges,107
2020/21,mit allgemeiner Hochschulreife,männlich,außerdem Schulkindergärten entspr.Vorbereitungskl.,-
2021/22,mit allgemeiner Hochschulreife,männlich,Grundschulen,-
2021/22,mit allgemeiner Hochschulreife,männlich,Schularten mit mehreren Bildungsgängen,x
2021/22,mit allgemeiner Hochschulreife,männlich,Gymnasien,4627
2021/22,mit allgemeiner Hochschulreife,männlich,Förderschulen,x
2021/22,mit allgemeiner Hochschulreife,männlich,Freie Waldorfschulen,17
2021/22,mit allgemeiner Hochschulreife,männlich,Gemeinschaftsschulen,-
2021/22,mit allgemeiner Hochschulreife,männlich,Integrierte Gesamtschulen,-
2021/22,mit allgemeiner Hochschulreife,männlich,Schulen des zweiten Bildungsweges,89
2021/22,mit allgemeiner Hochschulreife,männlich,außerdem Schulkindergärten entspr.Vorbereitungskl.,-
2022/23,mit allgemeiner Hochschulreife,männlich,Grundschulen,-
2022/23,mit allgemeiner Hochschulreife,männlich,Schularten mit mehreren Bildungsgängen,x
2022/23,mit allgemeiner Hochschulreife,männlich,Gymnasien,4339
2022/23,mit allgemeiner Hochschulreife,männlich,Förderschulen,x
2022/23,mit allgemeiner Hochschulreife,männlich,Freie Waldorfschulen,31
2022/23,mit allgemeiner Hochschulreife,männlich,Gemeinschaftsschulen,-
2022/23,mit allgemeiner Hochschulreife,männlich,Integrierte Gesamtschulen,9
2022/23,mit allgemeiner Hochschulreife,männlich,Schulen des zweiten Bildungsweges,82
2022/23,mit allgemeiner Hochschulreife,männlich,außerdem Schulkindergärten entspr.Vorbereitungskl.,-
2023/24,mit allgemeiner Hochschulreife,männlich,Grundschulen,-
2023/24,mit allgemeiner Hochschulreife,männlich,Schularten mit mehreren Bildungsgängen,x
2023/24,mit allgemeiner Hochschulreife,männlich,Gymnasien,4352
2023/24,mit allgemeiner Hochschulreife,männlich,Förderschulen,x
2023/24,mit allgemeiner Hochschulreife,männlich,Freie Waldorfschulen,23
2023/24,mit allgemeiner Hochschulreife,männlich,Gemeinschaftsschulen,-
2023/24,mit allgemeiner Hochschulreife,männlich,Integrierte Gesamtschulen,17
2023/24,mit allgemeiner Hochschulreife,männlich,Schulen des zweiten Bildungsweges,89
2023/24,mit allgemeiner Hochschulreife,männlich,außerdem Schulkindergärten entspr.Vorbereitungskl.,-
2024/25,mit allgemeiner Hochschulreife,männlich,Grundschulen,-
2024/25,mit allgemeiner Hochschulreife,männlich,Schularten mit mehreren Bildungsgängen,x
2024/25,mit allgemeiner Hochschulreife,männlich,Gymnasien,4561
2024/25,mit allgemeiner Hochschulreife,männlich,Förderschulen,x
2024/25,mit allgemeiner Hochschulreife,männlich,Freie Waldorfschulen,29
2024/25,mit allgemeiner Hochschulreife,männlich,Gemeinschaftsschulen,-
2024/25,mit allgemeiner Hochschulreife,männlich,Integrierte Gesamtschulen,-
2024/25,mit allgemeiner Hochschulreife,männlich,Schulen des zweiten Bildungsweges,70
2024/25,mit allgemeiner Hochschulreife,männlich,außerdem Schulkindergärten entspr.Vorbereitungskl.,-
1994/95,mit allgemeiner Hochschulreife,weiblich,Grundschulen,-
1994/95,mit allgemeiner Hochschulreife,weiblich,Schularten mit mehreren Bildungsgängen,x
1994/95,mit allgemeiner Hochschulreife,weiblich,Gymnasien,9068
1994/95,mit allgemeiner Hochschulreife,weiblich,Förderschulen,x
1994/95,mit allgemeiner Hochschulreife,weiblich,Freie Waldorfschulen,4
1994/95,mit allgemeiner Hochschulreife,weiblich,Gemeinschaftsschulen,-
1994/95,mit allgemeiner Hochschulreife,weiblich,Integrierte Gesamtschulen,-
1994/95,mit allgemeiner Hochschulreife,weiblich,Schulen des zweiten Bildungsweges,243
1994/95,mit allgemeiner Hochschulreife,weiblich,außerdem Schulkindergärten entspr.Vorbereitungskl.,-
1995/96,mit allgemeiner Hochschulreife,weiblich,Grundschulen,-
1995/96,mit allgemeiner Hochschulreife,weiblich,Schularten mit mehreren Bildungsgängen,x
1995/96,mit allgemeiner Hochschulreife,weiblich,Gymnasien,9966
1995/96,mit allgemeiner Hochschulreife,weiblich,Förderschulen,x
1995/96,mit allgemeiner Hochschulreife,weiblich,Freie Waldorfschulen,3
1995/96,mit allgemeiner Hochschulreife,weiblich,Gemeinschaftsschulen,-
1995/96,mit allgemeiner Hochschulreife,weiblich,Integrierte Gesamtschulen,-
1995/96,mit allgemeiner Hochschulreife,weiblich,Schulen des zweiten Bildungsweges,214
1995/96,mit allgemeiner Hochschulreife,weiblich,außerdem Schulkindergärten entspr.Vorbereitungskl.,-
1996/97,mit allgemeiner Hochschulreife,weiblich,Grundschulen,-
1996/97,mit allgemeiner Hochschulreife,weiblich,Schularten mit mehreren Bildungsgängen,x
1996/97,mit allgemeiner Hochschulreife,weiblich,Gymnasien,10076
1996/97,mit allgemeiner Hochschulreife,weiblich,Förderschulen,x
1996/97,mit allgemeiner Hochschulreife,weiblich,Freie Waldorfschulen,4
1996/97,mit allgemeiner Hochschulreife,weiblich,Gemeinschaftsschulen,-
1996/97,mit allgemeiner Hochschulreife,weiblich,Integrierte Gesamtschulen,-
1996/97,mit allgemeiner Hochschulreife,weiblich,Schulen des zweiten Bildungsweges,186
1996/97,mit allgemeiner Hochschulreife,weiblich,außerdem Schulkindergärten entspr.Vorbereitungskl.,-
1997/98,mit allgemeiner Hochschulreife,weiblich,Grundschulen,-
1997/98,mit allgemeiner Hochschulreife,weiblich,Schularten mit mehreren Bildungsgängen,x
1997/98,mit allgemeiner Hochschulreife,weiblich,Gymnasien,9426
1997/98,mit allgemeiner Hochschulreife,weiblich,Förderschulen,x
1997/98,mit allgemeiner Hochschulreife,weiblich,Freie Waldorfschulen,1
1997/98,mit allgemeiner Hochschulreife,weiblich,Gemeinschaftsschulen,-
1997/98,mit allgemeiner Hochschulreife,weiblich,Integrierte Gesamtschulen,-
1997/98,mit allgemeiner Hochschulreife,weiblich,Schulen des zweiten Bildungsweges,123
1997/98,mit allgemeiner Hochschulreife,weiblich,außerdem Schulkindergärten entspr.Vorbereitungskl.,-
1998/99,mit allgemeiner Hochschulreife,weiblich,Grundschulen,-
1998/99,mit allgemeiner Hochschulreife,weiblich,Schularten mit mehreren Bildungsgängen,x
1998/99,mit allgemeiner Hochschulreife,weiblich,Gymnasien,9583
1998/99,mit allgemeiner Hochschulreife,weiblich,Förderschulen,x
1998/99,mit allgemeiner Hochschulreife,weiblich,Freie Waldorfschulen,7
1998/99,mit allgemeiner Hochschulreife,weiblich,Gemeinschaftsschulen,-
1998/99,mit allgemeiner Hochschulreife,weiblich,Integrierte Gesamtschulen,-
1998/99,mit allgemeiner Hochschulreife,weiblich,Schulen des zweiten Bildungsweges,122
1998/99,mit allgemeiner Hochschulreife,weiblich,außerdem Schulkindergärten entspr.Vorbereitungskl.,-
1999/00,mit allgemeiner Hochschulreife,weiblich,Grundschulen,-
1999/00,mit allgemeiner Hochschulreife,weiblich,Schularten mit mehreren Bildungsgängen,x
1999/00,mit allgemeiner Hochschulreife,weiblich,Gymnasien,9144
1999/00,mit allgemeiner Hochschulreife,weiblich,Förderschulen,x
1999/00,mit allgemeiner Hochschulreife,weiblich,Freie Waldorfschulen,14
1999/00,mit allgemeiner Hochschulreife,weiblich,Gemeinschaftsschulen,-
1999/00,mit allgemeiner Hochschulreife,weiblich,Integrierte Gesamtschulen,-
1999/00,mit allgemeiner Hochschulreife,weiblich,Schulen des zweiten Bildungsweges,144
1999/00,mit allgemeiner Hochschulreife,weiblich,außerdem Schulkindergärten entspr.Vorbereitungskl.,-
2000/01,mit allgemeiner Hochschulreife,weiblich,Grundschulen,-
2000/01,mit allgemeiner Hochschulreife,weiblich,Schularten mit mehreren Bildungsgängen,x
2000/01,mit allgemeiner Hochschulreife,weiblich,Gymnasien,9244
2000/01,mit allgemeiner Hochschulreife,weiblich,Förderschulen,x
2000/01,mit allgemeiner Hochschulreife,weiblich,Freie Waldorfschulen,9
2000/01,mit allgemeiner Hochschulreife,weiblich,Gemeinschaftsschulen,-
2000/01,mit allgemeiner Hochschulreife,weiblich,Integrierte Gesamtschulen,-
2000/01,mit allgemeiner Hochschulreife,weiblich,Schulen des zweiten Bildungsweges,114
2000/01,mit allgemeiner Hochschulreife,weiblich,außerdem Schulkindergärten entspr.Vorbereitungskl.,-
2001/02,mit allgemeiner Hochschulreife,weiblich,Grundschulen,-
2001/02,mit allgemeiner Hochschulreife,weiblich,Schularten mit mehreren Bildungsgängen,x
2001/02,mit allgemeiner Hochschulreife,weiblich,Gymnasien,8305
2001/02,mit allgemeiner Hochschulreife,weiblich,Förderschulen,x
2001/02,mit allgemeiner Hochschulreife,weiblich,Freie Waldorfschulen,10
2001/02,mit allgemeiner Hochschulreife,weiblich,Gemeinschaftsschulen,-
2001/02,mit allgemeiner Hochschulreife,weiblich,Integrierte Gesamtschulen,-
2001/02,mit allgemeiner Hochschulreife,weiblich,Schulen des zweiten Bildungsweges,110
2001/02,mit allgemeiner Hochschulreife,weiblich,außerdem Schulkindergärten entspr.Vorbereitungskl.,-
2002/03,mit allgemeiner Hochschulreife,weiblich,Grundschulen,-
2002/03,mit allgemeiner Hochschulreife,weiblich,Schularten mit mehreren Bildungsgängen,x
2002/03,mit allgemeiner Hochschulreife,weiblich,Gymnasien,7846
2002/03,mit allgemeiner Hochschulreife,weiblich,Förderschulen,x
2002/03,mit allgemeiner Hochschulreife,weiblich,Freie Waldorfschulen,15
2002/03,mit allgemeiner Hochschulreife,weiblich,Gemeinschaftsschulen,-
2002/03,mit allgemeiner Hochschulreife,weiblich,Integrierte Gesamtschulen,-
2002/03,mit allgemeiner Hochschulreife,weiblich,Schulen des zweiten Bildungsweges,141
2002/03,mit allgemeiner Hochschulreife,weiblich,außerdem Schulkindergärten entspr.Vorbereitungskl.,-
2003/04,mit allgemeiner Hochschulreife,weiblich,Grundschulen,-
2003/04,mit allgemeiner Hochschulreife,weiblich,Schularten mit mehreren Bildungsgängen,x
2003/04,mit allgemeiner Hochschulreife,weiblich,Gymnasien,7933
2003/04,mit allgemeiner Hochschulreife,weiblich,Förderschulen,x
2003/04,mit allgemeiner Hochschulreife,weiblich,Freie Waldorfschulen,13
2003/04,mit allgemeiner Hochschulreife,weiblich,Gemeinschaftsschulen,-
2003/04,mit allgemeiner Hochschulreife,weiblich,Integrierte Gesamtschulen,-
2003/04,mit allgemeiner Hochschulreife,weiblich,Schulen des zweiten Bildungsweges,136
2003/04,mit allgemeiner Hochschulreife,weiblich,außerdem Schulkindergärten entspr.Vorbereitungskl.,-
2004/05,mit allgemeiner Hochschulreife,weiblich,Grundschulen,-
2004/05,mit allgemeiner Hochschulreife,weiblich,Schularten mit mehreren Bildungsgängen,x
2004/05,mit allgemeiner Hochschulreife,weiblich,Gymnasien,7864
2004/05,mit allgemeiner Hochschulreife,weiblich,Förderschulen,x
2004/05,mit allgemeiner Hochschulreife,weiblich,Freie Waldorfschulen,23
2004/05,mit allgemeiner Hochschulreife,weiblich,Gemeinschaftsschulen,-
2004/05,mit allgemeiner Hochschulreife,weiblich,Integrierte Gesamtschulen,-
2004/05,mit allgemeiner Hochschulreife,weiblich,Schulen des zweiten Bildungsweges,166
2004/05,mit allgemeiner Hochschulreife,weiblich,außerdem Schulkindergärten entspr.Vorbereitungskl.,-
2005/06,mit allgemeiner Hochschulreife,weiblich,Grundschulen,-
2005/06,mit allgemeiner Hochschulreife,weiblich,Schularten mit mehreren Bildungsgängen,x
2005/06,mit allgemeiner Hochschulreife,weiblich,Gymnasien,7915
2005/06,mit allgemeiner Hochschulreife,weiblich,Förderschulen,x
2005/06,mit allgemeiner Hochschulreife,weiblich,Freie Waldorfschulen,20
2005/06,mit allgemeiner Hochschulreife,weiblich,Gemeinschaftsschulen,-
2005/06,mit allgemeiner Hochschulreife,weiblich,Integrierte Gesamtschulen,-
2005/06,mit allgemeiner Hochschulreife,weiblich,Schulen des zweiten Bildungsweges,188
2005/06,mit allgemeiner Hochschulreife,weiblich,außerdem Schulkindergärten entspr.Vorbereitungskl.,-
2006/07,mit allgemeiner Hochschulreife,weiblich,Grundschulen,-
2006/07,mit allgemeiner Hochschulreife,weiblich,Schularten mit mehreren Bildungsgängen,x
2006/07,mit allgemeiner Hochschulreife,weiblich,Gymnasien,7658
2006/07,mit allgemeiner Hochschulreife,weiblich,Förderschulen,x
2006/07,mit allgemeiner Hochschulreife,weiblich,Freie Waldorfschulen,16
2006/07,mit allgemeiner Hochschulreife,weiblich,Gemeinschaftsschulen,-
2006/07,mit allgemeiner Hochschulreife,weiblich,Integrierte Gesamtschulen,-
2006/07,mit allgemeiner Hochschulreife,weiblich,Schulen des zweiten Bildungsweges,178
2006/07,mit allgemeiner Hochschulreife,weiblich,außerdem Schulkindergärten entspr.Vorbereitungskl.,-
2007/08,mit allgemeiner Hochschulreife,weiblich,Grundschulen,-
2007/08,mit allgemeiner Hochschulreife,weiblich,Schularten mit mehreren Bildungsgängen,x
2007/08,mit allgemeiner Hochschulreife,weiblich,Gymnasien,7671
2007/08,mit allgemeiner Hochschulreife,weiblich,Förderschulen,x
2007/08,mit allgemeiner Hochschulreife,weiblich,Freie Waldorfschulen,20
2007/08,mit allgemeiner Hochschulreife,weiblich,Gemeinschaftsschulen,-
2007/08,mit allgemeiner Hochschulreife,weiblich,Integrierte Gesamtschulen,-
2007/08,mit allgemeiner Hochschulreife,weiblich,Schulen des zweiten Bildungsweges,171
2007/08,mit allgemeiner Hochschulreife,weiblich,außerdem Schulkindergärten entspr.Vorbereitungskl.,-
2008/09,mit allgemeiner Hochschulreife,weiblich,Grundschulen,-
2008/09,mit allgemeiner Hochschulreife,weiblich,Schularten mit mehreren Bildungsgängen,x
2008/09,mit allgemeiner Hochschulreife,weiblich,Gymnasien,6471
2008/09,mit allgemeiner Hochschulreife,weiblich,Förderschulen,x
2008/09,mit allgemeiner Hochschulreife,weiblich,Freie Waldorfschulen,25
2008/09,mit allgemeiner Hochschulreife,weiblich,Gemeinschaftsschulen,-
2008/09,mit allgemeiner Hochschulreife,weiblich,Integrierte Gesamtschulen,-
2008/09,mit allgemeiner Hochschulreife,weiblich,Schulen des zweiten Bildungsweges,183
2008/09,mit allgemeiner Hochschulreife,weiblich,außerdem Schulkindergärten entspr.Vorbereitungskl.,-
2009/10,mit allgemeiner Hochschulreife,weiblich,Grundschulen,-
2009/10,mit allgemeiner Hochschulreife,weiblich,Schularten mit mehreren Bildungsgängen,x
2009/10,mit allgemeiner Hochschulreife,weiblich,Gymnasien,3762
2009/10,mit allgemeiner Hochschulreife,weiblich,Förderschulen,x
2009/10,mit allgemeiner Hochschulreife,weiblich,Freie Waldorfschulen,17
2009/10,mit allgemeiner Hochschulreife,weiblich,Gemeinschaftsschulen,-
2009/10,mit allgemeiner Hochschulreife,weiblich,Integrierte Gesamtschulen,-
2009/10,mit allgemeiner Hochschulreife,weiblich,Schulen des zweiten Bildungsweges,157
2009/10,mit allgemeiner Hochschulreife,weiblich,außerdem Schulkindergärten entspr.Vorbereitungskl.,-
2010/11,mit allgemeiner Hochschulreife,weiblich,Grundschulen,-
2010/11,mit allgemeiner Hochschulreife,weiblich,Schularten mit mehreren Bildungsgängen,x
2010/11,mit allgemeiner Hochschulreife,weiblich,Gymnasien,3461
2010/11,mit allgemeiner Hochschulreife,weiblich,Förderschulen,x
2010/11,mit allgemeiner Hochschulreife,weiblich,Freie Waldorfschulen,25
2010/11,mit allgemeiner Hochschulreife,weiblich,Gemeinschaftsschulen,-
2010/11,mit allgemeiner Hochschulreife,weiblich,Integrierte Gesamtschulen,-
2010/11,mit allgemeiner Hochschulreife,weiblich,Schulen des zweiten Bildungsweges,164
2010/11,mit allgemeiner Hochschulreife,weiblich,außerdem Schulkindergärten entspr.Vorbereitungskl.,-
2011/12,mit allgemeiner Hochschulreife,weiblich,Grundschulen,-
2011/12,mit allgemeiner Hochschulreife,weiblich,Schularten mit mehreren Bildungsgängen,x
2011/12,mit allgemeiner Hochschulreife,weiblich,Gymnasien,3499
2011/12,mit allgemeiner Hochschulreife,weiblich,Förderschulen,x
2011/12,mit allgemeiner Hochschulreife,weiblich,Freie Waldorfschulen,25
2011/12,mit allgemeiner Hochschulreife,weiblich,Gemeinschaftsschulen,-
2011/12,mit allgemeiner Hochschulreife,weiblich,Integrierte Gesamtschulen,-
2011/12,mit allgemeiner Hochschulreife,weiblich,Schulen des zweiten Bildungsweges,146
2011/12,mit allgemeiner Hochschulreife,weiblich,außerdem Schulkindergärten entspr.Vorbereitungskl.,-
2012/13,mit allgemeiner Hochschulreife,weiblich,Grundschulen,-
2012/13,mit allgemeiner Hochschulreife,weiblich,Schularten mit mehreren Bildungsgängen,x
2012/13,mit allgemeiner Hochschulreife,weiblich,Gymnasien,3809
2012/13,mit allgemeiner Hochschulreife,weiblich,Förderschulen,x
2012/13,mit allgemeiner Hochschulreife,weiblich,Freie Waldorfschulen,29
2012/13,mit allgemeiner Hochschulreife,weiblich,Gemeinschaftsschulen,-
2012/13,mit allgemeiner Hochschulreife,weiblich,Integrierte Gesamtschulen,-
2012/13,mit allgemeiner Hochschulreife,weiblich,Schulen des zweiten Bildungsweges,120
2012/13,mit allgemeiner Hochschulreife,weiblich,außerdem Schulkindergärten entspr.Vorbereitungskl.,-
2013/14,mit allgemeiner Hochschulreife,weiblich,Grundschulen,-
2013/14,mit allgemeiner Hochschulreife,weiblich,Schularten mit mehreren Bildungsgängen,x
2013/14,mit allgemeiner Hochschulreife,weiblich,Gymnasien,4290
2013/14,mit allgemeiner Hochschulreife,weiblich,Förderschulen,x
2013/14,mit allgemeiner Hochschulreife,weiblich,Freie Waldorfschulen,37
2013/14,mit allgemeiner Hochschulreife,weiblich,Gemeinschaftsschulen,-
2013/14,mit allgemeiner Hochschulreife,weiblich,Integrierte Gesamtschulen,-
2013/14,mit allgemeiner Hochschulreife,weiblich,Schulen des zweiten Bildungsweges,133
2013/14,mit allgemeiner Hochschulreife,weiblich,außerdem Schulkindergärten entspr.Vorbereitungskl.,-
2014/15,mit allgemeiner Hochschulreife,weiblich,Grundschulen,-
2014/15,mit allgemeiner Hochschulreife,weiblich,Schularten mit mehreren Bildungsgängen,x
2014/15,mit allgemeiner Hochschulreife,weiblich,Gymnasien,4879
2014/15,mit allgemeiner Hochschulreife,weiblich,Förderschulen,x
2014/15,mit allgemeiner Hochschulreife,weiblich,Freie Waldorfschulen,26
2014/15,mit allgemeiner Hochschulreife,weiblich,Gemeinschaftsschulen,-
2014/15,mit allgemeiner Hochschulreife,weiblich,Integrierte Gesamtschulen,-
2014/15,mit allgemeiner Hochschulreife,weiblich,Schulen des zweiten Bildungsweges,108
2014/15,mit allgemeiner Hochschulreife,weiblich,außerdem Schulkindergärten entspr.Vorbereitungskl.,-
2015/16,mit allgemeiner Hochschulreife,weiblich,Grundschulen,-
2015/16,mit allgemeiner Hochschulreife,weiblich,Schularten mit mehreren Bildungsgängen,x
2015/16,mit allgemeiner Hochschulreife,weiblich,Gymnasien,5105
2015/16,mit allgemeiner Hochschulreife,weiblich,Förderschulen,x
2015/16,mit allgemeiner Hochschulreife,weiblich,Freie Waldorfschulen,37
2015/16,mit allgemeiner Hochschulreife,weiblich,Gemeinschaftsschulen,-
2015/16,mit allgemeiner Hochschulreife,weiblich,Integrierte Gesamtschulen,-
2015/16,mit allgemeiner Hochschulreife,weiblich,Schulen des zweiten Bildungsweges,92
2015/16,mit allgemeiner Hochschulreife,weiblich,außerdem Schulkindergärten entspr.Vorbereitungskl.,-
2016/17,mit allgemeiner Hochschulreife,weiblich,Grundschulen,-
2016/17,mit allgemeiner Hochschulreife,weiblich,Schularten mit mehreren Bildungsgängen,x
2016/17,mit allgemeiner Hochschulreife,weiblich,Gymnasien,5466
2016/17,mit allgemeiner Hochschulreife,weiblich,Förderschulen,x
2016/17,mit allgemeiner Hochschulreife,weiblich,Freie Waldorfschulen,38
2016/17,mit allgemeiner Hochschulreife,weiblich,Gemeinschaftsschulen,-
2016/17,mit allgemeiner Hochschulreife,weiblich,Integrierte Gesamtschulen,-
2016/17,mit allgemeiner Hochschulreife,weiblich,Schulen des zweiten Bildungsweges,67
2016/17,mit allgemeiner Hochschulreife,weiblich,außerdem Schulkindergärten entspr.Vorbereitungskl.,-
2017/18,mit allgemeiner Hochschulreife,weiblich,Grundschulen,-
2017/18,mit allgemeiner Hochschulreife,weiblich,Schularten mit mehreren Bildungsgängen,x
2017/18,mit allgemeiner Hochschulreife,weiblich,Gymnasien,5453
2017/18,mit allgemeiner Hochschulreife,weiblich,Förderschulen,x
2017/18,mit allgemeiner Hochschulreife,weiblich,Freie Waldorfschulen,38
2017/18,mit allgemeiner Hochschulreife,weiblich,Gemeinschaftsschulen,-
2017/18,mit allgemeiner Hochschulreife,weiblich,Integrierte Gesamtschulen,-
2017/18,mit allgemeiner Hochschulreife,weiblich,Schulen des zweiten Bildungsweges,81
2017/18,mit allgemeiner Hochschulreife,weiblich,außerdem Schulkindergärten entspr.Vorbereitungskl.,-
2018/19,mit allgemeiner Hochschulreife,weiblich,Grundschulen,-
2018/19,mit allgemeiner Hochschulreife,weiblich,Schularten mit mehreren Bildungsgängen,x
2018/19,mit allgemeiner Hochschulreife,weiblich,Gymnasien,5485
2018/19,mit allgemeiner Hochschulreife,weiblich,Förderschulen,x
2018/19,mit allgemeiner Hochschulreife,weiblich,Freie Waldorfschulen,27
2018/19,mit allgemeiner Hochschulreife,weiblich,Gemeinschaftsschulen,-
2018/19,mit allgemeiner Hochschulreife,weiblich,Integrierte Gesamtschulen,-
2018/19,mit allgemeiner Hochschulreife,weiblich,Schulen des zweiten Bildungsweges,66
2018/19,mit allgemeiner Hochschulreife,weiblich,außerdem Schulkindergärten entspr.Vorbereitungskl.,-
2019/20,mit allgemeiner Hochschulreife,weiblich,Grundschulen,-
2019/20,mit allgemeiner Hochschulreife,weiblich,Schularten mit mehreren Bildungsgängen,x
2019/20,mit allgemeiner Hochschulreife,weiblich,Gymnasien,5460
2019/20,mit allgemeiner Hochschulreife,weiblich,Förderschulen,x
2019/20,mit allgemeiner Hochschulreife,weiblich,Freie Waldorfschulen,25
2019/20,mit allgemeiner Hochschulreife,weiblich,Gemeinschaftsschulen,-
2019/20,mit allgemeiner Hochschulreife,weiblich,Integrierte Gesamtschulen,-
2019/20,mit allgemeiner Hochschulreife,weiblich,Schulen des zweiten Bildungsweges,81
2019/20,mit allgemeiner Hochschulreife,weiblich,außerdem Schulkindergärten entspr.Vorbereitungskl.,-
2020/21,mit allgemeiner Hochschulreife,weiblich,Grundschulen,-
2020/21,mit allgemeiner Hochschulreife,weiblich,Schularten mit mehreren Bildungsgängen,x
2020/21,mit allgemeiner Hochschulreife,weiblich,Gymnasien,5450
2020/21,mit allgemeiner Hochschulreife,weiblich,Förderschulen,x
2020/21,mit allgemeiner Hochschulreife,weiblich,Freie Waldorfschulen,35
2020/21,mit allgemeiner Hochschulreife,weiblich,Gemeinschaftsschulen,-
2020/21,mit allgemeiner Hochschulreife,weiblich,Integrierte Gesamtschulen,-
2020/21,mit allgemeiner Hochschulreife,weiblich,Schulen des zweiten Bildungsweges,88
2020/21,mit allgemeiner Hochschulreife,weiblich,außerdem Schulkindergärten entspr.Vorbereitungskl.,-
2021/22,mit allgemeiner Hochschulreife,weiblich,Grundschulen,-
2021/22,mit allgemeiner Hochschulreife,weiblich,Schularten mit mehreren Bildungsgängen,x
2021/22,mit allgemeiner Hochschulreife,weiblich,Gymnasien,5653
2021/22,mit allgemeiner Hochschulreife,weiblich,Förderschulen,x
2021/22,mit allgemeiner Hochschulreife,weiblich,Freie Waldorfschulen,34
2021/22,mit allgemeiner Hochschulreife,weiblich,Gemeinschaftsschulen,-
2021/22,mit allgemeiner Hochschulreife,weiblich,Integrierte Gesamtschulen,-
2021/22,mit allgemeiner Hochschulreife,weiblich,Schulen des zweiten Bildungsweges,68
2021/22,mit allgemeiner Hochschulreife,weiblich,außerdem Schulkindergärten entspr.Vorbereitungskl.,-
2022/23,mit allgemeiner Hochschulreife,weiblich,Grundschulen,-
2022/23,mit allgemeiner Hochschulreife,weiblich,Schularten mit mehreren Bildungsgängen,x
2022/23,mit allgemeiner Hochschulreife,weiblich,Gymnasien,5148
2022/23,mit allgemeiner Hochschulreife,weiblich,Förderschulen,x
2022/23,mit allgemeiner Hochschulreife,weiblich,Freie Waldorfschulen,41
2022/23,mit allgemeiner Hochschulreife,weiblich,Gemeinschaftsschulen,-
2022/23,mit allgemeiner Hochschulreife,weiblich,Integrierte Gesamtschulen,20
2022/23,mit allgemeiner Hochschulreife,weiblich,Schulen des zweiten Bildungsweges,103
2022/23,mit allgemeiner Hochschulreife,weiblich,außerdem Schulkindergärten entspr.Vorbereitungskl.,-
2023/24,mit allgemeiner Hochschulreife,weiblich,Grundschulen,-
2023/24,mit allgemeiner Hochschulreife,weiblich,Schularten mit mehreren Bildungsgängen,x
2023/24,mit allgemeiner Hochschulreife,weiblich,Gymnasien,5129
2023/24,mit allgemeiner Hochschulreife,weiblich,Förderschulen,x
2023/24,mit allgemeiner Hochschulreife,weiblich,Freie Waldorfschulen,45
2023/24,mit allgemeiner Hochschulreife,weiblich,Gemeinschaftsschulen,-
2023/24,mit allgemeiner Hochschulreife,weiblich,Integrierte Gesamtschulen,23
2023/24,mit allgemeiner Hochschulreife,weiblich,Schulen des zweiten Bildungsweges,53
2023/24,mit allgemeiner Hochschulreife,weiblich,außerdem Schulkindergärten entspr.Vorbereitungskl.,-
2024/25,mit allgemeiner Hochschulreife,weiblich,Grundschulen,-
2024/25,mit allgemeiner Hochschulreife,weiblich,Schularten mit mehreren Bildungsgängen,x
2024/25,mit allgemeiner Hochschulreife,weiblich,Gymnasien,5502
2024/25,mit allgemeiner Hochschulreife,weiblich,Förderschulen,x
2024/25,mit allgemeiner Hochschulreife,weiblich,Freie Waldorfschulen,39
2024/25,mit allgemeiner Hochschulreife,weiblich,Gemeinschaftsschulen,-
2024/25,mit allgemeiner Hochschulreife,weiblich,Integrierte Gesamtschulen,-
2024/25,mit allgemeiner Hochschulreife,weiblich,Schulen des zweiten Bildungsweges,51
2024/25,mit allgemeiner Hochschulreife,weiblich,außerdem Schulkindergärten entspr.Vorbereitungskl.,-
1994/95,mit allgemeiner Hochschulreife,Insgesamt,Grundschulen,-
1994/95,mit allgemeiner Hochschulreife,Insgesamt,Schularten mit mehreren Bildungsgängen,-
1994/95,mit allgemeiner Hochschulreife,Insgesamt,Gymnasien,14901
1994/95,mit allgemeiner Hochschulreife,Insgesamt,Förderschulen,-
1994/95,mit allgemeiner Hochschulreife,Insgesamt,Freie Waldorfschulen,4
1994/95,mit allgemeiner Hochschulreife,Insgesamt,Gemeinschaftsschulen,-
1994/95,mit allgemeiner Hochschulreife,Insgesamt,Integrierte Gesamtschulen,-
1994/95,mit allgemeiner Hochschulreife,Insgesamt,Schulen des zweiten Bildungsweges,469
1994/95,mit allgemeiner Hochschulreife,Insgesamt,außerdem Schulkindergärten entspr.Vorbereitungskl.,-
1995/96,mit allgemeiner Hochschulreife,Insgesamt,Grundschulen,-
1995/96,mit allgemeiner Hochschulreife,Insgesamt,Schularten mit mehreren Bildungsgängen,-
1995/96,mit allgemeiner Hochschulreife,Insgesamt,Gymnasien,16229
1995/96,mit allgemeiner Hochschulreife,Insgesamt,Förderschulen,-
1995/96,mit allgemeiner Hochschulreife,Insgesamt,Freie Waldorfschulen,7
1995/96,mit allgemeiner Hochschulreife,Insgesamt,Gemeinschaftsschulen,-
1995/96,mit allgemeiner Hochschulreife,Insgesamt,Integrierte Gesamtschulen,-
1995/96,mit allgemeiner Hochschulreife,Insgesamt,Schulen des zweiten Bildungsweges,398
1995/96,mit allgemeiner Hochschulreife,Insgesamt,außerdem Schulkindergärten entspr.Vorbereitungskl.,-
1996/97,mit allgemeiner Hochschulreife,Insgesamt,Grundschulen,-
1996/97,mit allgemeiner Hochschulreife,Insgesamt,Schularten mit mehreren Bildungsgängen,-
1996/97,mit allgemeiner Hochschulreife,Insgesamt,Gymnasien,16366
1996/97,mit allgemeiner Hochschulreife,Insgesamt,Förderschulen,-
1996/97,mit allgemeiner Hochschulreife,Insgesamt,Freie Waldorfschulen,7
1996/97,mit allgemeiner Hochschulreife,Insgesamt,Gemeinschaftsschulen,-
1996/97,mit allgemeiner Hochschulreife,Insgesamt,Integrierte Gesamtschulen,-
1996/97,mit allgemeiner Hochschulreife,Insgesamt,Schulen des zweiten Bildungsweges,400
1996/97,mit allgemeiner Hochschulreife,Insgesamt,außerdem Schulkindergärten entspr.Vorbereitungskl.,-
1997/98,mit allgemeiner Hochschulreife,Insgesamt,Grundschulen,-
1997/98,mit allgemeiner Hochschulreife,Insgesamt,Schularten mit mehreren Bildungsgängen,-
1997/98,mit allgemeiner Hochschulreife,Insgesamt,Gymnasien,15309
1997/98,mit allgemeiner Hochschulreife,Insgesamt,Förderschulen,-
1997/98,mit allgemeiner Hochschulreife,Insgesamt,Freie Waldorfschulen,5
1997/98,mit allgemeiner Hochschulreife,Insgesamt,Gemeinschaftsschulen,-
1997/98,mit allgemeiner Hochschulreife,Insgesamt,Integrierte Gesamtschulen,-
1997/98,mit allgemeiner Hochschulreife,Insgesamt,Schulen des zweiten Bildungsweges,275
1997/98,mit allgemeiner Hochschulreife,Insgesamt,außerdem Schulkindergärten entspr.Vorbereitungskl.,-
1998/99,mit allgemeiner Hochschulreife,Insgesamt,Grundschulen,-
1998/99,mit allgemeiner Hochschulreife,Insgesamt,Schularten mit mehreren Bildungsgängen,-
1998/99,mit allgemeiner Hochschulreife,Insgesamt,Gymnasien,15780
1998/99,mit allgemeiner Hochschulreife,Insgesamt,Förderschulen,-
1998/99,mit allgemeiner Hochschulreife,Insgesamt,Freie Waldorfschulen,17
1998/99,mit allgemeiner Hochschulreife,Insgesamt,Gemeinschaftsschulen,-
1998/99,mit allgemeiner Hochschulreife,Insgesamt,Integrierte Gesamtschulen,-
1998/99,mit allgemeiner Hochschulreife,Insgesamt,Schulen des zweiten Bildungsweges,246
1998/99,mit allgemeiner Hochschulreife,Insgesamt,außerdem Schulkindergärten entspr.Vorbereitungskl.,-
1999/00,mit allgemeiner Hochschulreife,Insgesamt,Grundschulen,-
1999/00,mit allgemeiner Hochschulreife,Insgesamt,Schularten mit mehreren Bildungsgängen,-
1999/00,mit allgemeiner Hochschulreife,Insgesamt,Gymnasien,15455
1999/00,mit allgemeiner Hochschulreife,Insgesamt,Förderschulen,-
1999/00,mit allgemeiner Hochschulreife,Insgesamt,Freie Waldorfschulen,25
1999/00,mit allgemeiner Hochschulreife,Insgesamt,Gemeinschaftsschulen,-
1999/00,mit allgemeiner Hochschulreife,Insgesamt,Integrierte Gesamtschulen,-
1999/00,mit allgemeiner Hochschulreife,Insgesamt,Schulen des zweiten Bildungsweges,281
1999/00,mit allgemeiner Hochschulreife,Insgesamt,außerdem Schulkindergärten entspr.Vorbereitungskl.,-
2000/01,mit allgemeiner Hochschulreife,Insgesamt,Grundschulen,-
2000/01,mit allgemeiner Hochschulreife,Insgesamt,Schularten mit mehreren Bildungsgängen,-
2000/01,mit allgemeiner Hochschulreife,Insgesamt,Gymnasien,15363
2000/01,mit allgemeiner Hochschulreife,Insgesamt,Förderschulen,-
2000/01,mit allgemeiner Hochschulreife,Insgesamt,Freie Waldorfschulen,18
2000/01,mit allgemeiner Hochschulreife,Insgesamt,Gemeinschaftsschulen,-
2000/01,mit allgemeiner Hochschulreife,Insgesamt,Integrierte Gesamtschulen,-
2000/01,mit allgemeiner Hochschulreife,Insgesamt,Schulen des zweiten Bildungsweges,246
2000/01,mit allgemeiner Hochschulreife,Insgesamt,außerdem Schulkindergärten entspr.Vorbereitungskl.,-
2001/02,mit allgemeiner Hochschulreife,Insgesamt,Grundschulen,-
2001/02,mit allgemeiner Hochschulreife,Insgesamt,Schularten mit mehreren Bildungsgängen,-
2001/02,mit allgemeiner Hochschulreife,Insgesamt,Gymnasien,14005
2001/02,mit allgemeiner Hochschulreife,Insgesamt,Förderschulen,-
2001/02,mit allgemeiner Hochschulreife,Insgesamt,Freie Waldorfschulen,20
2001/02,mit allgemeiner Hochschulreife,Insgesamt,Gemeinschaftsschulen,-
2001/02,mit allgemeiner Hochschulreife,Insgesamt,Integrierte Gesamtschulen,-
2001/02,mit allgemeiner Hochschulreife,Insgesamt,Schulen des zweiten Bildungsweges,236
2001/02,mit allgemeiner Hochschulreife,Insgesamt,außerdem Schulkindergärten entspr.Vorbereitungskl.,-
2002/03,mit allgemeiner Hochschulreife,Insgesamt,Grundschulen,-
2002/03,mit allgemeiner Hochschulreife,Insgesamt,Schularten mit mehreren Bildungsgängen,-
2002/03,mit allgemeiner Hochschulreife,Insgesamt,Gymnasien,13289
2002/03,mit allgemeiner Hochschulreife,Insgesamt,Förderschulen,-
2002/03,mit allgemeiner Hochschulreife,Insgesamt,Freie Waldorfschulen,27
2002/03,mit allgemeiner Hochschulreife,Insgesamt,Gemeinschaftsschulen,-
2002/03,mit allgemeiner Hochschulreife,Insgesamt,Integrierte Gesamtschulen,-
2002/03,mit allgemeiner Hochschulreife,Insgesamt,Schulen des zweiten Bildungsweges,300
2002/03,mit allgemeiner Hochschulreife,Insgesamt,außerdem Schulkindergärten entspr.Vorbereitungskl.,-
2003/04,mit allgemeiner Hochschulreife,Insgesamt,Grundschulen,-
2003/04,mit allgemeiner Hochschulreife,Insgesamt,Schularten mit mehreren Bildungsgängen,-
2003/04,mit allgemeiner Hochschulreife,Insgesamt,Gymnasien,13613
2003/04,mit allgemeiner Hochschulreife,Insgesamt,Förderschulen,-
2003/04,mit allgemeiner Hochschulreife,Insgesamt,Freie Waldorfschulen,28
2003/04,mit allgemeiner Hochschulreife,Insgesamt,Gemeinschaftsschulen,-
2003/04,mit allgemeiner Hochschulreife,Insgesamt,Integrierte Gesamtschulen,-
2003/04,mit allgemeiner Hochschulreife,Insgesamt,Schulen des zweiten Bildungsweges,288
2003/04,mit allgemeiner Hochschulreife,Insgesamt,außerdem Schulkindergärten entspr.Vorbereitungskl.,-
2004/05,mit allgemeiner Hochschulreife,Insgesamt,Grundschulen,-
2004/05,mit allgemeiner Hochschulreife,Insgesamt,Schularten mit mehreren Bildungsgängen,-
2004/05,mit allgemeiner Hochschulreife,Insgesamt,Gymnasien,13527
2004/05,mit allgemeiner Hochschulreife,Insgesamt,Förderschulen,-
2004/05,mit allgemeiner Hochschulreife,Insgesamt,Freie Waldorfschulen,34
2004/05,mit allgemeiner Hochschulreife,Insgesamt,Gemeinschaftsschulen,-
2004/05,mit allgemeiner Hochschulreife,Insgesamt,Integrierte Gesamtschulen,-
2004/05,mit allgemeiner Hochschulreife,Insgesamt,Schulen des zweiten Bildungsweges,352
2004/05,mit allgemeiner Hochschulreife,Insgesamt,außerdem Schulkindergärten entspr.Vorbereitungskl.,-
2005/06,mit allgemeiner Hochschulreife,Insgesamt,Grundschulen,-
2005/06,mit allgemeiner Hochschulreife,Insgesamt,Schularten mit mehreren Bildungsgängen,-
2005/06,mit allgemeiner Hochschulreife,Insgesamt,Gymnasien,13757
2005/06,mit allgemeiner Hochschulreife,Insgesamt,Förderschulen,-
2005/06,mit allgemeiner Hochschulreife,Insgesamt,Freie Waldorfschulen,36
2005/06,mit allgemeiner Hochschulreife,Insgesamt,Gemeinschaftsschulen,-
2005/06,mit allgemeiner Hochschulreife,Insgesamt,Integrierte Gesamtschulen,-
2005/06,mit allgemeiner Hochschulreife,Insgesamt,Schulen des zweiten Bildungsweges,346
2005/06,mit allgemeiner Hochschulreife,Insgesamt,außerdem Schulkindergärten entspr.Vorbereitungskl.,-
2006/07,mit allgemeiner Hochschulreife,Insgesamt,Grundschulen,-
2006/07,mit allgemeiner Hochschulreife,Insgesamt,Schularten mit mehreren Bildungsgängen,-
2006/07,mit allgemeiner Hochschulreife,Insgesamt,Gymnasien,13464
2006/07,mit allgemeiner Hochschulreife,Insgesamt,Förderschulen,-
2006/07,mit allgemeiner Hochschulreife,Insgesamt,Freie Waldorfschulen,33
2006/07,mit allgemeiner Hochschulreife,Insgesamt,Gemeinschaftsschulen,-
2006/07,mit allgemeiner Hochschulreife,Insgesamt,Integrierte Gesamtschulen,-
2006/07,mit allgemeiner Hochschulreife,Insgesamt,Schulen des zweiten Bildungsweges,349
2006/07,mit allgemeiner Hochschulreife,Insgesamt,außerdem Schulkindergärten entspr.Vorbereitungskl.,-
2007/08,mit allgemeiner Hochschulreife,Insgesamt,Grundschulen,-
2007/08,mit allgemeiner Hochschulreife,Insgesamt,Schularten mit mehreren Bildungsgängen,-
2007/08,mit allgemeiner Hochschulreife,Insgesamt,Gymnasien,13539
2007/08,mit allgemeiner Hochschulreife,Insgesamt,Förderschulen,-
2007/08,mit allgemeiner Hochschulreife,Insgesamt,Freie Waldorfschulen,43
2007/08,mit allgemeiner Hochschulreife,Insgesamt,Gemeinschaftsschulen,-
2007/08,mit allgemeiner Hochschulreife,Insgesamt,Integrierte Gesamtschulen,-
2007/08,mit allgemeiner Hochschulreife,Insgesamt,Schulen des zweiten Bildungsweges,342
2007/08,mit allgemeiner Hochschulreife,Insgesamt,außerdem Schulkindergärten entspr.Vorbereitungskl.,-
2008/09,mit allgemeiner Hochschulreife,Insgesamt,Grundschulen,-
2008/09,mit allgemeiner Hochschulreife,Insgesamt,Schularten mit mehreren Bildungsgängen,-
2008/09,mit allgemeiner Hochschulreife,Insgesamt,Gymnasien,11708
2008/09,mit allgemeiner Hochschulreife,Insgesamt,Förderschulen,-
2008/09,mit allgemeiner Hochschulreife,Insgesamt,Freie Waldorfschulen,40
2008/09,mit allgemeiner Hochschulreife,Insgesamt,Gemeinschaftsschulen,-
2008/09,mit allgemeiner Hochschulreife,Insgesamt,Integrierte Gesamtschulen,-
2008/09,mit allgemeiner Hochschulreife,Insgesamt,Schulen des zweiten Bildungsweges,370
2008/09,mit allgemeiner Hochschulreife,Insgesamt,außerdem Schulkindergärten entspr.Vorbereitungskl.,-
2009/10,mit allgemeiner Hochschulreife,Insgesamt,Grundschulen,-
2009/10,mit allgemeiner Hochschulreife,Insgesamt,Schularten mit mehreren Bildungsgängen,-
2009/10,mit allgemeiner Hochschulreife,Insgesamt,Gymnasien,6889
2009/10,mit allgemeiner Hochschulreife,Insgesamt,Förderschulen,-
2009/10,mit allgemeiner Hochschulreife,Insgesamt,Freie Waldorfschulen,27
2009/10,mit allgemeiner Hochschulreife,Insgesamt,Gemeinschaftsschulen,-
2009/10,mit allgemeiner Hochschulreife,Insgesamt,Integrierte Gesamtschulen,-
2009/10,mit allgemeiner Hochschulreife,Insgesamt,Schulen des zweiten Bildungsweges,306
2009/10,mit allgemeiner Hochschulreife,Insgesamt,außerdem Schulkindergärten entspr.Vorbereitungskl.,-
2010/11,mit allgemeiner Hochschulreife,Insgesamt,Grundschulen,-
2010/11,mit allgemeiner Hochschulreife,Insgesamt,Schularten mit mehreren Bildungsgängen,-
2010/11,mit allgemeiner Hochschulreife,Insgesamt,Gymnasien,6320
2010/11,mit allgemeiner Hochschulreife,Insgesamt,Förderschulen,-
2010/11,mit allgemeiner Hochschulreife,Insgesamt,Freie Waldorfschulen,50
2010/11,mit allgemeiner Hochschulreife,Insgesamt,Gemeinschaftsschulen,-
2010/11,mit allgemeiner Hochschulreife,Insgesamt,Integrierte Gesamtschulen,-
2010/11,mit allgemeiner Hochschulreife,Insgesamt,Schulen des zweiten Bildungsweges,299
2010/11,mit allgemeiner Hochschulreife,Insgesamt,außerdem Schulkindergärten entspr.Vorbereitungskl.,-
2011/12,mit allgemeiner Hochschulreife,Insgesamt,Grundschulen,-
2011/12,mit allgemeiner Hochschulreife,Insgesamt,Schularten mit mehreren Bildungsgängen,-
2011/12,mit allgemeiner Hochschulreife,Insgesamt,Gymnasien,6418
2011/12,mit allgemeiner Hochschulreife,Insgesamt,Förderschulen,-
2011/12,mit allgemeiner Hochschulreife,Insgesamt,Freie Waldorfschulen,41
2011/12,mit allgemeiner Hochschulreife,Insgesamt,Gemeinschaftsschulen,-
2011/12,mit allgemeiner Hochschulreife,Insgesamt,Integrierte Gesamtschulen,-
2011/12,mit allgemeiner Hochschulreife,Insgesamt,Schulen des zweiten Bildungsweges,312
2011/12,mit allgemeiner Hochschulreife,Insgesamt,außerdem Schulkindergärten entspr.Vorbereitungskl.,-
2012/13,mit allgemeiner Hochschulreife,Insgesamt,Grundschulen,-
2012/13,mit allgemeiner Hochschulreife,Insgesamt,Schularten mit mehreren Bildungsgängen,-
2012/13,mit allgemeiner Hochschulreife,Insgesamt,Gymnasien,7026
2012/13,mit allgemeiner Hochschulreife,Insgesamt,Förderschulen,-
2012/13,mit allgemeiner Hochschulreife,Insgesamt,Freie Waldorfschulen,53
2012/13,mit allgemeiner Hochschulreife,Insgesamt,Gemeinschaftsschulen,-
2012/13,mit allgemeiner Hochschulreife,Insgesamt,Integrierte Gesamtschulen,-
2012/13,mit allgemeiner Hochschulreife,Insgesamt,Schulen des zweiten Bildungsweges,268
2012/13,mit allgemeiner Hochschulreife,Insgesamt,außerdem Schulkindergärten entspr.Vorbereitungskl.,-
2013/14,mit allgemeiner Hochschulreife,Insgesamt,Grundschulen,-
2013/14,mit allgemeiner Hochschulreife,Insgesamt,Schularten mit mehreren Bildungsgängen,-
2013/14,mit allgemeiner Hochschulreife,Insgesamt,Gymnasien,7855
2013/14,mit allgemeiner Hochschulreife,Insgesamt,Förderschulen,-
2013/14,mit allgemeiner Hochschulreife,Insgesamt,Freie Waldorfschulen,54
2013/14,mit allgemeiner Hochschulreife,Insgesamt,Gemeinschaftsschulen,-
2013/14,mit allgemeiner Hochschulreife,Insgesamt,Integrierte Gesamtschulen,-
2013/14,mit allgemeiner Hochschulreife,Insgesamt,Schulen des zweiten Bildungsweges,284
2013/14,mit allgemeiner Hochschulreife,Insgesamt,außerdem Schulkindergärten entspr.Vorbereitungskl.,-
2014/15,mit allgemeiner Hochschulreife,Insgesamt,Grundschulen,-
2014/15,mit allgemeiner Hochschulreife,Insgesamt,Schularten mit mehreren Bildungsgängen,-
2014/15,mit allgemeiner Hochschulreife,Insgesamt,Gymnasien,9007
2014/15,mit allgemeiner Hochschulreife,Insgesamt,Förderschulen,-
2014/15,mit allgemeiner Hochschulreife,Insgesamt,Freie Waldorfschulen,56
2014/15,mit allgemeiner Hochschulreife,Insgesamt,Gemeinschaftsschulen,-
2014/15,mit allgemeiner Hochschulreife,Insgesamt,Integrierte Gesamtschulen,-
2014/15,mit allgemeiner Hochschulreife,Insgesamt,Schulen des zweiten Bildungsweges,244
2014/15,mit allgemeiner Hochschulreife,Insgesamt,außerdem Schulkindergärten entspr.Vorbereitungskl.,-
2015/16,mit allgemeiner Hochschulreife,Insgesamt,Grundschulen,-
2015/16,mit allgemeiner Hochschulreife,Insgesamt,Schularten mit mehreren Bildungsgängen,-
2015/16,mit allgemeiner Hochschulreife,Insgesamt,Gymnasien,9335
2015/16,mit allgemeiner Hochschulreife,Insgesamt,Förderschulen,-
2015/16,mit allgemeiner Hochschulreife,Insgesamt,Freie Waldorfschulen,59
2015/16,mit allgemeiner Hochschulreife,Insgesamt,Gemeinschaftsschulen,-
2015/16,mit allgemeiner Hochschulreife,Insgesamt,Integrierte Gesamtschulen,-
2015/16,mit allgemeiner Hochschulreife,Insgesamt,Schulen des zweiten Bildungsweges,208
2015/16,mit allgemeiner Hochschulreife,Insgesamt,außerdem Schulkindergärten entspr.Vorbereitungskl.,-
2016/17,mit allgemeiner Hochschulreife,Insgesamt,Grundschulen,-
2016/17,mit allgemeiner Hochschulreife,Insgesamt,Schularten mit mehreren Bildungsgängen,-
2016/17,mit allgemeiner Hochschulreife,Insgesamt,Gymnasien,10078
2016/17,mit allgemeiner Hochschulreife,Insgesamt,Förderschulen,-
2016/17,mit allgemeiner Hochschulreife,Insgesamt,Freie Waldorfschulen,56
2016/17,mit allgemeiner Hochschulreife,Insgesamt,Gemeinschaftsschulen,-
2016/17,mit allgemeiner Hochschulreife,Insgesamt,Integrierte Gesamtschulen,-
2016/17,mit allgemeiner Hochschulreife,Insgesamt,Schulen des zweiten Bildungsweges,182
2016/17,mit allgemeiner Hochschulreife,Insgesamt,außerdem Schulkindergärten entspr.Vorbereitungskl.,-
2017/18,mit allgemeiner Hochschulreife,Insgesamt,Grundschulen,-
2017/18,mit allgemeiner Hochschulreife,Insgesamt,Schularten mit mehreren Bildungsgängen,-
2017/18,mit allgemeiner Hochschulreife,Insgesamt,Gymnasien,9865
2017/18,mit allgemeiner Hochschulreife,Insgesamt,Förderschulen,-
2017/18,mit allgemeiner Hochschulreife,Insgesamt,Freie Waldorfschulen,64
2017/18,mit allgemeiner Hochschulreife,Insgesamt,Gemeinschaftsschulen,-
2017/18,mit allgemeiner Hochschulreife,Insgesamt,Integrierte Gesamtschulen,-
2017/18,mit allgemeiner Hochschulreife,Insgesamt,Schulen des zweiten Bildungsweges,174
2017/18,mit allgemeiner Hochschulreife,Insgesamt,außerdem Schulkindergärten entspr.Vorbereitungskl.,-
2018/19,mit allgemeiner Hochschulreife,Insgesamt,Grundschulen,-
2018/19,mit allgemeiner Hochschulreife,Insgesamt,Schularten mit mehreren Bildungsgängen,-
2018/19,mit allgemeiner Hochschulreife,Insgesamt,Gymnasien,10207
2018/19,mit allgemeiner Hochschulreife,Insgesamt,Förderschulen,-
2018/19,mit allgemeiner Hochschulreife,Insgesamt,Freie Waldorfschulen,46
2018/19,mit allgemeiner Hochschulreife,Insgesamt,Gemeinschaftsschulen,-
2018/19,mit allgemeiner Hochschulreife,Insgesamt,Integrierte Gesamtschulen,-
2018/19,mit allgemeiner Hochschulreife,Insgesamt,Schulen des zweiten Bildungsweges,141
2018/19,mit allgemeiner Hochschulreife,Insgesamt,außerdem Schulkindergärten entspr.Vorbereitungskl.,-
2019/20,mit allgemeiner Hochschulreife,Insgesamt,Grundschulen,-
2019/20,mit allgemeiner Hochschulreife,Insgesamt,Schularten mit mehreren Bildungsgängen,-
2019/20,mit allgemeiner Hochschulreife,Insgesamt,Gymnasien,9937
2019/20,mit allgemeiner Hochschulreife,Insgesamt,Förderschulen,-
2019/20,mit allgemeiner Hochschulreife,Insgesamt,Freie Waldorfschulen,52
2019/20,mit allgemeiner Hochschulreife,Insgesamt,Gemeinschaftsschulen,-
2019/20,mit allgemeiner Hochschulreife,Insgesamt,Integrierte Gesamtschulen,-
2019/20,mit allgemeiner Hochschulreife,Insgesamt,Schulen des zweiten Bildungsweges,160
2019/20,mit allgemeiner Hochschulreife,Insgesamt,außerdem Schulkindergärten entspr.Vorbereitungskl.,-
2020/21,mit allgemeiner Hochschulreife,Insgesamt,Grundschulen,-
2020/21,mit allgemeiner Hochschulreife,Insgesamt,Schularten mit mehreren Bildungsgängen,-
2020/21,mit allgemeiner Hochschulreife,Insgesamt,Gymnasien,9904
2020/21,mit allgemeiner Hochschulreife,Insgesamt,Förderschulen,-
2020/21,mit allgemeiner Hochschulreife,Insgesamt,Freie Waldorfschulen,66
2020/21,mit allgemeiner Hochschulreife,Insgesamt,Gemeinschaftsschulen,-
2020/21,mit allgemeiner Hochschulreife,Insgesamt,Integrierte Gesamtschulen,-
2020/21,mit allgemeiner Hochschulreife,Insgesamt,Schulen des zweiten Bildungsweges,195
2020/21,mit allgemeiner Hochschulreife,Insgesamt,außerdem Schulkindergärten entspr.Vorbereitungskl.,-
2021/22,mit allgemeiner Hochschulreife,Insgesamt,Grundschulen,-
2021/22,mit allgemeiner Hochschulreife,Insgesamt,Schularten mit mehreren Bildungsgängen,-
2021/22,mit allgemeiner Hochschulreife,Insgesamt,Gymnasien,10280
2021/22,mit allgemeiner Hochschulreife,Insgesamt,Förderschulen,-
2021/22,mit allgemeiner Hochschulreife,Insgesamt,Freie Waldorfschulen,51
2021/22,mit allgemeiner Hochschulreife,Insgesamt,Gemeinschaftsschulen,-
2021/22,mit allgemeiner Hochschulreife,Insgesamt,Integrierte Gesamtschulen,-
2021/22,mit allgemeiner Hochschulreife,Insgesamt,Schulen des zweiten Bildungsweges,157
2021/22,mit allgemeiner Hochschulreife,Insgesamt,außerdem Schulkindergärten entspr.Vorbereitungskl.,-
2022/23,mit allgemeiner Hochschulreife,Insgesamt,Grundschulen,-
2022/23,mit allgemeiner Hochschulreife,Insgesamt,Schularten mit mehreren Bildungsgängen,-
2022/23,mit allgemeiner Hochschulreife,Insgesamt,Gymnasien,9487
2022/23,mit allgemeiner Hochschulreife,Insgesamt,Förderschulen,-
2022/23,mit allgemeiner Hochschulreife,Insgesamt,Freie Waldorfschulen,72
2022/23,mit allgemeiner Hochschulreife,Insgesamt,Gemeinschaftsschulen,-
2022/23,mit allgemeiner Hochschulreife,Insgesamt,Integrierte Gesamtschulen,29
2022/23,mit allgemeiner Hochschulreife,Insgesamt,Schulen des zweiten Bildungsweges,185
2022/23,mit allgemeiner Hochschulreife,Insgesamt,außerdem Schulkindergärten entspr.Vorbereitungskl.,-
2023/24,mit allgemeiner Hochschulreife,Insgesamt,Grundschulen,-
2023/24,mit allgemeiner Hochschulreife,Insgesamt,Schularten mit mehreren Bildungsgängen,-
2023/24,mit allgemeiner Hochschulreife,Insgesamt,Gymnasien,9481
2023/24,mit allgemeiner Hochschulreife,Insgesamt,Förderschulen,-
2023/24,mit allgemeiner Hochschulreife,Insgesamt,Freie Waldorfschulen,68
2023/24,mit allgemeiner Hochschulreife,Insgesamt,Gemeinschaftsschulen,-
2023/24,mit allgemeiner Hochschulreife,Insgesamt,Integrierte Gesamtschulen,40
2023/24,mit allgemeiner Hochschulreife,Insgesamt,Schulen des zweiten Bildungsweges,142
2023/24,mit allgemeiner Hochschulreife,Insgesamt,außerdem Schulkindergärten entspr.Vorbereitungskl.,-
2024/25,mit allgemeiner Hochschulreife,Insgesamt,Grundschulen,-
2024/25,mit allgemeiner Hochschulreife,Insgesamt,Schularten mit mehreren Bildungsgängen,-
2024/25,mit allgemeiner Hochschulreife,Insgesamt,Gymnasien,10063
2024/25,mit allgemeiner Hochschulreife,Insgesamt,Förderschulen,-
2024/25,mit allgemeiner Hochschulreife,Insgesamt,Freie Waldorfschulen,68
2024/25,mit allgemeiner Hochschulreife,Insgesamt,Gemeinschaftsschulen,-
2024/25,mit allgemeiner Hochschulreife,Insgesamt,Integrierte Gesamtschulen,-
2024/25,mit allgemeiner Hochschulreife,Insgesamt,Schulen des zweiten Bildungsweges,121
2024/25,mit allgemeiner Hochschulreife,Insgesamt,außerdem Schulkindergärten entspr.Vorbereitungskl.,-
1994/95,Insgesamt,männlich,Grundschulen,-
1994/95,Insgesamt,männlich,Schularten mit mehreren Bildungsgängen,22156
1994/95,Insgesamt,männlich,Gymnasien,6269
1994/95,Insgesamt,männlich,Förderschulen,1803
1994/95,Insgesamt,männlich,Freie Waldorfschulen,3
1994/95,Insgesamt,männlich,Gemeinschaftsschulen,-
1994/95,Insgesamt,männlich,Integrierte Gesamtschulen,-
1994/95,Insgesamt,männlich,Schulen des zweiten Bildungsweges,259
1994/95,Insgesamt,männlich,außerdem Schulkindergärten entspr.Vorbereitungskl.,-
1995/96,Insgesamt,männlich,Grundschulen,-
1995/96,Insgesamt,männlich,Schularten mit mehreren Bildungsgängen,22348
1995/96,Insgesamt,männlich,Gymnasien,6713
1995/96,Insgesamt,männlich,Förderschulen,1961
1995/96,Insgesamt,männlich,Freie Waldorfschulen,13
1995/96,Insgesamt,männlich,Gemeinschaftsschulen,-
1995/96,Insgesamt,männlich,Integrierte Gesamtschulen,-
1995/96,Insgesamt,männlich,Schulen des zweiten Bildungsweges,219
1995/96,Insgesamt,männlich,außerdem Schulkindergärten entspr.Vorbereitungskl.,-
1996/97,Insgesamt,männlich,Grundschulen,-
1996/97,Insgesamt,männlich,Schularten mit mehreren Bildungsgängen,22040
1996/97,Insgesamt,männlich,Gymnasien,6781
1996/97,Insgesamt,männlich,Förderschulen,2087
1996/97,Insgesamt,männlich,Freie Waldorfschulen,9
1996/97,Insgesamt,männlich,Gemeinschaftsschulen,-
1996/97,Insgesamt,männlich,Integrierte Gesamtschulen,-
1996/97,Insgesamt,männlich,Schulen des zweiten Bildungsweges,256
1996/97,Insgesamt,männlich,außerdem Schulkindergärten entspr.Vorbereitungskl.,-
1997/98,Insgesamt,männlich,Grundschulen,-
1997/98,Insgesamt,männlich,Schularten mit mehreren Bildungsgängen,20635
1997/98,Insgesamt,männlich,Gymnasien,6522
1997/98,Insgesamt,männlich,Förderschulen,2224
1997/98,Insgesamt,männlich,Freie Waldorfschulen,29
1997/98,Insgesamt,männlich,Gemeinschaftsschulen,-
1997/98,Insgesamt,männlich,Integrierte Gesamtschulen,-
1997/98,Insgesamt,männlich,Schulen des zweiten Bildungsweges,186
1997/98,Insgesamt,männlich,außerdem Schulkindergärten entspr.Vorbereitungskl.,-
1998/99,Insgesamt,männlich,Grundschulen,-
1998/99,Insgesamt,männlich,Schularten mit mehreren Bildungsgängen,20431
1998/99,Insgesamt,männlich,Gymnasien,7023
1998/99,Insgesamt,männlich,Förderschulen,2286
1998/99,Insgesamt,männlich,Freie Waldorfschulen,35
1998/99,Insgesamt,männlich,Gemeinschaftsschulen,-
1998/99,Insgesamt,männlich,Integrierte Gesamtschulen,-
1998/99,Insgesamt,männlich,Schulen des zweiten Bildungsweges,200
1998/99,Insgesamt,männlich,außerdem Schulkindergärten entspr.Vorbereitungskl.,-
1999/00,Insgesamt,männlich,Grundschulen,-
1999/00,Insgesamt,männlich,Schularten mit mehreren Bildungsgängen,20981
1999/00,Insgesamt,männlich,Gymnasien,7198
1999/00,Insgesamt,männlich,Förderschulen,2512
1999/00,Insgesamt,männlich,Freie Waldorfschulen,41
1999/00,Insgesamt,männlich,Gemeinschaftsschulen,-
1999/00,Insgesamt,männlich,Integrierte Gesamtschulen,-
1999/00,Insgesamt,männlich,Schulen des zweiten Bildungsweges,207
1999/00,Insgesamt,männlich,außerdem Schulkindergärten entspr.Vorbereitungskl.,-
2000/01,Insgesamt,männlich,Grundschulen,-
2000/01,Insgesamt,männlich,Schularten mit mehreren Bildungsgängen,21094
2000/01,Insgesamt,männlich,Gymnasien,7140
2000/01,Insgesamt,männlich,Förderschulen,2341
2000/01,Insgesamt,männlich,Freie Waldorfschulen,27
2000/01,Insgesamt,männlich,Gemeinschaftsschulen,-
2000/01,Insgesamt,männlich,Integrierte Gesamtschulen,-
2000/01,Insgesamt,männlich,Schulen des zweiten Bildungsweges,205
2000/01,Insgesamt,männlich,außerdem Schulkindergärten entspr.Vorbereitungskl.,-
2001/02,Insgesamt,männlich,Grundschulen,-
2001/02,Insgesamt,männlich,Schularten mit mehreren Bildungsgängen,20947
2001/02,Insgesamt,männlich,Gymnasien,6517
2001/02,Insgesamt,männlich,Förderschulen,2257
2001/02,Insgesamt,männlich,Freie Waldorfschulen,27
2001/02,Insgesamt,männlich,Gemeinschaftsschulen,-
2001/02,Insgesamt,männlich,Integrierte Gesamtschulen,-
2001/02,Insgesamt,männlich,Schulen des zweiten Bildungsweges,246
2001/02,Insgesamt,männlich,außerdem Schulkindergärten entspr.Vorbereitungskl.,-
2002/03,Insgesamt,männlich,Grundschulen,-
2002/03,Insgesamt,männlich,Schularten mit mehreren Bildungsgängen,20063
2002/03,Insgesamt,männlich,Gymnasien,6104
2002/03,Insgesamt,männlich,Förderschulen,2177
2002/03,Insgesamt,männlich,Freie Waldorfschulen,26
2002/03,Insgesamt,männlich,Gemeinschaftsschulen,-
2002/03,Insgesamt,männlich,Integrierte Gesamtschulen,-
2002/03,Insgesamt,männlich,Schulen des zweiten Bildungsweges,270
2002/03,Insgesamt,männlich,außerdem Schulkindergärten entspr.Vorbereitungskl.,-
2003/04,Insgesamt,männlich,Grundschulen,-
2003/04,Insgesamt,männlich,Schularten mit mehreren Bildungsgängen,19248
2003/04,Insgesamt,männlich,Gymnasien,6299
2003/04,Insgesamt,männlich,Förderschulen,2190
2003/04,Insgesamt,männlich,Freie Waldorfschulen,41
2003/04,Insgesamt,männlich,Gemeinschaftsschulen,-
2003/04,Insgesamt,männlich,Integrierte Gesamtschulen,-
2003/04,Insgesamt,männlich,Schulen des zweiten Bildungsweges,271
2003/04,Insgesamt,männlich,außerdem Schulkindergärten entspr.Vorbereitungskl.,-
2004/05,Insgesamt,männlich,Grundschulen,-
2004/05,Insgesamt,männlich,Schularten mit mehreren Bildungsgängen,18402
2004/05,Insgesamt,männlich,Gymnasien,6240
2004/05,Insgesamt,männlich,Förderschulen,2220
2004/05,Insgesamt,männlich,Freie Waldorfschulen,31
2004/05,Insgesamt,männlich,Gemeinschaftsschulen,-
2004/05,Insgesamt,männlich,Integrierte Gesamtschulen,-
2004/05,Insgesamt,männlich,Schulen des zweiten Bildungsweges,323
2004/05,Insgesamt,männlich,außerdem Schulkindergärten entspr.Vorbereitungskl.,-
2005/06,Insgesamt,männlich,Grundschulen,-
2005/06,Insgesamt,männlich,Schularten mit mehreren Bildungsgängen,16690
2005/06,Insgesamt,männlich,Gymnasien,6407
2005/06,Insgesamt,männlich,Förderschulen,1977
2005/06,Insgesamt,männlich,Freie Waldorfschulen,43
2005/06,Insgesamt,männlich,Gemeinschaftsschulen,-
2005/06,Insgesamt,männlich,Integrierte Gesamtschulen,-
2005/06,Insgesamt,männlich,Schulen des zweiten Bildungsweges,344
2005/06,Insgesamt,männlich,außerdem Schulkindergärten entspr.Vorbereitungskl.,-
2006/07,Insgesamt,männlich,Grundschulen,-
2006/07,Insgesamt,männlich,Schularten mit mehreren Bildungsgängen,13660
2006/07,Insgesamt,männlich,Gymnasien,6441
2006/07,Insgesamt,männlich,Förderschulen,1845
2006/07,Insgesamt,männlich,Freie Waldorfschulen,34
2006/07,Insgesamt,männlich,Gemeinschaftsschulen,-
2006/07,Insgesamt,männlich,Integrierte Gesamtschulen,-
2006/07,Insgesamt,männlich,Schulen des zweiten Bildungsweges,364
2006/07,Insgesamt,männlich,außerdem Schulkindergärten entspr.Vorbereitungskl.,-
2007/08,Insgesamt,männlich,Grundschulen,-
2007/08,Insgesamt,männlich,Schularten mit mehreren Bildungsgängen,9740
2007/08,Insgesamt,männlich,Gymnasien,6610
2007/08,Insgesamt,männlich,Förderschulen,1539
2007/08,Insgesamt,männlich,Freie Waldorfschulen,39
2007/08,Insgesamt,männlich,Gemeinschaftsschulen,-
2007/08,Insgesamt,männlich,Integrierte Gesamtschulen,-
2007/08,Insgesamt,männlich,Schulen des zweiten Bildungsweges,351
2007/08,Insgesamt,männlich,außerdem Schulkindergärten entspr.Vorbereitungskl.,-
2008/09,Insgesamt,männlich,Grundschulen,-
2008/09,Insgesamt,männlich,Schularten mit mehreren Bildungsgängen,7945
2008/09,Insgesamt,männlich,Gymnasien,5848
2008/09,Insgesamt,männlich,Förderschulen,1326
2008/09,Insgesamt,männlich,Freie Waldorfschulen,32
2008/09,Insgesamt,männlich,Gemeinschaftsschulen,-
2008/09,Insgesamt,männlich,Integrierte Gesamtschulen,-
2008/09,Insgesamt,männlich,Schulen des zweiten Bildungsweges,374
2008/09,Insgesamt,männlich,außerdem Schulkindergärten entspr.Vorbereitungskl.,-
2009/10,Insgesamt,männlich,Grundschulen,-
2009/10,Insgesamt,männlich,Schularten mit mehreren Bildungsgängen,7272
2009/10,Insgesamt,männlich,Gymnasien,3460
2009/10,Insgesamt,männlich,Förderschulen,1143
2009/10,Insgesamt,männlich,Freie Waldorfschulen,28
2009/10,Insgesamt,männlich,Gemeinschaftsschulen,-
2009/10,Insgesamt,männlich,Integrierte Gesamtschulen,-
2009/10,Insgesamt,männlich,Schulen des zweiten Bildungsweges,333
2009/10,Insgesamt,männlich,außerdem Schulkindergärten entspr.Vorbereitungskl.,-
2010/11,Insgesamt,männlich,Grundschulen,-
2010/11,Insgesamt,männlich,Schularten mit mehreren Bildungsgängen,6854
2010/11,Insgesamt,männlich,Gymnasien,3210
2010/11,Insgesamt,männlich,Förderschulen,1157
2010/11,Insgesamt,männlich,Freie Waldorfschulen,49
2010/11,Insgesamt,männlich,Gemeinschaftsschulen,-
2010/11,Insgesamt,männlich,Integrierte Gesamtschulen,-
2010/11,Insgesamt,männlich,Schulen des zweiten Bildungsweges,299
2010/11,Insgesamt,männlich,außerdem Schulkindergärten entspr.Vorbereitungskl.,-
2011/12,Insgesamt,männlich,Grundschulen,-
2011/12,Insgesamt,männlich,Schularten mit mehreren Bildungsgängen,7061
2011/12,Insgesamt,männlich,Gymnasien,3284
2011/12,Insgesamt,männlich,Förderschulen,1083
2011/12,Insgesamt,männlich,Freie Waldorfschulen,38
2011/12,Insgesamt,männlich,Gemeinschaftsschulen,-
2011/12,Insgesamt,männlich,Integrierte Gesamtschulen,-
2011/12,Insgesamt,männlich,Schulen des zweiten Bildungsweges,317
2011/12,Insgesamt,männlich,außerdem Schulkindergärten entspr.Vorbereitungskl.,-
2012/13,Insgesamt,männlich,Grundschulen,-
2012/13,Insgesamt,männlich,Schularten mit mehreren Bildungsgängen,7846
2012/13,Insgesamt,männlich,Gymnasien,3625
2012/13,Insgesamt,männlich,Förderschulen,1316
2012/13,Insgesamt,männlich,Freie Waldorfschulen,39
2012/13,Insgesamt,männlich,Gemeinschaftsschulen,-
2012/13,Insgesamt,männlich,Integrierte Gesamtschulen,-
2012/13,Insgesamt,männlich,Schulen des zweiten Bildungsweges,291
2012/13,Insgesamt,männlich,außerdem Schulkindergärten entspr.Vorbereitungskl.,-
2013/14,Insgesamt,männlich,Grundschulen,-
2013/14,Insgesamt,männlich,Schularten mit mehreren Bildungsgängen,8683
2013/14,Insgesamt,männlich,Gymnasien,4039
2013/14,Insgesamt,männlich,Förderschulen,1139
2013/14,Insgesamt,männlich,Freie Waldorfschulen,41
2013/14,Insgesamt,männlich,Gemeinschaftsschulen,-
2013/14,Insgesamt,männlich,Integrierte Gesamtschulen,-
2013/14,Insgesamt,männlich,Schulen des zweiten Bildungsweges,325
2013/14,Insgesamt,männlich,außerdem Schulkindergärten entspr.Vorbereitungskl.,-
2014/15,Insgesamt,männlich,Grundschulen,-
2014/15,Insgesamt,männlich,Schularten mit mehreren Bildungsgängen,8357
2014/15,Insgesamt,männlich,Gymnasien,4651
2014/15,Insgesamt,männlich,Förderschulen,1142
2014/15,Insgesamt,männlich,Freie Waldorfschulen,63
2014/15,Insgesamt,männlich,Gemeinschaftsschulen,-
2014/15,Insgesamt,männlich,Integrierte Gesamtschulen,-
2014/15,Insgesamt,männlich,Schulen des zweiten Bildungsweges,287
2014/15,Insgesamt,männlich,außerdem Schulkindergärten entspr.Vorbereitungskl.,-
2015/16,Insgesamt,männlich,Grundschulen,-
2015/16,Insgesamt,männlich,Schularten mit mehreren Bildungsgängen,9067
2015/16,Insgesamt,männlich,Gymnasien,4848
2015/16,Insgesamt,männlich,Förderschulen,1252
2015/16,Insgesamt,männlich,Freie Waldorfschulen,57
2015/16,Insgesamt,männlich,Gemeinschaftsschulen,-
2015/16,Insgesamt,männlich,Integrierte Gesamtschulen,-
2015/16,Insgesamt,männlich,Schulen des zweiten Bildungsweges,259
2015/16,Insgesamt,männlich,außerdem Schulkindergärten entspr.Vorbereitungskl.,-
2016/17,Insgesamt,männlich,Grundschulen,-
2016/17,Insgesamt,männlich,Schularten mit mehreren Bildungsgängen,9592
2016/17,Insgesamt,männlich,Gymnasien,5082
2016/17,Insgesamt,männlich,Förderschulen,1147
2016/17,Insgesamt,männlich,Freie Waldorfschulen,47
2016/17,Insgesamt,männlich,Gemeinschaftsschulen,-
2016/17,Insgesamt,männlich,Integrierte Gesamtschulen,-
2016/17,Insgesamt,männlich,Schulen des zweiten Bildungsweges,246
2016/17,Insgesamt,männlich,außerdem Schulkindergärten entspr.Vorbereitungskl.,-
2017/18,Insgesamt,männlich,Grundschulen,-
2017/18,Insgesamt,männlich,Schularten mit mehreren Bildungsgängen,9194
2017/18,Insgesamt,männlich,Gymnasien,4878
2017/18,Insgesamt,männlich,Förderschulen,1179
2017/18,Insgesamt,männlich,Freie Waldorfschulen,52
2017/18,Insgesamt,männlich,Gemeinschaftsschulen,-
2017/18,Insgesamt,männlich,Integrierte Gesamtschulen,-
2017/18,Insgesamt,männlich,Schulen des zweiten Bildungsweges,218
2017/18,Insgesamt,männlich,außerdem Schulkindergärten entspr.Vorbereitungskl.,-
2018/19,Insgesamt,männlich,Grundschulen,-
2018/19,Insgesamt,männlich,Schularten mit mehreren Bildungsgängen,9511
2018/19,Insgesamt,männlich,Gymnasien,5253
2018/19,Insgesamt,männlich,Förderschulen,1136
2018/19,Insgesamt,männlich,Freie Waldorfschulen,59
2018/19,Insgesamt,männlich,Gemeinschaftsschulen,-
2018/19,Insgesamt,männlich,Integrierte Gesamtschulen,-
2018/19,Insgesamt,männlich,Schulen des zweiten Bildungsweges,242
2018/19,Insgesamt,männlich,außerdem Schulkindergärten entspr.Vorbereitungskl.,-
2019/20,Insgesamt,männlich,Grundschulen,-
2019/20,Insgesamt,männlich,Schularten mit mehreren Bildungsgängen,9603
2019/20,Insgesamt,männlich,Gymnasien,4835
2019/20,Insgesamt,männlich,Förderschulen,1150
2019/20,Insgesamt,männlich,Freie Waldorfschulen,53
2019/20,Insgesamt,männlich,Gemeinschaftsschulen,-
2019/20,Insgesamt,männlich,Integrierte Gesamtschulen,-
2019/20,Insgesamt,männlich,Schulen des zweiten Bildungsweges,243
2019/20,Insgesamt,männlich,außerdem Schulkindergärten entspr.Vorbereitungskl.,-
2020/21,Insgesamt,männlich,Grundschulen,-
2020/21,Insgesamt,männlich,Schularten mit mehreren Bildungsgängen,9809
2020/21,Insgesamt,männlich,Gymnasien,4926
2020/21,Insgesamt,männlich,Förderschulen,1148
2020/21,Insgesamt,männlich,Freie Waldorfschulen,74
2020/21,Insgesamt,männlich,Gemeinschaftsschulen,-
2020/21,Insgesamt,männlich,Integrierte Gesamtschulen,-
2020/21,Insgesamt,männlich,Schulen des zweiten Bildungsweges,255
2020/21,Insgesamt,männlich,außerdem Schulkindergärten entspr.Vorbereitungskl.,-
2021/22,Insgesamt,männlich,Grundschulen,-
2021/22,Insgesamt,männlich,Schularten mit mehreren Bildungsgängen,9955
2021/22,Insgesamt,männlich,Gymnasien,5215
2021/22,Insgesamt,männlich,Förderschulen,1198
2021/22,Insgesamt,männlich,Freie Waldorfschulen,61
2021/22,Insgesamt,männlich,Gemeinschaftsschulen,-
2021/22,Insgesamt,männlich,Integrierte Gesamtschulen,-
2021/22,Insgesamt,männlich,Schulen des zweiten Bildungsweges,182
2021/22,Insgesamt,männlich,außerdem Schulkindergärten entspr.Vorbereitungskl.,-
2022/23,Insgesamt,männlich,Grundschulen,-
2022/23,Insgesamt,männlich,Schularten mit mehreren Bildungsgängen,10006
2022/23,Insgesamt,männlich,Gymnasien,4917
2022/23,Insgesamt,männlich,Förderschulen,1241
2022/23,Insgesamt,männlich,Freie Waldorfschulen,92
2022/23,Insgesamt,männlich,Gemeinschaftsschulen,-
2022/23,Insgesamt,männlich,Integrierte Gesamtschulen,13
2022/23,Insgesamt,männlich,Schulen des zweiten Bildungsweges,214
2022/23,Insgesamt,männlich,außerdem Schulkindergärten entspr.Vorbereitungskl.,-
2023/24,Insgesamt,männlich,Grundschulen,-
2023/24,Insgesamt,männlich,Schularten mit mehreren Bildungsgängen,10794
2023/24,Insgesamt,männlich,Gymnasien,5060
2023/24,Insgesamt,männlich,Förderschulen,1202
2023/24,Insgesamt,männlich,Freie Waldorfschulen,72
2023/24,Insgesamt,männlich,Gemeinschaftsschulen,-
2023/24,Insgesamt,männlich,Integrierte Gesamtschulen,49
2023/24,Insgesamt,männlich,Schulen des zweiten Bildungsweges,188
2023/24,Insgesamt,männlich,außerdem Schulkindergärten entspr.Vorbereitungskl.,-
2024/25,Insgesamt,männlich,Grundschulen,-
2024/25,Insgesamt,männlich,Schularten mit mehreren Bildungsgängen,11270
2024/25,Insgesamt,männlich,Gymnasien,5305
2024/25,Insgesamt,männlich,Förderschulen,1223
2024/25,Insgesamt,männlich,Freie Waldorfschulen,79
2024/25,Insgesamt,männlich,Gemeinschaftsschulen,-
2024/25,Insgesamt,männlich,Integrierte Gesamtschulen,-
2024/25,Insgesamt,männlich,Schulen des zweiten Bildungsweges,193
2024/25,Insgesamt,männlich,außerdem Schulkindergärten entspr.Vorbereitungskl.,-
1994/95,Insgesamt,weiblich,Grundschulen,-
1994/95,Insgesamt,weiblich,Schularten mit mehreren Bildungsgängen,17581
1994/95,Insgesamt,weiblich,Gymnasien,9677
1994/95,Insgesamt,weiblich,Förderschulen,885
1994/95,Insgesamt,weiblich,Freie Waldorfschulen,7
1994/95,Insgesamt,weiblich,Gemeinschaftsschulen,-
1994/95,Insgesamt,weiblich,Integrierte Gesamtschulen,-
1994/95,Insgesamt,weiblich,Schulen des zweiten Bildungsweges,269
1994/95,Insgesamt,weiblich,außerdem Schulkindergärten entspr.Vorbereitungskl.,-
1995/96,Insgesamt,weiblich,Grundschulen,-
1995/96,Insgesamt,weiblich,Schularten mit mehreren Bildungsgängen,17968
1995/96,Insgesamt,weiblich,Gymnasien,10688
1995/96,Insgesamt,weiblich,Förderschulen,934
1995/96,Insgesamt,weiblich,Freie Waldorfschulen,7
1995/96,Insgesamt,weiblich,Gemeinschaftsschulen,-
1995/96,Insgesamt,weiblich,Integrierte Gesamtschulen,-
1995/96,Insgesamt,weiblich,Schulen des zweiten Bildungsweges,254
1995/96,Insgesamt,weiblich,außerdem Schulkindergärten entspr.Vorbereitungskl.,-
1996/97,Insgesamt,weiblich,Grundschulen,-
1996/97,Insgesamt,weiblich,Schularten mit mehreren Bildungsgängen,18490
1996/97,Insgesamt,weiblich,Gymnasien,10860
1996/97,Insgesamt,weiblich,Förderschulen,1037
1996/97,Insgesamt,weiblich,Freie Waldorfschulen,20
1996/97,Insgesamt,weiblich,Gemeinschaftsschulen,-
1996/97,Insgesamt,weiblich,Integrierte Gesamtschulen,-
1996/97,Insgesamt,weiblich,Schulen des zweiten Bildungsweges,230
1996/97,Insgesamt,weiblich,außerdem Schulkindergärten entspr.Vorbereitungskl.,-
1997/98,Insgesamt,weiblich,Grundschulen,-
1997/98,Insgesamt,weiblich,Schularten mit mehreren Bildungsgängen,17288
1997/98,Insgesamt,weiblich,Gymnasien,10299
1997/98,Insgesamt,weiblich,Förderschulen,1212
1997/98,Insgesamt,weiblich,Freie Waldorfschulen,18
1997/98,Insgesamt,weiblich,Gemeinschaftsschulen,-
1997/98,Insgesamt,weiblich,Integrierte Gesamtschulen,-
1997/98,Insgesamt,weiblich,Schulen des zweiten Bildungsweges,153
1997/98,Insgesamt,weiblich,außerdem Schulkindergärten entspr.Vorbereitungskl.,-
1998/99,Insgesamt,weiblich,Grundschulen,-
1998/99,Insgesamt,weiblich,Schularten mit mehreren Bildungsgängen,17263
1998/99,Insgesamt,weiblich,Gymnasien,10739
1998/99,Insgesamt,weiblich,Förderschulen,1211
1998/99,Insgesamt,weiblich,Freie Waldorfschulen,33
1998/99,Insgesamt,weiblich,Gemeinschaftsschulen,-
1998/99,Insgesamt,weiblich,Integrierte Gesamtschulen,-
1998/99,Insgesamt,weiblich,Schulen des zweiten Bildungsweges,168
1998/99,Insgesamt,weiblich,außerdem Schulkindergärten entspr.Vorbereitungskl.,-
1999/00,Insgesamt,weiblich,Grundschulen,-
1999/00,Insgesamt,weiblich,Schularten mit mehreren Bildungsgängen,17862
1999/00,Insgesamt,weiblich,Gymnasien,10382
1999/00,Insgesamt,weiblich,Förderschulen,1283
1999/00,Insgesamt,weiblich,Freie Waldorfschulen,29
1999/00,Insgesamt,weiblich,Gemeinschaftsschulen,-
1999/00,Insgesamt,weiblich,Integrierte Gesamtschulen,-
1999/00,Insgesamt,weiblich,Schulen des zweiten Bildungsweges,187
1999/00,Insgesamt,weiblich,außerdem Schulkindergärten entspr.Vorbereitungskl.,-
2000/01,Insgesamt,weiblich,Grundschulen,-
2000/01,Insgesamt,weiblich,Schularten mit mehreren Bildungsgängen,18618
2000/01,Insgesamt,weiblich,Gymnasien,10530
2000/01,Insgesamt,weiblich,Förderschulen,1318
2000/01,Insgesamt,weiblich,Freie Waldorfschulen,31
2000/01,Insgesamt,weiblich,Gemeinschaftsschulen,-
2000/01,Insgesamt,weiblich,Integrierte Gesamtschulen,-
2000/01,Insgesamt,weiblich,Schulen des zweiten Bildungsweges,175
2000/01,Insgesamt,weiblich,außerdem Schulkindergärten entspr.Vorbereitungskl.,-
2001/02,Insgesamt,weiblich,Grundschulen,-
2001/02,Insgesamt,weiblich,Schularten mit mehreren Bildungsgängen,18436
2001/02,Insgesamt,weiblich,Gymnasien,9278
2001/02,Insgesamt,weiblich,Förderschulen,1242
2001/02,Insgesamt,weiblich,Freie Waldorfschulen,34
2001/02,Insgesamt,weiblich,Gemeinschaftsschulen,-
2001/02,Insgesamt,weiblich,Integrierte Gesamtschulen,-
2001/02,Insgesamt,weiblich,Schulen des zweiten Bildungsweges,176
2001/02,Insgesamt,weiblich,außerdem Schulkindergärten entspr.Vorbereitungskl.,-
2002/03,Insgesamt,weiblich,Grundschulen,-
2002/03,Insgesamt,weiblich,Schularten mit mehreren Bildungsgängen,17728
2002/03,Insgesamt,weiblich,Gymnasien,8624
2002/03,Insgesamt,weiblich,Förderschulen,1228
2002/03,Insgesamt,weiblich,Freie Waldorfschulen,36
2002/03,Insgesamt,weiblich,Gemeinschaftsschulen,-
2002/03,Insgesamt,weiblich,Integrierte Gesamtschulen,-
2002/03,Insgesamt,weiblich,Schulen des zweiten Bildungsweges,225
2002/03,Insgesamt,weiblich,außerdem Schulkindergärten entspr.Vorbereitungskl.,-
2003/04,Insgesamt,weiblich,Grundschulen,-
2003/04,Insgesamt,weiblich,Schularten mit mehreren Bildungsgängen,16908
2003/04,Insgesamt,weiblich,Gymnasien,8557
2003/04,Insgesamt,weiblich,Förderschulen,1199
2003/04,Insgesamt,weiblich,Freie Waldorfschulen,29
2003/04,Insgesamt,weiblich,Gemeinschaftsschulen,-
2003/04,Insgesamt,weiblich,Integrierte Gesamtschulen,-
2003/04,Insgesamt,weiblich,Schulen des zweiten Bildungsweges,246
2003/04,Insgesamt,weiblich,außerdem Schulkindergärten entspr.Vorbereitungskl.,-
2004/05,Insgesamt,weiblich,Grundschulen,-
2004/05,Insgesamt,weiblich,Schularten mit mehreren Bildungsgängen,16071
2004/05,Insgesamt,weiblich,Gymnasien,8399
2004/05,Insgesamt,weiblich,Förderschulen,1210
2004/05,Insgesamt,weiblich,Freie Waldorfschulen,45
2004/05,Insgesamt,weiblich,Gemeinschaftsschulen,-
2004/05,Insgesamt,weiblich,Integrierte Gesamtschulen,-
2004/05,Insgesamt,weiblich,Schulen des zweiten Bildungsweges,286
2004/05,Insgesamt,weiblich,außerdem Schulkindergärten entspr.Vorbereitungskl.,-
2005/06,Insgesamt,weiblich,Grundschulen,-
2005/06,Insgesamt,weiblich,Schularten mit mehreren Bildungsgängen,14568
2005/06,Insgesamt,weiblich,Gymnasien,8483
2005/06,Insgesamt,weiblich,Förderschulen,1129
2005/06,Insgesamt,weiblich,Freie Waldorfschulen,33
2005/06,Insgesamt,weiblich,Gemeinschaftsschulen,-
2005/06,Insgesamt,weiblich,Integrierte Gesamtschulen,-
2005/06,Insgesamt,weiblich,Schulen des zweiten Bildungsweges,345
2005/06,Insgesamt,weiblich,außerdem Schulkindergärten entspr.Vorbereitungskl.,-
2006/07,Insgesamt,weiblich,Grundschulen,-
2006/07,Insgesamt,weiblich,Schularten mit mehreren Bildungsgängen,11903
2006/07,Insgesamt,weiblich,Gymnasien,8243
2006/07,Insgesamt,weiblich,Förderschulen,1110
2006/07,Insgesamt,weiblich,Freie Waldorfschulen,32
2006/07,Insgesamt,weiblich,Gemeinschaftsschulen,-
2006/07,Insgesamt,weiblich,Integrierte Gesamtschulen,-
2006/07,Insgesamt,weiblich,Schulen des zweiten Bildungsweges,368
2006/07,Insgesamt,weiblich,außerdem Schulkindergärten entspr.Vorbereitungskl.,-
2007/08,Insgesamt,weiblich,Grundschulen,-
2007/08,Insgesamt,weiblich,Schularten mit mehreren Bildungsgängen,8481
2007/08,Insgesamt,weiblich,Gymnasien,8354
2007/08,Insgesamt,weiblich,Förderschulen,961
2007/08,Insgesamt,weiblich,Freie Waldorfschulen,47
2007/08,Insgesamt,weiblich,Gemeinschaftsschulen,-
2007/08,Insgesamt,weiblich,Integrierte Gesamtschulen,-
2007/08,Insgesamt,weiblich,Schulen des zweiten Bildungsweges,334
2007/08,Insgesamt,weiblich,außerdem Schulkindergärten entspr.Vorbereitungskl.,-
2008/09,Insgesamt,weiblich,Grundschulen,-
2008/09,Insgesamt,weiblich,Schularten mit mehreren Bildungsgängen,7160
2008/09,Insgesamt,weiblich,Gymnasien,7059
2008/09,Insgesamt,weiblich,Förderschulen,849
2008/09,Insgesamt,weiblich,Freie Waldorfschulen,40
2008/09,Insgesamt,weiblich,Gemeinschaftsschulen,-
2008/09,Insgesamt,weiblich,Integrierte Gesamtschulen,-
2008/09,Insgesamt,weiblich,Schulen des zweiten Bildungsweges,334
2008/09,Insgesamt,weiblich,außerdem Schulkindergärten entspr.Vorbereitungskl.,-
2009/10,Insgesamt,weiblich,Grundschulen,-
2009/10,Insgesamt,weiblich,Schularten mit mehreren Bildungsgängen,6520
2009/10,Insgesamt,weiblich,Gymnasien,4073
2009/10,Insgesamt,weiblich,Förderschulen,773
2009/10,Insgesamt,weiblich,Freie Waldorfschulen,41
2009/10,Insgesamt,weiblich,Gemeinschaftsschulen,-
2009/10,Insgesamt,weiblich,Integrierte Gesamtschulen,-
2009/10,Insgesamt,weiblich,Schulen des zweiten Bildungsweges,295
2009/10,Insgesamt,weiblich,außerdem Schulkindergärten entspr.Vorbereitungskl.,-
2010/11,Insgesamt,weiblich,Grundschulen,-
2010/11,Insgesamt,weiblich,Schularten mit mehreren Bildungsgängen,5947
2010/11,Insgesamt,weiblich,Gymnasien,3844
2010/11,Insgesamt,weiblich,Förderschulen,710
2010/11,Insgesamt,weiblich,Freie Waldorfschulen,45
2010/11,Insgesamt,weiblich,Gemeinschaftsschulen,-
2010/11,Insgesamt,weiblich,Integrierte Gesamtschulen,-
2010/11,Insgesamt,weiblich,Schulen des zweiten Bildungsweges,302
2010/11,Insgesamt,weiblich,außerdem Schulkindergärten entspr.Vorbereitungskl.,-
2011/12,Insgesamt,weiblich,Grundschulen,-
2011/12,Insgesamt,weiblich,Schularten mit mehreren Bildungsgängen,6505
2011/12,Insgesamt,weiblich,Gymnasien,3855
2011/12,Insgesamt,weiblich,Förderschulen,805
2011/12,Insgesamt,weiblich,Freie Waldorfschulen,48
2011/12,Insgesamt,weiblich,Gemeinschaftsschulen,-
2011/12,Insgesamt,weiblich,Integrierte Gesamtschulen,-
2011/12,Insgesamt,weiblich,Schulen des zweiten Bildungsweges,271
2011/12,Insgesamt,weiblich,außerdem Schulkindergärten entspr.Vorbereitungskl.,-
2012/13,Insgesamt,weiblich,Grundschulen,-
2012/13,Insgesamt,weiblich,Schularten mit mehreren Bildungsgängen,7167
2012/13,Insgesamt,weiblich,Gymnasien,4195
2012/13,Insgesamt,weiblich,Förderschulen,878
2012/13,Insgesamt,weiblich,Freie Waldorfschulen,40
2012/13,Insgesamt,weiblich,Gemeinschaftsschulen,-
2012/13,Insgesamt,weiblich,Integrierte Gesamtschulen,-
2012/13,Insgesamt,weiblich,Schulen des zweiten Bildungsweges,256
2012/13,Insgesamt,weiblich,außerdem Schulkindergärten entspr.Vorbereitungskl.,-
2013/14,Insgesamt,weiblich,Grundschulen,-
2013/14,Insgesamt,weiblich,Schularten mit mehreren Bildungsgängen,7396
2013/14,Insgesamt,weiblich,Gymnasien,4745
2013/14,Insgesamt,weiblich,Förderschulen,783
2013/14,Insgesamt,weiblich,Freie Waldorfschulen,61
2013/14,Insgesamt,weiblich,Gemeinschaftsschulen,-
2013/14,Insgesamt,weiblich,Integrierte Gesamtschulen,-
2013/14,Insgesamt,weiblich,Schulen des zweiten Bildungsweges,247
2013/14,Insgesamt,weiblich,außerdem Schulkindergärten entspr.Vorbereitungskl.,-
2014/15,Insgesamt,weiblich,Grundschulen,-
2014/15,Insgesamt,weiblich,Schularten mit mehreren Bildungsgängen,7630
2014/15,Insgesamt,weiblich,Gymnasien,5349
2014/15,Insgesamt,weiblich,Förderschulen,733
2014/15,Insgesamt,weiblich,Freie Waldorfschulen,47
2014/15,Insgesamt,weiblich,Gemeinschaftsschulen,-
2014/15,Insgesamt,weiblich,Integrierte Gesamtschulen,-
2014/15,Insgesamt,weiblich,Schulen des zweiten Bildungsweges,204
2014/15,Insgesamt,weiblich,außerdem Schulkindergärten entspr.Vorbereitungskl.,-
2015/16,Insgesamt,weiblich,Grundschulen,-
2015/16,Insgesamt,weiblich,Schularten mit mehreren Bildungsgängen,7942
2015/16,Insgesamt,weiblich,Gymnasien,5653
2015/16,Insgesamt,weiblich,Förderschulen,797
2015/16,Insgesamt,weiblich,Freie Waldorfschulen,62
2015/16,Insgesamt,weiblich,Gemeinschaftsschulen,-
2015/16,Insgesamt,weiblich,Integrierte Gesamtschulen,-
2015/16,Insgesamt,weiblich,Schulen des zweiten Bildungsweges,210
2015/16,Insgesamt,weiblich,außerdem Schulkindergärten entspr.Vorbereitungskl.,-
2016/17,Insgesamt,weiblich,Grundschulen,-
2016/17,Insgesamt,weiblich,Schularten mit mehreren Bildungsgängen,8123
2016/17,Insgesamt,weiblich,Gymnasien,5820
2016/17,Insgesamt,weiblich,Förderschulen,759
2016/17,Insgesamt,weiblich,Freie Waldorfschulen,61
2016/17,Insgesamt,weiblich,Gemeinschaftsschulen,-
2016/17,Insgesamt,weiblich,Integrierte Gesamtschulen,-
2016/17,Insgesamt,weiblich,Schulen des zweiten Bildungsweges,152
2016/17,Insgesamt,weiblich,außerdem Schulkindergärten entspr.Vorbereitungskl.,-
2017/18,Insgesamt,weiblich,Grundschulen,-
2017/18,Insgesamt,weiblich,Schularten mit mehreren Bildungsgängen,7931
2017/18,Insgesamt,weiblich,Gymnasien,5853
2017/18,Insgesamt,weiblich,Förderschulen,741
2017/18,Insgesamt,weiblich,Freie Waldorfschulen,66
2017/18,Insgesamt,weiblich,Gemeinschaftsschulen,-
2017/18,Insgesamt,weiblich,Integrierte Gesamtschulen,-
2017/18,Insgesamt,weiblich,Schulen des zweiten Bildungsweges,160
2017/18,Insgesamt,weiblich,außerdem Schulkindergärten entspr.Vorbereitungskl.,-
2018/19,Insgesamt,weiblich,Grundschulen,-
2018/19,Insgesamt,weiblich,Schularten mit mehreren Bildungsgängen,8197
2018/19,Insgesamt,weiblich,Gymnasien,5935
2018/19,Insgesamt,weiblich,Förderschulen,789
2018/19,Insgesamt,weiblich,Freie Waldorfschulen,45
2018/19,Insgesamt,weiblich,Gemeinschaftsschulen,-
2018/19,Insgesamt,weiblich,Integrierte Gesamtschulen,-
2018/19,Insgesamt,weiblich,Schulen des zweiten Bildungsweges,137
2018/19,Insgesamt,weiblich,außerdem Schulkindergärten entspr.Vorbereitungskl.,-
2019/20,Insgesamt,weiblich,Grundschulen,-
2019/20,Insgesamt,weiblich,Schularten mit mehreren Bildungsgängen,8544
2019/20,Insgesamt,weiblich,Gymnasien,5781
2019/20,Insgesamt,weiblich,Förderschulen,712
2019/20,Insgesamt,weiblich,Freie Waldorfschulen,51
2019/20,Insgesamt,weiblich,Gemeinschaftsschulen,-
2019/20,Insgesamt,weiblich,Integrierte Gesamtschulen,-
2019/20,Insgesamt,weiblich,Schulen des zweiten Bildungsweges,166
2019/20,Insgesamt,weiblich,außerdem Schulkindergärten entspr.Vorbereitungskl.,-
2020/21,Insgesamt,weiblich,Grundschulen,-
2020/21,Insgesamt,weiblich,Schularten mit mehreren Bildungsgängen,8649
2020/21,Insgesamt,weiblich,Gymnasien,5899
2020/21,Insgesamt,weiblich,Förderschulen,767
2020/21,Insgesamt,weiblich,Freie Waldorfschulen,72
2020/21,Insgesamt,weiblich,Gemeinschaftsschulen,-
2020/21,Insgesamt,weiblich,Integrierte Gesamtschulen,-
2020/21,Insgesamt,weiblich,Schulen des zweiten Bildungsweges,192
2020/21,Insgesamt,weiblich,außerdem Schulkindergärten entspr.Vorbereitungskl.,-
2021/22,Insgesamt,weiblich,Grundschulen,-
2021/22,Insgesamt,weiblich,Schularten mit mehreren Bildungsgängen,8744
2021/22,Insgesamt,weiblich,Gymnasien,6145
2021/22,Insgesamt,weiblich,Förderschulen,784
2021/22,Insgesamt,weiblich,Freie Waldorfschulen,67
2021/22,Insgesamt,weiblich,Gemeinschaftsschulen,-
2021/22,Insgesamt,weiblich,Integrierte Gesamtschulen,-
2021/22,Insgesamt,weiblich,Schulen des zweiten Bildungsweges,135
2021/22,Insgesamt,weiblich,außerdem Schulkindergärten entspr.Vorbereitungskl.,-
2022/23,Insgesamt,weiblich,Grundschulen,-
2022/23,Insgesamt,weiblich,Schularten mit mehreren Bildungsgängen,9010
2022/23,Insgesamt,weiblich,Gymnasien,5694
2022/23,Insgesamt,weiblich,Förderschulen,746
2022/23,Insgesamt,weiblich,Freie Waldorfschulen,83
2022/23,Insgesamt,weiblich,Gemeinschaftsschulen,-
2022/23,Insgesamt,weiblich,Integrierte Gesamtschulen,22
2022/23,Insgesamt,weiblich,Schulen des zweiten Bildungsweges,207
2022/23,Insgesamt,weiblich,außerdem Schulkindergärten entspr.Vorbereitungskl.,-
2023/24,Insgesamt,weiblich,Grundschulen,-
2023/24,Insgesamt,weiblich,Schularten mit mehreren Bildungsgängen,9442
2023/24,Insgesamt,weiblich,Gymnasien,5773
2023/24,Insgesamt,weiblich,Förderschulen,803
2023/24,Insgesamt,weiblich,Freie Waldorfschulen,79
2023/24,Insgesamt,weiblich,Gemeinschaftsschulen,-
2023/24,Insgesamt,weiblich,Integrierte Gesamtschulen,39
2023/24,Insgesamt,weiblich,Schulen des zweiten Bildungsweges,134
2023/24,Insgesamt,weiblich,außerdem Schulkindergärten entspr.Vorbereitungskl.,-
2024/25,Insgesamt,weiblich,Grundschulen,-
2024/25,Insgesamt,weiblich,Schularten mit mehreren Bildungsgängen,10020
2024/25,Insgesamt,weiblich,Gymnasien,6181
2024/25,Insgesamt,weiblich,Förderschulen,797
2024/25,Insgesamt,weiblich,Freie Waldorfschulen,94
2024/25,Insgesamt,weiblich,Gemeinschaftsschulen,-
2024/25,Insgesamt,weiblich,Integrierte Gesamtschulen,-
2024/25,Insgesamt,weiblich,Schulen des zweiten Bildungsweges,162
2024/25,Insgesamt,weiblich,außerdem Schulkindergärten entspr.Vorbereitungskl.,-
1994/95,Insgesamt,Insgesamt,Grundschulen,-
1994/95,Insgesamt,Insgesamt,Schularten mit mehreren Bildungsgängen,39737
1994/95,Insgesamt,Insgesamt,Gymnasien,15946
1994/95,Insgesamt,Insgesamt,Förderschulen,2688
1994/95,Insgesamt,Insgesamt,Freie Waldorfschulen,10
1994/95,Insgesamt,Insgesamt,Gemeinschaftsschulen,-
1994/95,Insgesamt,Insgesamt,Integrierte Gesamtschulen,-
1994/95,Insgesamt,Insgesamt,Schulen des zweiten Bildungsweges,528
1994/95,Insgesamt,Insgesamt,außerdem Schulkindergärten entspr.Vorbereitungskl.,-
1995/96,Insgesamt,Insgesamt,Grundschulen,-
1995/96,Insgesamt,Insgesamt,Schularten mit mehreren Bildungsgängen,40316
1995/96,Insgesamt,Insgesamt,Gymnasien,17401
1995/96,Insgesamt,Insgesamt,Förderschulen,2895
1995/96,Insgesamt,Insgesamt,Freie Waldorfschulen,20
1995/96,Insgesamt,Insgesamt,Gemeinschaftsschulen,-
1995/96,Insgesamt,Insgesamt,Integrierte Gesamtschulen,-
1995/96,Insgesamt,Insgesamt,Schulen des zweiten Bildungsweges,473
1995/96,Insgesamt,Insgesamt,außerdem Schulkindergärten entspr.Vorbereitungskl.,-
1996/97,Insgesamt,Insgesamt,Grundschulen,-
1996/97,Insgesamt,Insgesamt,Schularten mit mehreren Bildungsgängen,40530
1996/97,Insgesamt,Insgesamt,Gymnasien,17641
1996/97,Insgesamt,Insgesamt,Förderschulen,3124
1996/97,Insgesamt,Insgesamt,Freie Waldorfschulen,29
1996/97,Insgesamt,Insgesamt,Gemeinschaftsschulen,-
1996/97,Insgesamt,Insgesamt,Integrierte Gesamtschulen,-
1996/97,Insgesamt,Insgesamt,Schulen des zweiten Bildungsweges,486
1996/97,Insgesamt,Insgesamt,außerdem Schulkindergärten entspr.Vorbereitungskl.,-
1997/98,Insgesamt,Insgesamt,Grundschulen,-
1997/98,Insgesamt,Insgesamt,Schularten mit mehreren Bildungsgängen,37923
1997/98,Insgesamt,Insgesamt,Gymnasien,16821
1997/98,Insgesamt,Insgesamt,Förderschulen,3436
1997/98,Insgesamt,Insgesamt,Freie Waldorfschulen,47
1997/98,Insgesamt,Insgesamt,Gemeinschaftsschulen,-
1997/98,Insgesamt,Insgesamt,Integrierte Gesamtschulen,-
1997/98,Insgesamt,Insgesamt,Schulen des zweiten Bildungsweges,339
1997/98,Insgesamt,Insgesamt,außerdem Schulkindergärten entspr.Vorbereitungskl.,-
1998/99,Insgesamt,Insgesamt,Grundschulen,-
1998/99,Insgesamt,Insgesamt,Schularten mit mehreren Bildungsgängen,37694
1998/99,Insgesamt,Insgesamt,Gymnasien,17762
1998/99,Insgesamt,Insgesamt,Förderschulen,3497
1998/99,Insgesamt,Insgesamt,Freie Waldorfschulen,68
1998/99,Insgesamt,Insgesamt,Gemeinschaftsschulen,-
1998/99,Insgesamt,Insgesamt,Integrierte Gesamtschulen,-
1998/99,Insgesamt,Insgesamt,Schulen des zweiten Bildungsweges,368
1998/99,Insgesamt,Insgesamt,außerdem Schulkindergärten entspr.Vorbereitungskl.,-
1999/00,Insgesamt,Insgesamt,Grundschulen,-
1999/00,Insgesamt,Insgesamt,Schularten mit mehreren Bildungsgängen,38843
1999/00,Insgesamt,Insgesamt,Gymnasien,17580
1999/00,Insgesamt,Insgesamt,Förderschulen,3795
1999/00,Insgesamt,Insgesamt,Freie Waldorfschulen,70
1999/00,Insgesamt,Insgesamt,Gemeinschaftsschulen,-
1999/00,Insgesamt,Insgesamt,Integrierte Gesamtschulen,-
1999/00,Insgesamt,Insgesamt,Schulen des zweiten Bildungsweges,394
1999/00,Insgesamt,Insgesamt,außerdem Schulkindergärten entspr.Vorbereitungskl.,-
2000/01,Insgesamt,Insgesamt,Grundschulen,-
2000/01,Insgesamt,Insgesamt,Schularten mit mehreren Bildungsgängen,39712
2000/01,Insgesamt,Insgesamt,Gymnasien,17670
2000/01,Insgesamt,Insgesamt,Förderschulen,3659
2000/01,Insgesamt,Insgesamt,Freie Waldorfschulen,58
2000/01,Insgesamt,Insgesamt,Gemeinschaftsschulen,-
2000/01,Insgesamt,Insgesamt,Integrierte Gesamtschulen,-
2000/01,Insgesamt,Insgesamt,Schulen des zweiten Bildungsweges,380
2000/01,Insgesamt,Insgesamt,außerdem Schulkindergärten entspr.Vorbereitungskl.,-
2001/02,Insgesamt,Insgesamt,Grundschulen,-
2001/02,Insgesamt,Insgesamt,Schularten mit mehreren Bildungsgängen,39383
2001/02,Insgesamt,Insgesamt,Gymnasien,15795
2001/02,Insgesamt,Insgesamt,Förderschulen,3499
2001/02,Insgesamt,Insgesamt,Freie Waldorfschulen,61
2001/02,Insgesamt,Insgesamt,Gemeinschaftsschulen,-
2001/02,Insgesamt,Insgesamt,Integrierte Gesamtschulen,-
2001/02,Insgesamt,Insgesamt,Schulen des zweiten Bildungsweges,422
2001/02,Insgesamt,Insgesamt,außerdem Schulkindergärten entspr.Vorbereitungskl.,-
2002/03,Insgesamt,Insgesamt,Grundschulen,-
2002/03,Insgesamt,Insgesamt,Schularten mit mehreren Bildungsgängen,37791
2002/03,Insgesamt,Insgesamt,Gymnasien,14728
2002/03,Insgesamt,Insgesamt,Förderschulen,3405
2002/03,Insgesamt,Insgesamt,Freie Waldorfschulen,62
2002/03,Insgesamt,Insgesamt,Gemeinschaftsschulen,-
2002/03,Insgesamt,Insgesamt,Integrierte Gesamtschulen,-
2002/03,Insgesamt,Insgesamt,Schulen des zweiten Bildungsweges,495
2002/03,Insgesamt,Insgesamt,außerdem Schulkindergärten entspr.Vorbereitungskl.,-
2003/04,Insgesamt,Insgesamt,Grundschulen,-
2003/04,Insgesamt,Insgesamt,Schularten mit mehreren Bildungsgängen,36156
2003/04,Insgesamt,Insgesamt,Gymnasien,14856
2003/04,Insgesamt,Insgesamt,Förderschulen,3389
2003/04,Insgesamt,Insgesamt,Freie Waldorfschulen,70
2003/04,Insgesamt,Insgesamt,Gemeinschaftsschulen,-
2003/04,Insgesamt,Insgesamt,Integrierte Gesamtschulen,-
2003/04,Insgesamt,Insgesamt,Schulen des zweiten Bildungsweges,517
2003/04,Insgesamt,Insgesamt,außerdem Schulkindergärten entspr.Vorbereitungskl.,-
2004/05,Insgesamt,Insgesamt,Grundschulen,-
2004/05,Insgesamt,Insgesamt,Schularten mit mehreren Bildungsgängen,34473
2004/05,Insgesamt,Insgesamt,Gymnasien,14639
2004/05,Insgesamt,Insgesamt,Förderschulen,3430
2004/05,Insgesamt,Insgesamt,Freie Waldorfschulen,76
2004/05,Insgesamt,Insgesamt,Gemeinschaftsschulen,-
2004/05,Insgesamt,Insgesamt,Integrierte Gesamtschulen,-
2004/05,Insgesamt,Insgesamt,Schulen des zweiten Bildungsweges,609
2004/05,Insgesamt,Insgesamt,außerdem Schulkindergärten entspr.Vorbereitungskl.,-
2005/06,Insgesamt,Insgesamt,Grundschulen,-
2005/06,Insgesamt,Insgesamt,Schularten mit mehreren Bildungsgängen,31258
2005/06,Insgesamt,Insgesamt,Gymnasien,14890
2005/06,Insgesamt,Insgesamt,Förderschulen,3106
2005/06,Insgesamt,Insgesamt,Freie Waldorfschulen,76
2005/06,Insgesamt,Insgesamt,Gemeinschaftsschulen,-
2005/06,Insgesamt,Insgesamt,Integrierte Gesamtschulen,-
2005/06,Insgesamt,Insgesamt,Schulen des zweiten Bildungsweges,689
2005/06,Insgesamt,Insgesamt,außerdem Schulkindergärten entspr.Vorbereitungskl.,-
2006/07,Insgesamt,Insgesamt,Grundschulen,-
2006/07,Insgesamt,Insgesamt,Schularten mit mehreren Bildungsgängen,25563
2006/07,Insgesamt,Insgesamt,Gymnasien,14684
2006/07,Insgesamt,Insgesamt,Förderschulen,2955
2006/07,Insgesamt,Insgesamt,Freie Waldorfschulen,66
2006/07,Insgesamt,Insgesamt,Gemeinschaftsschulen,-
2006/07,Insgesamt,Insgesamt,Integrierte Gesamtschulen,-
2006/07,Insgesamt,Insgesamt,Schulen des zweiten Bildungsweges,732
2006/07,Insgesamt,Insgesamt,außerdem Schulkindergärten entspr.Vorbereitungskl.,-
2007/08,Insgesamt,Insgesamt,Grundschulen,-
2007/08,Insgesamt,Insgesamt,Schularten mit mehreren Bildungsgängen,18221
2007/08,Insgesamt,Insgesamt,Gymnasien,14964
2007/08,Insgesamt,Insgesamt,Förderschulen,2500
2007/08,Insgesamt,Insgesamt,Freie Waldorfschulen,86
2007/08,Insgesamt,Insgesamt,Gemeinschaftsschulen,-
2007/08,Insgesamt,Insgesamt,Integrierte Gesamtschulen,-
2007/08,Insgesamt,Insgesamt,Schulen des zweiten Bildungsweges,685
2007/08,Insgesamt,Insgesamt,außerdem Schulkindergärten entspr.Vorbereitungskl.,-
2008/09,Insgesamt,Insgesamt,Grundschulen,-
2008/09,Insgesamt,Insgesamt,Schularten mit mehreren Bildungsgängen,15105
2008/09,Insgesamt,Insgesamt,Gymnasien,12907
2008/09,Insgesamt,Insgesamt,Förderschulen,2175
2008/09,Insgesamt,Insgesamt,Freie Waldorfschulen,72
2008/09,Insgesamt,Insgesamt,Gemeinschaftsschulen,-
2008/09,Insgesamt,Insgesamt,Integrierte Gesamtschulen,-
2008/09,Insgesamt,Insgesamt,Schulen des zweiten Bildungsweges,708
2008/09,Insgesamt,Insgesamt,außerdem Schulkindergärten entspr.Vorbereitungskl.,-
2009/10,Insgesamt,Insgesamt,Grundschulen,-
2009/10,Insgesamt,Insgesamt,Schularten mit mehreren Bildungsgängen,13792
2009/10,Insgesamt,Insgesamt,Gymnasien,7533
2009/10,Insgesamt,Insgesamt,Förderschulen,1916
2009/10,Insgesamt,Insgesamt,Freie Waldorfschulen,69
2009/10,Insgesamt,Insgesamt,Gemeinschaftsschulen,-
2009/10,Insgesamt,Insgesamt,Integrierte Gesamtschulen,-
2009/10,Insgesamt,Insgesamt,Schulen des zweiten Bildungsweges,628
2009/10,Insgesamt,Insgesamt,außerdem Schulkindergärten entspr.Vorbereitungskl.,-
2010/11,Insgesamt,Insgesamt,Grundschulen,-
2010/11,Insgesamt,Insgesamt,Schularten mit mehreren Bildungsgängen,12801
2010/11,Insgesamt,Insgesamt,Gymnasien,7054
2010/11,Insgesamt,Insgesamt,Förderschulen,1867
2010/11,Insgesamt,Insgesamt,Freie Waldorfschulen,94
2010/11,Insgesamt,Insgesamt,Gemeinschaftsschulen,-
2010/11,Insgesamt,Insgesamt,Integrierte Gesamtschulen,-
2010/11,Insgesamt,Insgesamt,Schulen des zweiten Bildungsweges,601
2010/11,Insgesamt,Insgesamt,außerdem Schulkindergärten entspr.Vorbereitungskl.,-
2011/12,Insgesamt,Insgesamt,Grundschulen,-
2011/12,Insgesamt,Insgesamt,Schularten mit mehreren Bildungsgängen,13566
2011/12,Insgesamt,Insgesamt,Gymnasien,7139
2011/12,Insgesamt,Insgesamt,Förderschulen,1888
2011/12,Insgesamt,Insgesamt,Freie Waldorfschulen,86
2011/12,Insgesamt,Insgesamt,Gemeinschaftsschulen,-
2011/12,Insgesamt,Insgesamt,Integrierte Gesamtschulen,-
2011/12,Insgesamt,Insgesamt,Schulen des zweiten Bildungsweges,588
2011/12,Insgesamt,Insgesamt,außerdem Schulkindergärten entspr.Vorbereitungskl.,-
2012/13,Insgesamt,Insgesamt,Grundschulen,-
2012/13,Insgesamt,Insgesamt,Schularten mit mehreren Bildungsgängen,15013
2012/13,Insgesamt,Insgesamt,Gymnasien,7820
2012/13,Insgesamt,Insgesamt,Förderschulen,2194
2012/13,Insgesamt,Insgesamt,Freie Waldorfschulen,79
2012/13,Insgesamt,Insgesamt,Gemeinschaftsschulen,-
2012/13,Insgesamt,Insgesamt,Integrierte Gesamtschulen,-
2012/13,Insgesamt,Insgesamt,Schulen des zweiten Bildungsweges,547
2012/13,Insgesamt,Insgesamt,außerdem Schulkindergärten entspr.Vorbereitungskl.,-
2013/14,Insgesamt,Insgesamt,Grundschulen,-
2013/14,Insgesamt,Insgesamt,Schularten mit mehreren Bildungsgängen,16079
2013/14,Insgesamt,Insgesamt,Gymnasien,8784
2013/14,Insgesamt,Insgesamt,Förderschulen,1922
2013/14,Insgesamt,Insgesamt,Freie Waldorfschulen,102
2013/14,Insgesamt,Insgesamt,Gemeinschaftsschulen,-
2013/14,Insgesamt,Insgesamt,Integrierte Gesamtschulen,-
2013/14,Insgesamt,Insgesamt,Schulen des zweiten Bildungsweges,572
2013/14,Insgesamt,Insgesamt,außerdem Schulkindergärten entspr.Vorbereitungskl.,-
2014/15,Insgesamt,Insgesamt,Grundschulen,-
2014/15,Insgesamt,Insgesamt,Schularten mit mehreren Bildungsgängen,15987
2014/15,Insgesamt,Insgesamt,Gymnasien,10000
2014/15,Insgesamt,Insgesamt,Förderschulen,1875
2014/15,Insgesamt,Insgesamt,Freie Waldorfschulen,110
2014/15,Insgesamt,Insgesamt,Gemeinschaftsschulen,-
2014/15,Insgesamt,Insgesamt,Integrierte Gesamtschulen,-
2014/15,Insgesamt,Insgesamt,Schulen des zweiten Bildungsweges,491
2014/15,Insgesamt,Insgesamt,außerdem Schulkindergärten entspr.Vorbereitungskl.,-
2015/16,Insgesamt,Insgesamt,Grundschulen,-
2015/16,Insgesamt,Insgesamt,Schularten mit mehreren Bildungsgängen,17009
2015/16,Insgesamt,Insgesamt,Gymnasien,10501
2015/16,Insgesamt,Insgesamt,Förderschulen,2049
2015/16,Insgesamt,Insgesamt,Freie Waldorfschulen,119
2015/16,Insgesamt,Insgesamt,Gemeinschaftsschulen,-
2015/16,Insgesamt,Insgesamt,Integrierte Gesamtschulen,-
2015/16,Insgesamt,Insgesamt,Schulen des zweiten Bildungsweges,469
2015/16,Insgesamt,Insgesamt,außerdem Schulkindergärten entspr.Vorbereitungskl.,-
2016/17,Insgesamt,Insgesamt,Grundschulen,-
2016/17,Insgesamt,Insgesamt,Schularten mit mehreren Bildungsgängen,17715
2016/17,Insgesamt,Insgesamt,Gymnasien,10902
2016/17,Insgesamt,Insgesamt,Förderschulen,1906
2016/17,Insgesamt,Insgesamt,Freie Waldorfschulen,108
2016/17,Insgesamt,Insgesamt,Gemeinschaftsschulen,-
2016/17,Insgesamt,Insgesamt,Integrierte Gesamtschulen,-
2016/17,Insgesamt,Insgesamt,Schulen des zweiten Bildungsweges,398
2016/17,Insgesamt,Insgesamt,außerdem Schulkindergärten entspr.Vorbereitungskl.,-
2017/18,Insgesamt,Insgesamt,Grundschulen,-
2017/18,Insgesamt,Insgesamt,Schularten mit mehreren Bildungsgängen,17125
2017/18,Insgesamt,Insgesamt,Gymnasien,10731
2017/18,Insgesamt,Insgesamt,Förderschulen,1920
2017/18,Insgesamt,Insgesamt,Freie Waldorfschulen,118
2017/18,Insgesamt,Insgesamt,Gemeinschaftsschulen,-
2017/18,Insgesamt,Insgesamt,Integrierte Gesamtschulen,-
2017/18,Insgesamt,Insgesamt,Schulen des zweiten Bildungsweges,378
2017/18,Insgesamt,Insgesamt,außerdem Schulkindergärten entspr.Vorbereitungskl.,-
2018/19,Insgesamt,Insgesamt,Grundschulen,-
2018/19,Insgesamt,Insgesamt,Schularten mit mehreren Bildungsgängen,17708
2018/19,Insgesamt,Insgesamt,Gymnasien,11188
2018/19,Insgesamt,Insgesamt,Förderschulen,1925
2018/19,Insgesamt,Insgesamt,Freie Waldorfschulen,104
2018/19,Insgesamt,Insgesamt,Gemeinschaftsschulen,-
2018/19,Insgesamt,Insgesamt,Integrierte Gesamtschulen,-
2018/19,Insgesamt,Insgesamt,Schulen des zweiten Bildungsweges,379
2018/19,Insgesamt,Insgesamt,außerdem Schulkindergärten entspr.Vorbereitungskl.,-
2019/20,Insgesamt,Insgesamt,Grundschulen,-
2019/20,Insgesamt,Insgesamt,Schularten mit mehreren Bildungsgängen,18147
2019/20,Insgesamt,Insgesamt,Gymnasien,10616
2019/20,Insgesamt,Insgesamt,Förderschulen,1862
2019/20,Insgesamt,Insgesamt,Freie Waldorfschulen,104
2019/20,Insgesamt,Insgesamt,Gemeinschaftsschulen,-
2019/20,Insgesamt,Insgesamt,Integrierte Gesamtschulen,-
2019/20,Insgesamt,Insgesamt,Schulen des zweiten Bildungsweges,409
2019/20,Insgesamt,Insgesamt,außerdem Schulkindergärten entspr.Vorbereitungskl.,-
2020/21,Insgesamt,Insgesamt,Grundschulen,-
2020/21,Insgesamt,Insgesamt,Schularten mit mehreren Bildungsgängen,18458
2020/21,Insgesamt,Insgesamt,Gymnasien,10825
2020/21,Insgesamt,Insgesamt,Förderschulen,1915
2020/21,Insgesamt,Insgesamt,Freie Waldorfschulen,146
2020/21,Insgesamt,Insgesamt,Gemeinschaftsschulen,-
2020/21,Insgesamt,Insgesamt,Integrierte Gesamtschulen,-
2020/21,Insgesamt,Insgesamt,Schulen des zweiten Bildungsweges,447
2020/21,Insgesamt,Insgesamt,außerdem Schulkindergärten entspr.Vorbereitungskl.,-
2021/22,Insgesamt,Insgesamt,Grundschulen,-
2021/22,Insgesamt,Insgesamt,Schularten mit mehreren Bildungsgängen,18699
2021/22,Insgesamt,Insgesamt,Gymnasien,11360
2021/22,Insgesamt,Insgesamt,Förderschulen,1982
2021/22,Insgesamt,Insgesamt,Freie Waldorfschulen,128
2021/22,Insgesamt,Insgesamt,Gemeinschaftsschulen,-
2021/22,Insgesamt,Insgesamt,Integrierte Gesamtschulen,-
2021/22,Insgesamt,Insgesamt,Schulen des zweiten Bildungsweges,317
2021/22,Insgesamt,Insgesamt,außerdem Schulkindergärten entspr.Vorbereitungskl.,-
2022/23,Insgesamt,Insgesamt,Grundschulen,-
2022/23,Insgesamt,Insgesamt,Schularten mit mehreren Bildungsgängen,19016
2022/23,Insgesamt,Insgesamt,Gymnasien,10611
2022/23,Insgesamt,Insgesamt,Förderschulen,1987
2022/23,Insgesamt,Insgesamt,Freie Waldorfschulen,175
2022/23,Insgesamt,Insgesamt,Gemeinschaftsschulen,-
2022/23,Insgesamt,Insgesamt,Integrierte Gesamtschulen,35
2022/23,Insgesamt,Insgesamt,Schulen des zweiten Bildungsweges,421
2022/23,Insgesamt,Insgesamt,außerdem Schulkindergärten entspr.Vorbereitungskl.,-
2023/24,Insgesamt,Insgesamt,Grundschulen,-
2023/24,Insgesamt,Insgesamt,Schularten mit mehreren Bildungsgängen,20236
2023/24,Insgesamt,Insgesamt,Gymnasien,10833
2023/24,Insgesamt,Insgesamt,Förderschulen,2005
2023/24,Insgesamt,Insgesamt,Freie Waldorfschulen,151
2023/24,Insgesamt,Insgesamt,Gemeinschaftsschulen,-
2023/24,Insgesamt,Insgesamt,Integrierte Gesamtschulen,88
2023/24,Insgesamt,Insgesamt,Schulen des zweiten Bildungsweges,322
2023/24,Insgesamt,Insgesamt,außerdem Schulkindergärten entspr.Vorbereitungskl.,-
2024/25,Insgesamt,Insgesamt,Grundschulen,-
2024/25,Insgesamt,Insgesamt,Schularten mit mehreren Bildungsgängen,21290
2024/25,Insgesamt,Insgesamt,Gymnasien,11486
2024/25,Insgesamt,Insgesamt,Förderschulen,2020
2024/25,Insgesamt,Insgesamt,Freie Waldorfschulen,173
2024/25,Insgesamt,Insgesamt,Gemeinschaftsschulen,-
2024/25,Insgesamt,Insgesamt,Integrierte Gesamtschulen,-
2024/25,Insgesamt,Insgesamt,Schulen des zweiten Bildungsweges,355
2024/25,Insgesamt,Insgesamt,außerdem Schulkindergärten entspr.Vorbereitungskl.,-
